,"CN",,".CHINA",,,,,,,,
,"CN","ARS","Aershan","Aershan","NM","--3-----","AS","1401",,,
,"CN","AHK","Aheitubieke","Aheitubieke","XJ","--3-----","AS","1401",,"",""
,"CN","AID","Aidian","Aidian","GX","--3-----","AS","1601",,"2149N 10701E",""
,"CN","AKU","Aksu","Aksu","XJ","---4----","RL","1401",,"3840N 07540E",""
,"CN","AKL","Alatawshankou","Alatawshankou","XJ","-23---7-","AS","1601",,"4511N 08226E",""
,"CN","AAT","Altay","Altay","XJ","-234----","RL","2107",,"4752N 08807E",""
"=","CN","","Amoy = Xiamen Gaoqi International Apt","Amoy = Xiamen Gaoqi International Apt","",,"",,"","",""
,"CN","ANJ","Anji","Anji","ZJ","--3--6--","AS","2001",,"3038N 11940E",
,"CN","AKA","Ankang","Ankang","SN","-234----","RL","2107",,"",""
,"CN","ANN","Anning","Anning","YN","-23-----","RL","0607",,"2454N 10229E",
,"CN","ANP","Anping","Anping","LN","-2------","RL","1401",,"4109N 12305E",""
,"CN","APP","Anpu","Anpu","GD","1-------","RL","1401",,"2123N 10950E",""
,"CN","AQG","Anqing","Anqing","AH","123-----","AS","2107",,"3031N 11702E",""
,"CN","ANQ","Anqiu","Anqiu","SD","1-3-----","RL","0601",,"3625N 11911E",
,"CN","ASN","Anshan","Anshan","LN","-2------","AS","1601",,"4107N 12300E",""
,"CN","AOG","Anshan Teng'ao Apt","Anshan Teng'ao Apt","LN","---4-6--","RL","1401",,"4110N 12302E",""
,"CN","ANS","Anshun","Anshun","GZ","-23-----","RL","0501",,"2615N 10556E",
,"CN","ANT","Anting","Anting","SH","1----6--","RL","1107",,"3118N 12109E",
,"CN","ANX","Anxi,Quanzhou","Anxi,Quanzhou","FJ","-23--6--",,"2307",,"2504N 11812E",
,"CN","AYS","Anyang","Anyang","HA","-----6--","AS","1407",,,
,"CN","AJG","Aojiang Pt","Aojiang Pt","ZJ","1-------","AS","1401",,"2735N 12027E",""
,"CN","ASW","Aoshanwei","Aoshanwei","SD","1----6--","RQ","1001",,"3621N 12040E",
,"CN","ART","Arhaxat","Arhaxat","NM","--3-----","AS","1401",,"",""
,"CN","ASM","Asjman","Asjman","11","--3-----","RQ","0901",,"",
,"CN","BCO","Bacao","Bacao","GZ","1-------","RL","1401",,"2528N 10547E",""
,"CN","BDG","Badong","Badong","HB","1-------","RL","1401",,"3102N 11023E",""
,"CN","BGG","Bagong","Bagong","GZ","--3-----","RL","0607",,"2658N 10840E",
,"CN","BAH","Bahe","Bahe","HB","1-------","RL","1401",,"",""
,"CN","BCG","Baiceng","Baiceng","GZ","1-------","RL","1401",,"2526N 10548E",""
"|","CN","BAI","Baicheng","Baicheng","JL","-23-----","RL","2407",,"4537N 12250E","coordinates"
,"CN","BLO","Bailuo","Bailuo","HB","1-------","RL","1401",,"",""
,"CN","BMJ","Baimajing","Baimajing","HI","1-3-----","RL","1401",,"1942N 10913E",""
,"CN","IMA","Baimao","Baimao","SD","1-------","RL","1401",,"3501N 11836E",""
,"CN","BSE","Baise","Baise","GX","1-------","RL","1401",,"",""
"|","CN","BSH","Baishan","Baishan","JL","-23--6--","RL","2407",,"4156N 12625E","coordinates"
,"CN","BSI","Baishi","Baishi","HL","1-------","RL","1401",,"",""
,"CN","BYG","Baiyang","Baiyang","HB","1-------","RL","1401",,"3026N 11131E",""
,"CN","BYU","Baiyun","Baiyun","GD","--3-----","RL","1401",,"2515N 11404E",""
,"CN","BKT","Baketu","Baketu","XJ","--3-----","AS","1401",,"",""
,"CN","BLI","Bali","Bali","HB","1-------","RL","1401",,"",""
,"CN","BPX","Bangda","Bangda","XZ","---4----","RL","0907",,"3033N 09707E",
,"CN","BON","Bao'an","Bao'an","GD","--3-----","RL","0307",,"2455N 11223E",
,"CN","BDZ","Baoding","Baoding","HE","-----6--","AS","1401",,"3851N 11530E",
,"CN","BOJ","Baoji","Baoji","SN","-----6--","AS","1401",,"3422N 10709E",
,"CN","BQI","Baoqing","Baoqing","HL","-----6--","RL","1107",,"4619N 13212E",
,"CN","BAN","Baoshan","Baoshan","YN","--3-----","AS","1501",,"2507N 09909E",
,"CN","BSD","Baoshan Pt","Baoshan Pt","SH","1-------","AS","1601",,"3125N 12129E",""
,"CN","BOT","Baotou","Baotou","NM","-----6--","AS","1601",,"4039N 10949E",""
,"CN","BYI","Baoying","Baoying","32","--3-----","RL","0901",,"3313N 11918E",
,"CN","BSP","Basuo Pt","Basuo Pt","HI","1-------","AS","1407",,"1900N 10837E",""
,"CN","BAU","Baxu","Baxu","JS","1-------","RL","1401",,"",""
,"CN","BYA","Bayan","Bayan","HL","1-------","RL","1401",,"4605N 12724E",""
,"CN","BYO","Bayan Obo","Bayan Obo","NM","-2------","RL","1401",,"4146N 10958E",""
"|","CN","RLK","Bayannur","Bayannur","NM","-234-6--","AA","2407",,"4044N 10722E",""
,"CN","BSX","Bayin","Bayin","NM","-23-----","RL","1401",,"3633N 10412E",""
,"CN","BYQ","Bayuquan","Bayuquan","LN","1-------","AS","1407",,,
,"CN","BAZ","Bazhou","Bazhou","13","--3-----","RL","0901",,"3906N 11623E",
,"CN","BIC","Beicun","Beicun","GD","1-------","AS","1401",,,
,"CN","BHY","Beihai","Beihai","GX","-234----","AS","2107",,"2132N 10917E",""
,"CN","BIH","Beihai Pt","Beihai Pt","GX","1-------","AS","1601",,"2128N 10907E",""
,"CN","BJO","Beijiao","Beijiao","FJ","--3-----","RL","0907",,"2621N 11955E",""
,"CN","BIJ","Beijiao","Beijiao","GD","1-------","AS","1601",,"2255N 11312E",""
,"CN","BJS","Beijing","Beijing","BJ","-23456--","AS","1601",,"3955N 11624E",""
,"CN","BJZ","Beijing Railway Station","Beijing Railway Station","BJ","-2------","AS","1601",,,""
,"CN","PEK","Beijing Shoudu International Apt","Beijing Shoudu International Apt","BJ","---4----","AS","1601",,"",""
,"CN","BJD","Beijingdong Railway Station","Beijingdong Railway Station","BJ","-2------","AS","1601",,,""
,"CN","BJX","Beijingxi Railway Station","Beijingxi Railway Station","BJ","-2------","AS","1601",,"",""
,"CN","BLU","Beiliu","Beiliu","SX","--3-----","RL","0601",,"3529N 11233E",
,"CN","BEI","Beilun","Beilun","ZJ","1-3-----","RQ","0407",,"2956N 12153E",
,"CN","BLG","Beilun Pt","Beilun Pt","ZJ","1-------","AS","1407",,"",""
,"CN","SXB","Beitan","Beitan","GD","1-------","AS","1407",,"2122N 11015E",""
,"CN","BIY","Beiyao","Beiyao","GD","1-------","RL","1401",,"",""
,"CN","BZN","Beizhen","Beizhen","21","-----6--","RL","0901",,"4126N 12143E",
,"CN","BBU","Bengbu","Bengbu","AH","-----6--","AS","1401",,"3256N 11721E",
,"CN","BXS","Benxi","Benxi","LN","-----6--","AS","1407",,,
,"CN","PHB","Bijia","Bijia","GD","1-------","AS","1407",,"2237N 11451E",""
,"CN","BCA","Binchuan","Binchuan","YN","--3-----","RL","0607",,"2549N 10034E",
,"CN","BHX","Binhai","Binhai","JS","1-------","AS","1601",,"3343N 11937E",""
,"CN","BYN","Binyang","Binyang","FJ","123-----","RL","1401",,"2715N 12020E",""
,"CN","BIN","Binzhou","Binzhou","SD","--3-----","RL","9901",,,
,"CN","BOA","Boao","Boao","HI","1-------","RL","1401",,"",""
,"CN","BOB","Bobai","Bobai","45","--3-----","RL","0901",,"2216N 10958E",
,"CN","DBX","Bohe","Bohe","GD","1-------","AS","1407",,"2131N 11100E",""
,"CN","BOO","Boluo","Boluo","GD","-23-----","RL","0907",,"2310N 11416E",""
,"CN","BOS","Bose","Bose","45","--3-----","RL","0901",,"2353N 10636E",
,"CN","BXI","Boxing","Boxing","37","--3-----","RL","0901",,"3708N 11805E",
,"CN","BZG","Bozhong","Bozhong","TJ","1-----7-","AS","1401",,"3827N 11826E",
,"CN","BOZ","Bozhou","Bozhou","34","--3-----","RL","0901",,"3352N 11546E",
,"CN","BHE","Buhe","Buhe","HB","1-------","RL","1401",,"",""
,"CN","BUJ","Buji","Buji","GD","-23-----","RL","9805",,,
,"CN","BUR","Burang","Burang","XZ","--3-----","AS","1601",,,""
,"CN","BRJ","Burqin","Burqin","XJ","--3-----","RL","1401",,"4743N 08653E",""
,"CN","CYB","Caiyuanba","Caiyuanba","CQ","--3-----","RL","1401",,"",""
,"CN","CGN","Cangnan","Cangnan","ZJ","--3-----","RQ","1001",,"2730N 12023E",
,"CN","GSA","Cangshan","Cangshan","SD","1-3-----","RL","0601",,"3451N 11803E",
,"CN","CGW","Cangwu","Cangwu","GX","1-3-----","RL","1401",,"2329N 11119E",""
,"CN","CGX","Cangxi","Cangxi","51","--3-----","RL","0901",,"3143N 10555E",
,"CN","CGY","Cangyuan","Cangyuan","YN","--3-----","AS","1401",,"2310N 09913E",
,"CN","CZZ","Cangzhou","Cangzhou","HE","-----6--","AS","1401",,"3818N 11652E",
"=","CN","","Canton = Guangzhou Baiyun International Apt","Canton = Guangzhou Baiyun International Apt","",,"",,"","",""
,"CN","CFD","Caofeidian Pt","Caofeidian Pt","HE","1-------","AS","1401",,"3857N 11832E",""
,"CN","CJG","Caojing","Caojing","SH","1-3-----","RL","0401",,"3047N 12124E",
,"CN","CEK","Ceke","Ceke","NM","--3-----","AS","1401",,"4228N 10109E",
,"CN","CEX","Cenxi","Cenxi","45","--3-----","RL","0901",,"2254N 11049E",
,"CN","CAW","Chaiwan","Chaiwan","JS","--3-----","RL","0507",,"3228N 12033E",
,"CN","CHO","Chang on","Chang on","GD","0-------","RQ","9705",,,
,"CN","FKC","Changan","Changan","GD","-----6--","RQ","0907",,"2353N 11154E",
,"CN","CHN","Chang'an","Chang'an","SN","--3-----","RQ","9705",,,
,"CN","CGB","Changbai","Changbai","JL","--3-----","AS","1601",,"4126N 12821E",""
,"CN","CGP","Changbang","Changbang","SH","--3-----","RL","0907",,"3055N 12101E",""
,"CN","CGC","Changchun","Changchun","JL","-2-45---","AS","1601",,"4354N 12519E",""
,"CN","CGQ","Changchun Longjia International Apt","Changchun Longjia International Apt","JL","---4----","AS","1601",,,""
,"CN","CCD","Changchun Xinglong","Changchun Xinglong","JL","-23-56--","AS","2101",,,""
,"CN","CDO","Changdao","Changdao","SD","--3-----","RL","0207",,"3755N 12044E",
,"CN","CGD","Changde","Changde","HN","-----6--","AS","2001",,"2902N 11151E",""
,"CN","CDH","Changdianhekou","Changdianhekou","LN","1-------","AS","1401",,"4025N 12448E",
,"CN","CNI","Changhai Dachangshandao Apt","Changhai Dachangshandao Apt","LN","---4----","RL","1401",,"",""
,"CN","CAH","Changhua","Changhua","HI","1-------","RL","1401",,"",""
,"CN","CJS","Changji","Changji","XJ","--3--6--","AS","2001",,,""
"=","CN","","Changjiagang = Zhangjiagang","Changjiagang = Zhangjiagang","",,"",,"","",""
,"CN","CLZ","Changjiang Lizu Zizhixian","Changjiang Lizu Zizhixian","HI","--3-----","RL","1401",,"",""
,"CN","CGJ","Changjing","Changjing","JS","1-------","RL","1401",,"",""
,"CN","CHA","Changle","Changle","FJ","--3-----","RL","0207",,"2419N 11655E",
,"CN","CGI","Changliu","Changliu","HI","--3-----","RL","1401",,"2001N 11012E",""
,"CN","CPI","Changping","Changping","GD","-2------","AS","1601",,"2259N 11359E",""
,"CN","CNA","Changsha","Changsha","GD","--3--6--","RL","0507",,"2412N 11609E",
,"CN","CSH","Changsha","Changsha","HN","12-45---","AS","1701",,"2812N 11259E",""
,"CN","CSX","Changsha Huanghua International Apt","Changsha Huanghua International Apt","HN","---4----","AS","1601",,"",""
,"CN","CSD","Changshadibg Railway Station","Changshadibg Railway Station","HN","-2------","AS","1601",,,""
,"CN","CSO","Changshou","Changshou","CQ","1-------","RL","1401",,"",""
,"CN","CSJ","Changshou","Changshou","JS","1-------","RL","1401",,"",""
,"CN","CGS","Changshu Pt","Changshu Pt","JS","1-------","AS","1601",,"3139N 12043E",""
,"CN","CNT","Changtu","Changtu","21","-----6--","RL","0901",,"1246N 12406E",
,"CN","CIH","Changzhi","Changzhi","SX","---4----","RL","1401",,"3611N 11308E",""
,"CN","CZX","Changzhou","Changzhou","JS","1234----","AS","2107",,"3147N 11958E",""
,"CN","CON","Chaoan","Chaoan","GD","--3-----","RL","1401",,"",""
,"CN","CHU","Chaohu","Chaohu","AH","123-----","RL","0601",,"3136N 11751E",
,"CN","CTM","Chaotianmen","Chaotianmen","CQ","--3-----","RL","1401",,"",""
,"CN","CYN","Chaoyang","Chaoyang","LN","-234----","RL","1401",,"",""
,"CN","CHY","Chaoyang Pt","Chaoyang Pt","GD","1-------","AS","1601",,"2316N 11636E",""
,"CN","COZ","Chaozhou","Chaozhou","GD","123-----","AS","2107",,"2340N 11638E",""
"=","CN","","Chefoo = Yantai Laishan International Apt","Chefoo = Yantai Laishan International Apt","",,"",,"","",""
,"CN","CBG","Chen Barag","Chen Barag","NM","1-------","RL","1401",,"",""
,"CN","CUN","Chencun","Chencun","GD","1-3-----","RL","0601",,"2257N 11314E",
,"CN","CHE","Chengaogang","Chengaogang","FJ","1-------","AS","1407",,,""
,"CN","CHH","Chengcheng","Chengcheng","14","--3-----","RL","0901",,"3511N 10955E",
,"CN","CNG","Chengde","Chengde","HE","123-----","RL","0907",,"4058N 11756E",""
,"CN","CDU","Chengdu","Chengdu","SC","-2-45---","AS","1601",,"3040N 10404E",""
,"CN","CDZ","Chengdu Railway Station","Chengdu Railway Station","SC","-2------","AS","1601",,,""
,"CN","CTU","Chengdu Shuangliu International Apt","Chengdu Shuangliu International Apt","SC","---4----","AS","1601",,,""
,"CN","CHG","Chenghai","Chenghai","GD","--3-----","RQ","9705",,,
,"CN","CJI","Chengjiang","Chengjiang","JS","1-------","RL","1401",,"",""
,"CN","CLJ","Chenglingji Pt","Chenglingji Pt","HN","1-------","AS","1407",,"2926N 11309E",""
,"CN","CHX","Chengxi","Chengxi","SH","1-------","RL","1401",,"3155N 12014E",""
,"CN","CIG","Chenjiagang","Chenjiagang","JS","1-------","RL","1401",,"",""
,"CN","CJN","Chenjian","Chenjian","44","--3-----","RQ","0901",,"",
,"CN","CJP","Chenjiaping","Chenjiaping","CQ","--3-----","RL","1401",,"",""
"|","CN","CNZ","Chenzhou","Chenzhou","HN","--3-----","AS","2407",,"2547N 11301E",""
,"CN","CBI","Chibi","Chibi","HB","1-------","RL","1401",,"",""
,"CN","CFS","Chifeng","Chifeng","NM","-----6--","AS","1407",,,
,"CN","CKA","Chikan","Chikan","GD","-23--6--","RL","0607",,"2116N 11020E",
"=","CN","","Chinkiang = Zhenjiang","Chinkiang = Zhenjiang","",,"",,"","",""
,"CN","CWN","Chiwan Pt","Chiwan Pt","GD","1-------","AS","1601",,"2229N 11353E",""
,"CN","CHI","Chizhou","Chizhou","AH","123-----","AS","2107",,"3039N 11728E",""
,"CN","CGM","Chongming","Chongming","SH","1-------","AS","1401",,"3138N 12124E",
,"CN","CQI","Chongqing","Chongqing","CQ","12-45---","AS","1601",,"2935N 10633E",""
,"CN","CKG","Chongqing Jiangbei International Apt","Chongqing Jiangbei International Apt","CQ","---4----","AS","1601",,"",""
,"CN","CHQ","Chongqing Pt","Chongqing Pt","CQ","1-------","AS","1401",,,
,"CN","CQD","Chongqingdong Railway Station","Chongqingdong Railway Station","CQ","-2------","AS","1601",,,""
,"CN","QZC","Chongwu","Chongwu","FJ","1-------","AS","1407",,,""
,"CN","CXN","Chongxing","Chongxing","HI","--3-----","RL","1401",,"1924N 11036E",""
,"CN","CGH","Chongzhou","Chongzhou","SC","--3-----","RQ","0907",,"3043N 10333E",
,"CN","CGZ","Chongzuo","Chongzuo","GX","1-------","RL","1401",,"",""
,"CN","CHS","Chuanshan","Chuanshan","ZJ","1-------","RL","1401",,"",""
,"CN","CUM","Chumen","Chumen","ZJ","1-3-----","RL","1401",,,""
,"CN","UNA","Chunan","Chunan","33","--3-----","RL","0901",,"2936N 11902E",
,"CN","CUA","Chunhua","Chunhua","SN","--3-----","RQ","0907",,"3448N 10834E",
,"CN","CXI","Chuxiong","Chuxiong","YN","--3-----","RL","1401",,"2502N 10132E",""
,"CN","CHZ","Chuzhou","Chuzhou","AH","123-----","RL","0507",,"3219N 11817E",
,"CN","CUZ","Chuzhuangsi","Chuzhuangsi","AH","--3-----","RL","0201",,"3352N 11702E",
,"CN","CCH","Cicheng","Cicheng","ZJ","--3-----","RL","1401",,"2959N 12127E",""
,"CN","CIV","Civet / Guandong","Civet / Guandong","GD","1----6--","RQ","1001",,"2216N 11304E",
,"CN","CIX","Cixi","Cixi","ZJ","1-3--6--","RL","0407",,"3010N 12114E",
,"CN","CNH","Conghua","Conghua","GD","--3-----","RL","1401",,,""
,"CN","CJA","Congjiang","Congjiang","GZ","1-------","RL","1401",,"",""
,"CN","CTN","Cuntan","Cuntan","CQ","--3-----","RL","1107",,"2937N 10637E",
,"CN","DCB","DA CHAN BAY","DA CHAN BAY","GD","1----6--","RL","1701",,"2232N 11352E",""
,"CN","DAN","Daan","Daan","JL","1-------","AS","1401",,"4357N 12951E",""
,"CN","DCH","Dachang","Dachang","13","--3-----","RL","0901",,"3952N 11658E",
,"CN","DDD","Dadeng I.","Dadeng I.","FJ","1-------","AS","1401",,"2432N 11819E",
,"CN","DIZ","Dadingzi","Dadingzi","HL","1-------","RL","1401",,"",""
,"CN","DDK","Dadukou","Dadukou","AH","1-------","RL","1401",,"",""
,"CN","DFG","Dafeng","Dafeng","JS","123-----","AS","2107",,"3311N 12028E",""
,"CN","AGG","Dagang","Dagang","GD","--3-----","RQ","0907",,"2248N 11324E",
,"CN","DAA","Dagang","Dagang","JS","1-3-----","RL","9901",,,
,"CN","DHP","Dahuangpu","Dahuangpu","GD","1-------","RL","1401",,"",""
"=","CN","","Dairen = Dalian Zhoushuizi International Apt","Dairen = Dalian Zhoushuizi International Apt","",,"",,"","",""
,"CN","DJI","Dajing","Dajing","ZJ","1-------","RL","1401",,"",""
,"CN","DLG","Dalang","Dalang","GD","--3-----","RL","0601",,"2426N 11230E",
,"CN","ALI","Dali","Dali","GD","--3-----","RL","0607",,"2307N 11305E",
,"CN","DLU","Dali","Dali","YN","-234----","RL","2107",,"",""
,"CN","DAL","Dalian","Dalian","LN","12-45---","AS","2007",,"3855N 12136E",""
,"CN","DAG","Dalian Pt","Dalian Pt","LN","1-------","AS","1601",,"",""
,"CN","DLC","Dalian Zhoushuizi International Apt","Dalian Zhoushuizi International Apt","LN","---4----","AS","1601",,,""
,"CN","DLN","Dalingshan","Dalingshan","GD","--3-----","RL","0212",,"2253N 11349E",
,"CN","DLD","Dalu Island","Dalu Island","LN","1-------","AS","1601",,"3944N 12343E",""
,"CN","DLO","Daluo","Daluo","YN","--3-----","AS","1401",,"2140N 10003E",""
"|","CN","DMY","Damaiyu","Damaiyu","ZJ","1-------","AS","2407",,"2805N 12109E","coordinates"
,"CN","DDG","Dandong","Dandong","LN","1234----","AS","2107",,,"a.k.a Donggang"
,"CN","DDZ","Dandong","Dandong","LN","123----B","AS","1601",,"4008N 12422E",""
,"CN","DNS","Danshui","Danshui","GD","--3-----","RL","9705",,,
,"CN","FZL","Dantou","Dantou","FJ","1-------","AS","1407",,,""
,"CN","DNT","Dantu","Dantu","JS","1-------","RL","1401",,"",""
,"CN","DNY","Danyang","Danyang","JS","--3-----","RQ","1007",,"3200N 11934E",
,"CN","DNZ","Danzao","Danzao","GD","--3-----","RL","9901",,,
,"CN","DZM","Danzhimatou","Danzhimatou","LN","1-------","AS","1401",,,
,"CN","DHU","Danzhou","Danzhou","GX","123--6--","RL","0601",,"2522N 10926E",
,"CN","DZO","Danzhou","Danzhou","HI","--3-----","RL","1401",,"1934N 10924E",""
,"CN","DJO","Daojiao","Daojiao","GD","1-3-----","RL","0601",,,
,"CN","DPG","Dapeng","Dapeng","GD","1-3-----","RL","0601",,"2236N 11430E",
,"CN","DQD","Daqindao","Daqindao","SD","1-------","RL","1401",,"",""
,"CN","DQG","Daqing","Daqing","HL","-2------","AS","1601",,"4636N 12501E",""
,"CN","DST","Dasha","Dasha","GD","--3-----","RL","1401",,"2306N 11327E",""
,"CN","DSA","Dasha","Dasha","HB","1-------","RL","1401",,"",""
,"CN","DAS","Dashihuagang","Dashihuagang","21","1-------","RL","0901",,"3854N 12136E",
,"CN","DSO","Dasong","Dasong","ZJ","1-------","RL","1401",,"",""
,"CN","DTZ","Dataizi","Dataizi","LN","1-------","AS","1401",,,
,"CN","DTG","Datian","Datian","FJ","--3-----","RL","9901",,,
,"CN","DAT","Datong","Datong","SX","-----6--","AS","1601",,"4006N 11317E",""
,"CN","DAW","Dawa","Dawa","21","-----6--","RL","0901",,"4059N 12204E",
,"CN","DWN","Dawan","Dawan","SD","1-------","RL","1401",,"",""
,"CN","DWA","Dawang","Dawang","44","--3-----","RL","0901",,"2245N 11129E",
,"CN","DKO","Dawukou","Dawukou","NX","--3-----","RL","1107",,"3920N 10623E",
,"CN","DAX","Daxie Pt","Daxie Pt","ZJ","1-------","AS","1601",,"2953N 12157E",""
,"CN","PKX","Daxing","Daxing","BJ","---4-6--","AS","2001",,"3930N 11625E",
,"CN","DXU","Daxu","Daxu","GX","1-------","RL","1401",,"",""
,"CN","DYW","Dayaowan","Dayaowan","LN","1-------","AS","1407",,,
,"CN","DAY","Dayawan","Dayawan","GD","1-------","AS","1601",,"2240N 11440E",""
,"CN","DYI","Dayi","Dayi","JS","1-------","RL","1401",,"",""
,"CN","DAZ","Daze","Daze","GD","--3--6--","RL","0501",,"2231N 11258E",
,"CN","DZY","Dazhaoying","Dazhaoying","HK","--3--6--","RL","0901",,"3516N 11346E",
,"CN","DZU","Dazu","Dazu","SC","---4----","RL","1401",,"",""
,"CN","DEF","Defeng","Defeng","GZ","1-3-----","RL","0601",,"2613N 10907E",
,"CN","LUM","Dehong Mangshi","Dehong Mangshi","YN","-234----","RL","2107",,"",""
,"CN","DEA","Dehua","Dehua","35","-----6--","RL","0901",,"2523N 11756E",
,"CN","DHA","Dehua","Dehua","GZ","--3-----","RL","0601",,"2628N 10844E",
,"CN","DEH","Dehui","Dehui","22","-----6--","RL","0901",,"4432N 12542E",
,"CN","DEN","Dengta","Dengta","21","--3-----","RL","0901",,"4125N 12319E",
,"CN","DEI","Deqing","Deqing","33","--3-----","RL","0901",,"3032N 12004E",
,"CN","DEQ","Deqing","Deqing","GD","--3-----","RL","0207",,"2309N 11145E",
,"CN","DEX","Dexing","Dexing","JX","--3-----","RQ","0907",,"2854N 11734E",
,"CN","DEY","Deyang","Deyang","SC","-23-----","RL","0407",,"3108N 10424E",
,"CN","DZS","Dezhou","Dezhou","HE","-----6--","AS","1407",,,
,"CN","DEZ","Dezhou","Dezhou","SD","1-3-----","RL","0507",,"3726N 11617E",
,"CN","DBI","Dianbai","Dianbai","GD","--3-----","RL","1401",,"2128N 11105E",""
,"CN","DDP","Didu","Didu","GD","1-------","AS","1401",,"",""
,"CN","DIA","Digang","Digang","AH","1-------","RL","1401",,"",""
,"CN","DGA","Dingan","Dingan","HI","--3-----","RL","1401",,"1946N 11022E",""
,"CN","DCE","Dingcheng","Dingcheng","HI","--3-----","RL","1401",,"1941N 11019E",""
,"CN","DGH","Dinghu","Dinghu","44","--3-----","RL","0901",,"2309N 11233E",
,"CN","DGX","Dingxi","Dingxi","GS","-----6--","RL","1107",,"3534N 10437E",
,"CN","DIG","Diqing  Shangri-La","Diqing  Shangri-La","YN","-234----","RL","2107",,"",""
,"CN","DBG","Dongbang","Dongbang","JS","1-------","RL","1401",,"",""
,"CN","DCN","Dongchen","Dongchen","44","--3-----","RQ","0901",,"",
,"CN","DDW","Dongdaiwan","Dongdaiwan","FJ","1-------","AS","1401",,"2614N 11937E",
,"CN","DFA","Dongfang","Dongfang","HI","123-----","RL","1401",,"1903N 10856E",""
,"CN","DFN","Dongfeng","Dongfeng","SD","12------","RL","1401",,"",""
,"CN","DGN","Donggang","Donggang","TJ","1-------","AS","1601",,"3953N 12408E",""
,"CN","DGU","Donggu","Donggu","FJ","1-------","AS","1401",,,
,"CN","DGG","Dongguan","Dongguan","GD","123-----","AS","2107",,"2302N 11345E",""
,"CN","DGO","Dongguo","Dongguo","44","-----6--","RL","0901",,"2040N 11010E",
,"CN","DNG","Donghai","Donghai","GD","1-3--6--","RL","0407",,"2257N 11538E",
,"CN","DOH","Donghu","Donghu","GD","--3-----","RL","1401",,"",""
,"CN","DJA","Dongjiakou","Dongjiakou","SD","1-3-----","AA","2201",,"3536N 11946E",
,"CN","DJG","Dongjiang Port Area","Dongjiang Port Area","TJ","1-------","AS","1601",,"",""
"|","CN","DJK","Dongjiangkou","Dongjiangkou","GD","12------","AS","2407",,"3535N 11947E",""
,"CN","DJT","Dongjiaotou Pt","Dongjiaotou Pt","GD","1-------","AS","1601",,"2020N 11025E",""
,"CN","DKG","Dongkeng","Dongkeng","JX","--3-----","RL","0907",,"2737N 11412E",""
,"CN","DGL","Dongli ,Tianjing","Dongli ,Tianjing","TJ","--3--6--","AA","2301",,"3905N 11718E",
,"CN","DOP","Donglian Port","Donglian Port","GD","1-------","RQ","1007",,"2275N 11461E",
,"CN","DLI","Dongliu","Dongliu","AH","1-------","RL","1401",,"",""
,"CN","DOM","Dongming","Dongming","37","--3-----","RL","0901",,"3517N 11505E",
,"CN","DON","Dongning","Dongning","HL","--3-----","AS","1601",,"4403N 13107E",""
,"CN","DGP","Dongping","Dongping","GD","1-------","AS","1401",,"2143N 11213E",
,"CN","DSN","Dongshan Pt","Dongshan Pt","FJ","1-------","AS","1407",,,""
,"CN","DSI","Dongshi","Dongshi","42","1-------","AS","0901",,"",
,"CN","DSH","Dongshi","Dongshi","FJ","1-------","AS","1601","","2440N 11828E",""
,"CN","DSB","Dongsunba","Dongsunba","CQ","1-------","RL","1401",,"",""
,"CN","DGT","Dongtai","Dongtai","JS","--3-----","RL","2007",,"3250N 12018E",""
,"CN","DOX","Dongxing","Dongxing","GX","1-3----B","AS","1407",,"2129N 10759E",""
,"CN","DYA","Dongyang","Dongyang","33","--3-----","RL","0901",,"2916N 12013E",
,"CN","DYN","Dongying","Dongying","SD","123-----","AS","2107",,"3725N 11841E",""
,"CN","DOZ","Dongzhang","Dongzhang","JS","1-------","RL","1401",,"",""
,"CN","DHD","Douhudi","Douhudi","HB","1-------","RL","1401",,"",""
,"CN","DOU","Doumen Pt","Doumen Pt","GD","1-------","AS","1601",,"2212N 11317E",""
,"CN","DCG","Ducheng","Ducheng","HB","1-------","RL","1401",,"",""
,"CN","DLT","Dulata","Dulata","XJ","--3-----","AS","0901",,"",
,"CN","DUL","Dulong","Dulong","YN","--3--6--","AS","2001",,"2247N 10430E",
"|","CN","DNH","Dunhuang","Dunhuang","GS","-234----","RL","2407",,"4009N 09440E",""
,"CN","DUR","Duruan Town","Duruan Town","GD","--3-----","RL","1401","","",""
,"CN","DSZ","Dushanzi","Dushanzi","XJ","-----6--","RL","0901",,"4420N 08451E",
,"CN","EBD","Ebuduge","Ebuduge","NM","--3-----","AS","1401",,,
,"CN","ECG","Echeng","Echeng","HB","1-------","RL","1401",,"",""
,"CN","ESN","Enshi","Enshi","HB","-----6--","AS","1801",,"3017N 10929E",
,"CN","ENH","Enshi Xujiaping Apt","Enshi Xujiaping Apt","HB","---4----","RL","1401",,"",""
,"CN","EBA","Erba","Erba","AH","1-------","RL","1401",,"",""
,"CN","RLC","Erenhot","Erenhot","NM","-2--5---","RL","1401",,,""
,"CN","EGN","Ergun","Ergun","NM","1-3--6--","RL","1401",,"",""
,"CN","ERC","Erlianhaote","Erlianhaote","NM","-23-----","AS","1401",,"4338N 11158E",
,"CN","ETK","Ertaokou","Ertaokou","HB","1-------","RL","1401",,"",""
,"CN","EZH","Ezhou","Ezhou","HB","123-----","RL","0601",,"3024N 11449E",
,"CN","FKU","Faku","Faku","21","-----6--","RL","0901",,"4230N 12324E",
,"CN","FAN","Fangcheng Pt","Fangcheng Pt","GX","1-------","AS","1601",,"2146N 10821E",""
,"CN","FCN","Fangcun","Fangcun","44","--3-----","RL","0901",,"2306N 11327E",
,"CN","FAS","Fangshan","Fangshan","11","--3-----","RL","0901",,"3941N 11559E",
,"CN","FAX","Fangxianzhen","Fangxianzhen","32","--3-----","RL","0901",,"3230N 11922E",
,"CN","FEC","Feicheng","Feicheng","37","--3-----","RL","0901",,"3614N 11645E",
,"CN","FCH","Fengcheng","Fengcheng","SD","1-------","AS","1401",,"3642N 12114E",""
,"CN","FDU","Fengdu","Fengdu","CQ","1-------","RL","1401",,"",""
,"CN","FEN","Fenggang","Fenggang","GD","--3-----","RL","9805",,,
,"CN","FGG","Fengguang","Fengguang","JL","--3-----","RL","0907",,"4414N 12638E",""
"+","CN","FEH","Fenghua","Fenghua","ZJ","12------","AA","2407",,"2939N 12124E",
,"CN","FJE","Fengjie","Fengjie","CQ","1-------","RL","1401",,"",""
,"CN","FKI","Fengkai","Fengkai","GD","1-3-----","RL","1401",,"2303N 11227E",""
,"CN","FGX","Fengxian","Fengxian","SH","--3--6--","AS","1407",,"3055N 12127E",""
"=","CN","","Foochow = Fuzhou Changle International Apt","Foochow = Fuzhou Changle International Apt","",,"",,"","",""
,"CN","FOS","Foshan","Foshan","GD","-23-----","AS","2107",,"2302N 11306E",""
,"CN","FUO","Foshan Apt","Foshan Apt","GD","---4----","RL","1401",,"",""
,"CN","FRT","Foshan New Pt","Foshan New Pt","GD","1-------","RL","1401",,,""
,"CN","FUC","Fucheng","Fucheng","GD","1-------","RL","1401",,"",""
,"CN","FAG","Fugang","Fugang","GD","1-------","RL","1401",,"",""
,"CN","FUJ","Fujin","Fujin","HL","1-------","AS","1401",,"4715N 13202E",""
,"CN","FKA","Fukang","Fukang","XJ","--3-----","RL","1707",,"4408N 08756E",""
,"CN","FLG","Fuling","Fuling","CQ","1-3-----","RL","0601",,"2942N 10720E",
,"CN","FPG","Fuping","Fuping","14","--3-----","RL","0901",,"3430N 10930E",
,"CN","FQG","Fuqing","Fuqing","35","--3-----","RL","0901",,"2543N 11922E",
,"CN","FUQ","Fuquan","Fuquan","GZ","--3-----",,"1907",,"2642N 10733E",
,"CN","FSA","Fushan","Fushan","JS","1-------","RL","1401",,"",""
,"CN","FSN","Fushun","Fushun","LN","-----6--","AS","1601",,"4151N 12354E",""
,"CN","FSI","Fusui","Fusui","GX","1-------","RL","1401",,"",""
,"CN","FUT","Futian","Futian","GD","--3-----","AS","1401",,"2229N 11414E",""
,"CN","FWN","Fuwan","Fuwan","GD","1-------","RL","1401",,"",""
,"CN","FUX","Fuxin","Fuxin","LN","--3-----","RL","9901",,,
,"CN","FXG","Fuxing","Fuxing","AH","1-------","RL","1401",,"",""
,"CN","FUN","Fuyang","Fuyang","33","--3-----","RL","0901",,"3003N 11957E",
,"CN","FYS","Fuyang","Fuyang","AH","-----6--","AS","1407",,,
,"CN","FYX","Fuyang Xiguan Apt","Fuyang Xiguan Apt","AH","---4----","RL","1401",,"",""
,"CN","FNG","Fuyong","Fuyong","GD","1-3-----","RL","0207",,"2239N 11347E",
,"CN","FYG","Fuyong","Fuyong","YN","--3-----","RL","0907",,"2253N 09948E",""
,"CN","FUY","Fuyuan","Fuyuan","HL","1-------","AS","1601",,"4821N 13418E",""
,"CN","FYN","Fuyun","Fuyun","XJ","---4----","RL","1401",,"4702N 08929E",""
,"CN","FZH","Fuzhou","Fuzhou","FJ","1--45---","AS","1401",,"2605N 11918E",
,"CN","ZZU","Fuzhou","Fuzhou","FJ","123-----","AS","2107",,"2431N 11739E",""
,"CN","FUZ","Fuzhou","Fuzhou","JX","----56--","AS","1801",,"2810N 11620E",
,"CN","FOC","Fuzhou Changle International Apt","Fuzhou Changle International Apt","FJ","---4----","AS","1601",,"",""
,"CN","FZG","Fuzhou Pt","Fuzhou Pt","FJ","1-------","AS","1401",,"",""
,"CN","FZX","Fuzhouxingang","Fuzhouxingang","FJ","1-------","AS","1407",,,
,"CN","GAI","Gaizhou","Gaizhou","21","--3-----","RL","0901",,"4023N 12227E",
,"CN","GAL","Galolan","Galolan","JX","--3-----","RL","0201",,"2803N 11442E",
,"CN","GUL","Gangluan","Gangluan","SD","1-------","RL","1401",,"",""
,"CN","GQD","Ganqmod","Ganqmod","NM","--3-----","AS","9506",,,
,"CN","GZH","Ganzhou","Ganzhou","JX","-23--6--","AS","2007",,"2852N 11456E",""
,"CN","KOW","Ganzhou Huangjin Apt","Ganzhou Huangjin Apt","JX","---4----","RL","1401",,"",""
,"CN","GBU","Gaobu","Gaobu","GD","--3-----","RL","0607",,"2309N 11555E",
,"CN","GOC","Gaochun","Gaochun","32","--3-----","RL","0901",,"3119N 11852E",
,"CN","GAO","Gaogang","Gaogang","JS","1-------","AS","1401",,"3218N 11951E",""
,"CN","GON","Gaolan","Gaolan","GD","1-3-----","RL","1401",,"2155N 11315E",""
,"CN","GLN","Gaolan","Gaolan","GS","123-----","RL","0601",,"3619N 10356E",
,"CN","GLA","Gaolan","Gaolan","JX","-----6--","RQ","1001",,"2534N 11536E",
,"CN","GLG","Gaoleng","Gaoleng","HL","1-------","RL","1401",,"",""
,"CN","GMI","Gaomi","Gaomi","37","-----6--","RL","0901",,"3623N 11945E",
,"CN","GOM","Gaoming Pt","Gaoming Pt","GD","1-------","AS","1601",,"2253N 11250E",""
,"CN","GSH","Gaosha","Gaosha","GD","1-------","AS","1401",,"",""
,"CN","GTG","Gaotang","Gaotang","SD","--3-----","RL","0601",,"3651N 11614E",
,"CN","GAY","Gaoyao","Gaoyao","GD","--3-----","RL","9805",,,
,"CN","GYU","Gaoyou","Gaoyou","JS","--3-----","RL","1401",,"3247N 11925E",""
,"CN","GXC","Gaozhou","Gaozhou","35","-----6--","RL","0901",,"2537N 11746E",
,"CN","GDI","Gedian","Gedian","HB","1-------","RL","1401",,"",""
,"CN","GOQ","Golmud","Golmud","QH","---4----","RL","1401",,"3438N 09852E",""
,"CN","GGN","Gongan","Gongan","HB","1-------","RL","1401",,"",""
,"CN","GBP","Gongbei","Gongbei","GD","--3-5---","AS","1601",,"2213N 11333E",""
,"CN","GGU","Gongguan","Gongguan","GX","1-------","RL","1401",,"",""
,"CN","GGK","Gongkou","Gongkou","FJ","1-------","AS","1401",,"2338N 11714E",
,"CN","GLU","Gonglu","Gonglu","31","--3-----","RL","0901",,"3115N 12140E",
,"CN","GOG","Gongming","Gongming","GD","1-3-----","RL","0507",,"2247N 11352E",
,"CN","TSG","Gongyi","Gongyi","GD","1-------","AS","1407",,"2215N 11248E",""
,"CN","GBZ","Goubangzi","Goubangzi","21","-----6--","RL","0901",,"4121N 12146E",
,"CN","GAN","Gu'an","Gu'an","HE","--3-----","RL","1401",,"3925N 11617E",""
,"CN","GBG","Guanbu Pt","Guanbu Pt","GD","1-------","AS","1401",,,
,"CN","GCH","Guancheng","Guancheng","GD","1-------","AS","1601",,"",""
,"CN","GDU","Guandu","Guandu","GD","--3-----","RL","1401",,"2123N 11026E",""
"|","CN","GNA","Guang'ao","Guang'ao","GD","1-3-----","RL","2407",,"2314N 11646E",""
,"CN","GBT","Guangbaotong","Guangbaotong","GD","1-------","RL","1401",,,""
,"CN","GUT","Guangdong Terminal","Guangdong Terminal","GD","1-------","RQ","1007",,"2234N 11426E",
,"CN","GFU","Guangfu","Guangfu","GD","--3-----","RL","1401",,"",""
,"CN","GHI","Guanghai Pt","Guanghai Pt","GD","1-------","AS","1407",,"2158N 11248E",""
,"CN","GHN","Guanghan","Guanghan","SC","---4----","RL","1401",,"3028N 10639E",""
,"CN","LHK","Guanghua","Guanghua","HB","---4----","RL","1401",,"",""
,"CN","GLI","Guangli","Guangli","GD","1-------","RL","1401",,"",""
,"CN","GNG","Guangning","Guangning","GD","1-------","RL","1401",,"",""
,"CN","GNI","Guangning","Guangning","LN","1-------","RL","1401",,"",""
,"CN","YCU","Guangong Apt/Yuncheng","Guangong Apt/Yuncheng","SX","--34----","RL","2201",,"3501N 11100E",""
,"CN","GRO","Guangrao","Guangrao","SD","--3-----","RL","1401",,"3704N 11822E",""
,"CN","GGS","Guangshui","Guangshui","42","--3-----","RL","0901",,"3136N 11348E",
,"CN","GYS","Guangyuan","Guangyuan","SC","-234-6--","RL","2307",,"",""
,"CN","GGZ","Guangzhou","Guangzhou","GD","12345---","AS","1401",,"2308N 11314E",
,"CN","CAN","Guangzhou Baiyun International Apt","Guangzhou Baiyun International Apt","GD","---4----","AS","1601",,,""
"|","CN","GZG","Guangzhou Pt","Guangzhou Pt","GD","1-------","AS","2407",,"2308N 11314E",""
,"CN","GZC","Guangzhouchuanchang","Guangzhouchuanchang","GD","1-------","AS","1401",,,
,"CN","GUZ","Guangzhoudong Railway Station","Guangzhoudong Railway Station","GD","-2------","AS","1601",,"",""
,"CN","GUN","Guanlan","Guanlan","GD","--3-----","RL","0001",,,
,"CN","GNL","Guanlin","Guanlin","HA","--3-----","RL","0607",,"3436N 11228E",
,"CN","GNY","Guanyao","Guanyao","GD","--3-----","RL","1401",,,""
,"CN","GYO","Guanyao","Guanyao","HB","1-------","RL","1401",,"",""
,"CN","GCL","Guchengli","Guchengli","22","--3-----","AS","0901",,"",
,"CN","CZH","Gud","Gud","45","--3-----","RL","0901",,"2418N 10923E",
,"CN","GCG","Guicheng","Guicheng","GD","--3-----","RL","1401",,"",""
,"CN","GCE","Guicheng","Guicheng","GX","-23--6--","RL","0507",,"2305N 10936E",
,"CN","GUG","Guigang","Guigang","GX","1-------","AS","1401",,"2306N 10936E",""
,"CN","GUI","Guilin","Guilin","GX","123-----","RL","1701",,"2516N 11017E",
,"CN","KWL","Guilin Liangjiang International Apt","Guilin Liangjiang International Apt","GX","---4----","AS","1401",,,""
,"CN","GYG","Guilinyang","Guilinyang","HI","--3-----","RL","1401",,"1958N 11025E",""
,"CN","GPG","Guiping","Guiping","GX","1-------","RL","1401",,"",""
,"CN","GIS","Guishan","Guishan","GD","1-------","AS","1401",,"2208N 11349E",
,"CN","GTI","Guitai","Guitai","45","--3-----","RL","0901",,"2210N 10819E",
,"CN","GXI","Guixi","Guixi","JX","-2------","RL","1401",,"",""
,"CN","GYA","Guiyang","Guiyang","GZ","-2-45---","AS","1401",,"2635N 10642E",
,"CN","KWE","Guiyang Longdongbao International Apt","Guiyang Longdongbao International Apt","GZ","---4----","AS","1601",,,""
,"CN","GZU","Guizhou","Guizhou","GD","--3-----","RL","0207",,"2245N 11314E",
,"CN","GJG","Gujing","Gujing","GD","--3-----","RL","0601",,"2221N 11306E",
,"CN","GLE","Gulei","Gulei","FJ","-----6--","RL","1107",,"2343N 11735E",
,"CN","GZE","Guzhen","Guzhen","GD","1-3--6--","RL","0607",,"2236N 11310E",
,"CN","GIR","Gyirong","Gyirong","XZ","--3-----","AS","1601",,,""
,"CN","XWH","Haian","Haian","GD","1-------","AS","1407",,,""
,"CN","HAA","Hai'an","Hai'an","JS","--3-----","AA","2207",,"3232N 12027E",
,"CN","XMH","Haicang, Xiamen","Haicang, Xiamen","FJ","1----6--","RL","2207",,"",""
,"CN","HAG","Haicheng","Haicheng","LN","--3-----","RL","9901",,,
,"CN","HDN","Haidian","Haidian","HI","1-------","RL","1401",,"",""
,"CN","HGN","Haigeng","Haigeng","AH","1-------","RL","1401",,"",""
,"CN","HKN","Haikang","Haikang","GD","--3-----","RL","1401",,"2041N 10946E",""
,"CN","HKO","Haikou","Haikou","HI","1--45---","AS","1401",,"2002N 11020E",
,"CN","HAK","Haikou Meilan International Apt","Haikou Meilan International Apt","HI","---4----","AS","1601",,,""
,"CN","HXG","Haikou New Pt","Haikou New Pt","HI","1-------","AS","1407",,"2015N 10850E",""
,"CN","HIG","Haikou Pt","Haikou Pt","HI","1-------","AS","1401",,"2002N 11010E",
,"CN","CYH","Haimen","Haimen","GD","1-------","AS","1407",,"",""
,"CN","HME","Haimen","Haimen","ZJ","1-------","RL","1707",,"2840N 12126E",
,"CN","HIM","Haimiao","Haimiao","SD","1-------","RL","1401",,"",""
,"CN","HIN","Haining","Haining","ZJ","--3-----","RL","0401",,"3031N 12041E",
,"CN","HAT","Haitang/Shekou","Haitang/Shekou","GD","--3-----","RL","1401",,"",""
,"CN","HHT","Haitian Terminal/ Xiamen","Haitian Terminal/ Xiamen","FJ","1-3--6--","RQ","0907",,"2706N 12018E",
,"CN","HTO","Haitou","Haitou","JS","1-------","RL","1401",,"",""
,"CN","HIY","Haiyan","Haiyan","ZJ","--3-----","RQ","1007",,"3031N 12056E",
,"CN","HAY","Haiyang","Haiyang","32","--3-----","RL","0901",,"2803N 12057E",
,"CN","HAD","Haiyang","Haiyang","37","--3--6--","RQ","0901",,,
,"CN","HIZ","Haizhu","Haizhu","GD","--3-----","RL","1401",,"",""
,"CN","HMI","Hami","Hami","XJ","---4----","RL","1401",,"4229N 09330E",""
,"CN","HDS","Handan","Handan","HE","-----6--","AS","1407",,,
"=","CN","","Hangchow = Hangzhou Xiaoshan International Apt","Hangchow = Hangzhou Xiaoshan International Apt","",,"",,"","",""
,"CN","HAZ","Hangzhou","Hangzhou","ZJ","-2-45---","AS","2007",,"3016N 12010E",""
,"CN","HGH","Hangzhou Xiaoshan International Apt","Hangzhou Xiaoshan International Apt","ZJ","---4----","AS","1601",,,""
,"CN","HAN","Hanjiang","Hanjiang","FJ","--3-----","RL","0207",,"2527N 11906E",
,"CN","HNK","Hankou","Hankou","HB","-23-----","RQ","0907",,"3035N 11416E",""
"=","CN","","Hankow = Wuhan Tianhe International Apt","Hankow = Wuhan Tianhe International Apt","",,"",,"","",""
,"CN","HZG","Hanzhong","Hanzhong","61","--3-----","RL","0901",,"3304N 10701E",
,"CN","HXE","Haoxue","Haoxue","HB","1-------","RL","1401",,"",""
,"CN","HRN","Harbin","Harbin","HL","12-45---","AS","1401",,"4544N 12636E",
,"CN","HBG","Harbin Pt","Harbin Pt","HL","1-------","AS","1401",,,
,"CN","HBZ","Harbin Railway Station","Harbin Railway Station","HL","-2------","AS","1601",,,""
,"CN","HRB","Harbin Taiping International Apt","Harbin Taiping International Apt","HL","---4----","AS","1601",,,""
"X","CN","HEB","Hebei","Hebei","HE","1-3-----","XX","2407",,"3953N 11517E",""
"+","CN","HEI","Hebi","Hebi","HA","-23--6--",,"2407",,"3545N 11417E",
,"CN","HCH","Hechi","Hechi","45","--3-----","RL","0901",,"2442N 10802E",
,"CN","HFI","Hefei","Hefei","AH","-2-45---","AS","2001",,"3152N 11717E",""
,"CN","HFE","Hefei Xinqiao International Apt","Hefei Xinqiao International Apt","AH","---4----","AS","1601",,,""
,"CN","HEK","Heihe","Heihe","HL","1-----7-","AS","1601",,"5014N 12729E",""
,"CN","HSA","Heishan","Heishan","21","-----6--","RL","0901",,"4141N 12206E",
,"CN","HST","Heishantou","Heishantou","NM","1-------","AS","1601",,"5012N 11923E",""
,"CN","XHH","Hekou","Hekou","GD","1-------","AS","1407",,,""
,"CN","HKM","Hekou","Hekou","YN","-23-5---","AS","1601",,"2231N 10359E",""
,"CN","HLW","Heliwei","Heliwei","GD","1-------","AS","1401",,,
,"CN","ENP","Hengban","Hengban","GD","1-------","AS","1601",,"2212N 11219E",""
,"CN","HEN","Hengdian","Hengdian","33","--3-----","RL","0901",,"2909N 12018E",
,"CN","HNG","Henggang","Henggang","GD","--3-----","RQ","9705",,,
,"CN","HNI","Hengli","Hengli","GD","1-3--6--","RL","0601",,"2310N 11437E",
,"CN","HGQ","Hengqin","Hengqin","GD","--3-----","AS","1601",,"2207N 11332E",""
,"CN","HXA","Hengxian","Hengxian","GX","1-------","RL","1401",,"",""
,"CN","HNY","Hengyang","Hengyang","HN","-234-6--","AS","1601",,"2653N 11237E",""
,"CN","HES","Henshui","Henshui","13","--3-----","RL","0901",,"3743N 11542E",
,"CN","HPT","Heping","Heping","TJ","-----6--","RL","1107",,"3907N 11711E",
,"CN","HEP","Hepu","Hepu","45","--3-----","RL","0901",,"2129N 10906E",
,"CN","HAS","Heshan","Heshan","GX","12------","RL","1401",,"",""
,"CN","HSN","Heshan Pt","Heshan Pt","GD","1-------","AS","1601",,"2246N 11257E",""
,"CN","HHU","Heshun","Heshun","GD","--3-----","RL","0607",,"2312N 11305E",
,"CN","HTG","Hetang","Hetang","GD","1-------","AS","1401",,"2239N 11308E",
,"CN","HYA","Heyang","Heyang","61","--3-----","RL","0901",,"3514N 11008E",
,"CN","HEY","Heyuan","Heyuan","GD","--3-----","AS","1601",,"2343N 11441E",""
,"CN","HZS","Heze","Heze","SD","-23-----","AS","1407",,"3512N 11537E",""
,"CN","HEZ","Hezhou","Hezhou","GX","----56--","AS","1801",,"2241N 10916E",
,"CN","HHH","Hohhot","Hohhot","NM","-2345---","AS","1601",,"4048N 11141E",""
,"CN","HET","Hohhot Baita International Apt","Hohhot Baita International Apt","NM","---4----","AS","1601",,,""
,"CN","HOD","Hongdu","Hongdu","GX","1-------","RL","1401",,"",""
,"CN","HGG","Hongguang Pt","Hongguang Pt","ZJ","1-------","AS","1407",,"",""
,"CN","SHW","Honghai","Honghai","HI","--3-----","RL","0307",,"1939N 11101E",
,"CN","BLX","Honghai Pt","Honghai Pt","GD","1-------","AS","1407",,"2310N 11416E",""
,"CN","HOH","Honghu","Honghu","HB","1-------","RL","1401",,"",""
,"CN","HGA","Honghua","Honghua","HB","1-------","RL","1401",,"",""
,"CN","HGK","Hongkou","Hongkou","SH","--3-----","RL","1401",,"",""
,"CN","HOQ","Hongqi","Hongqi","GD","1-------","RL","1401",,"",""
,"CN","HGO","Hongqiao","Hongqiao","SH","--3--6--","RL","1401",,"",""
,"CN","HNT","Hongtong","Hongtong","61","--3-----","RL","0901",,"3615N 11140E",
,"CN","HGW","Hongwan","Hongwan","GD","--3-----","RL","1401",,"2210N 11328E",""
,"CN","HON","Hongze Xian","Hongze Xian","32","--3-----","RL","0901",,"3317N 11850E",
,"CN","HRS","Horgos","Horgos","XJ","-23---7-","AS","2007",,"4403N 08050E",""
,"CN","HTN","Hotan Apt","Hotan Apt","XJ","---4----","RL","1401",,"3702N 07952E",""
,"CN","HOA","Houan","Houan","HI","--3-----","RL","1401",,"1851N 11026E",""
,"CN","HOU","Houjie","Houjie","GD","1-3-----","RL","0407",,"2256N 11338E",
,"CN","HOM","Houma","Houma","SX","-----6--","AS","1401",,"3537N 11121E",
,"CN","TCH","Houqiao","Houqiao","YN","--3-----","AS","1407",,"2501N 09830E",""
,"CN","HZU","Houzhu","Houzhu","FJ","1-3--6--","RL","0407",,"2453N 11840E",
"=","CN","","Hsinkang = Changchun Longjia International Apt","Hsinkang = Changchun Longjia International Apt","",,"",,"","",""
,"CN","HCN","Huachuan","Huachuan","HL","1-------","AS","1401",,"4701N 13042E",""
,"CN","HDU","Huadu","Huadu","GD","--3-----","RL","0907",,"2324N 11313E",""
,"CN","HDG","Huadu Pt","Huadu Pt","GD","1-------","AS","1401",,,
,"CN","HIA","Huai'an","Huai'an","JS","--3-----","RL","1401",,"3330N 11908E",""
,"CN","HBI","Huaibei","Huaibei","AH","--3-----","RL","0207",,"3358N 11647E",
,"CN","IHE","Huaihe","Huaihe","JS","--3-----","RQ","1007",,"3315N 11823E",
"|","CN","HJJ","Huaihua","Huaihua","HN","-234-6--","RL","2407",,"2734N 11001E",""
,"CN","HIJ","Huaiji","Huaiji","GD","1-3-----","RL","1401",,"2303N 11227E",""
,"CN","HLI","Huailai","Huailai","HE","123-----","RL","0907",,"4022N 11530E",""
,"CN","HII","Huainan","Huainan","AH","--3-----","RQ","0907",,"3237N 11659E",
,"CN","AIN","Huaiyin","Huaiyin","JS","1-3--6--","RL","0407",,"3338N 11901E",
,"CN","HBU","Huangbu","Huangbu","41","-----6--","RL","0901",,"3310N 11410E",
,"CN","HGC","Huangcun","Huangcun","GD","--3-----","RL","1401",,"",""
,"CN","HUG","Huanggang","Huanggang","GD","--3-----","AS","1401",,"2323N 11312E",""
,"CN","HGE","Huangge","Huangge","GD","--3-----","RL","0212",,"2249N 11329E",
,"CN","HNH","Huanghua","Huanghua","ZJ","1-------","AS","1407",,"",""
,"CN","HUH","Huanghua Pt","Huanghua Pt","HE","1-------","AS","1601",,"3821N 11721E",""
,"CN","HJI","Huangjiang","Huangjiang","GD","1-------","RL","1401",,"",""
,"CN","HGJ","Huangjiang","Huangjiang","GX","1-3-----","RL","0601",,"2506N 10720E",
,"CN","HGP","Huangpi","Huangpi","HB","--3-----","RQ","0907",,"3052N 11422E",
,"CN","WCH","Huangpo","Huangpo","GD","1-------","AS","1407",,,""
,"CN","HUN","Huangpu New Port","Huangpu New Port","GD","1-------","AS","1901",,"2305N 11330E",
,"CN","HUA","Huangpu Pt","Huangpu Pt","GD","1-------","AS","1601",,"",""
,"CN","HAQ","Huangqi/Nanhai","Huangqi/Nanhai","GD","1-------","RL","1401",,"",""
,"CN","HSK","Huangsangkou","Huangsangkou","HB","1-------","RL","1401",,"",""
,"CN","HSH","Huangshan","Huangshan","AH","--34----","RL","1401",,,""
,"CN","TXN","Huangshan Tunxi International Apt","Huangshan Tunxi International Apt","AH","---4----","AS","1407",,"",""
,"CN","HIS","Huangshi","Huangshi","13","-23-----","AS","2107",,"",""
,"CN","HSI","Huangshi Pt","Huangshi Pt","HB","1-------","AS","1407",,"3012N 11506E",""
,"CN","ANG","Huangxian","Huangxian","33","1----6--","RL","0901",,"2933N 12134E",
,"CN","HYN","Huangyan","Huangyan","ZJ","1-34-6--","RL","0401","","2838N 12115E",
,"CN","HZO","Huangzhou","Huangzhou","HB","1-------","RL","1401",,"",""
,"CN","HNS","Huanshi","Huanshi","HB","1-------","RL","1401",,"",""
,"CN","HUS","Huashi","Huashi","JS","1-------","RL","1401",,"",""
,"CN","HUY","Huayang","Huayang","AH","1-------","RL","1401",,"",""
,"CN","HUZ","Huazhou","Huazhou","44","--3-----","RL","0901",,"2138N 11035E",
,"CN","HUE","Huchen","Huchen","ZJ","1-------","RL","1401",,"",""
,"CN","UIA","Hui'an,Quanzhou","Hui'an,Quanzhou","FJ","123--6--",,"2307",,"2502N 11856E",
,"CN","HUW","Huidong","Huidong","SC","--3-----","RL","0501",,"2639N 10235E",
,"CN","HID","Huidong Pt","Huidong Pt","GD","1-------","AS","1407",,"2259N 11442E",""
,"CN","HIK","Huikou","Huikou","AH","1-------","RL","1401",,"",""
,"CN","HLN","Huilong","Huilong","GD","--3-----","RL","1401",,"",""
,"CN","HNO","Huinong","Huinong","NX","--3-----","AS","1407",,,
,"CN","HQG","Huiqiang","Huiqiang","SH","--3-----","RL","1401",,"",""
"=","CN","","Huiyang = Huizhou","Huiyang = Huizhou","",,"",,"","",""
,"CN","HUI","Huizhou","Huizhou","GD","123-----","AS","2107",,"2305N 11422E",""
,"CN","HKU","Hukou","Hukou","JX","1-------","RL","1401",,"",""
,"CN","HLE","Hulan Ergi","Hulan Ergi","HL","1-------","RL","1401",,"",""
,"CN","HUL","Hulin","Hulin","HL","1------B","AS","1407",,"4547N 13257E",""
,"CN","HUD","Huludao","Huludao","LN","1234----","AS","2107",,"4045N 12051E",""
,"CN","HLD","Hulunbuir Hailar Apt","Hulunbuir Hailar Apt","NM","---4----","AS","1601",,,""
,"CN","HUM","Huma","Huma","HL","1-------","AS","1601",,"5142N 12639E",""
,"CN","HMN","Humen Pt","Humen Pt","GD","1-------","AS","1601",,"2250N 11340E",""
,"CN","HCG","Hunchun","Hunchun","JL","-23-----","AS","1401",,"4252N 13022E",""
,"CN","HUP","Huo Pt","Huo Pt","AH","1-------","RL","1401",,"",""
,"CN","XJH","Hutubi","Hutubi","XJ","--3-----","RL","1707",,"4408N 08656E",""
,"CN","HZH","Huzhou","Huzhou","ZJ","123-----","AS","2107",,"3052N 12006E",""
,"CN","JEM","Jeminay","Jeminay","XJ","--3-----","AS","0907",,"4732N 08538E",""
,"CN","JID","Jiading","Jiading","SH","-----6--","AS","1401",,"3123N 12114E",
,"CN","JMS","Jiamusi Pt","Jiamusi Pt","HL","1-------","AS","1401",,,
,"CN","JIN","Jian","Jian","JX","--3-----","AS","1601",,"2707N 11458E",""
"|","CN","KNC","Ji'an","Ji'an","JL","-2---6--","AS","2407",,"4108N 12611E",""
,"CN","JBI","Jianbi","Jianbi","JS","1-------","RL","1401",,"",""
,"CN","JDE","Jiande","Jiande","33","--3-----","RL","0901",,"2928N 11916E",
,"CN","JAA","Jiang'an","Jiang'an","SC","1-------","RL","1401",,"",""
,"CN","JAN","Jiangan Railway Station","Jiangan Railway Station","HB","-2------","AS","1601",,,""
,"CN","JCH","Jiangcheng","Jiangcheng","GD","1-------","AS","1401",,,
,"CN","MNK","Jiangcheng Mengkang","Jiangcheng Mengkang","YN","--3--6--","AA","2007",,"2229N 10142E",
,"CN","JCN","Jiangchuan","Jiangchuan","YN","1-------","RL","1401",,"",""
,"CN","JIC","Jiangcun","Jiangcun","GD","-2------","RL","1401",,"",""
,"CN","JND","Jiangdu","Jiangdu","JS","--3-----","RL","0607",,"3225N 11932E",
,"CN","JGH","Jianghai","Jianghai","GD","--3-----","RL","1401",,"2234N 11308E",""
,"CN","JGJ","Jiangjin","Jiangjin","CQ","1-------","RL","1401",,"",""
,"CN","JKU","Jiangkou","Jiangkou","FJ","--3-----","RL","0207",,"2528N 11911E",
,"CN","FKJ","Jiangkou","Jiangkou","GD","1-------","AS","1407",,"2327N 11130E",""
,"CN","JKO","Jiangkou","Jiangkou","HB","1-------","RL","1401",,"",""
,"CN","JLE","Jiangle","Jiangle","35","--3-----","RL","0901",,"2614N 11737E",
,"CN","JMN","Jiangmen","Jiangmen","GD","123-----","AS","2107",,"2235N 11304E",""
,"CN","JIP","Jiangping","Jiangping","GX","1-3-----","RL","1401",,"",""
,"CN","JPU","Jiangpu","Jiangpu","JS","1-------","RL","1401",,"",""
,"CN","JHN","Jiangshan","Jiangshan","33","--3-----","RL","0901",,"2844N 11837E",
,"CN","JIS","Jiangshan Pt","Jiangshan Pt","GX","1-------","AS","1407",,"2138N 10816E",""
,"CN","GJS","Jiangsi","Jiangsi","52","-----6--","RL","0901",,"2816N 10871E",
,"CN","JSU","Jiangsiu","Jiangsiu","11","--3-----","RQ","0901",,"",
,"CN","JNX","Jiangxi","Jiangxi","HN","--3-----","RL","1401",,"2714N 11022E",""
,"CN","JYS","Jiangyan","Jiangyan","JS","-23-----","RL","1401",,"3230N 12008E",""
,"CN","JGY","Jiangyin","Jiangyin","FJ","1-3-----","RL","0601",,"2528N 11918E",
,"CN","JIA","Jiangyin Pt","Jiangyin Pt","JS","1-------","AS","1601",,"3154N 12017E",""
,"CN","JLI","Jianli","Jianli","HB","1-------","RL","1401",,"",""
,"CN","JTO","Jiantiao","Jiantiao","ZJ","1-------","RL","1401",,"",""
,"CN","JAG","Jianyang","Jianyang","35","--3-----","RL","0901",,"2720N 11807E",
,"CN","JXN","Jiao Xin","Jiao Xin","GD","1-3-----","RQ","0101",,,
,"CN","JOJ","Jiaojiang","Jiaojiang","33","--3-----","RL","0901",,"2840N 12126E",
,"CN","JOK","Jiaokou","Jiaokou","GD","1-------","AS","1601",,"",""
,"CN","JSG","Jiaoshan Pt","Jiaoshan Pt","ZJ","1-------","AS","1401",,,
,"CN","JZH","Jiaozhou","Jiaozhou","SD","-23456--","RL","2207",,"3617N 12000E",""
,"CN","JZO","Jiaozuo","Jiaozuo","HA","-23-----","RL","0601",,"3515N 11309E",
,"CN","JSA","Jiashan","Jiashan","JL","--3--6--","RL","0607",,"4309N 12500E",
,"CN","JAS","Jiashan","Jiashan","ZJ","--3-----","RQ","1007",,"3050N 12054E",
,"CN","JAX","Jiaxing","Jiaxing","ZJ","1-------","AS","1907",,"3046N 12045E",""
,"CN","JAY","Jiayin","Jiayin","HL","1-------","AS","1601",,"4852N 13022E",""
,"CN","JGN","Jiayuguan","Jiayuguan","GS","---4-6--","RL","1401",,"",""
,"CN","JIZ","Jiazi","Jiazi","GD","1-------","AS","1601",,"2252N 11603E",""
,"CN","JES","Jieshi","Jieshi","GD","1-------","RL","1401",,"",""
,"CN","JXI","Jiexi","Jiexi",,"--3-----","RQ","9705",,,
,"CN","JYG","Jieyang","Jieyang",,"--3-----","RQ","9705",,,
,"CN","SWA","Jieyang Chaoshan Apt","Jieyang Chaoshan Apt","GD","---4----","AS","1601",,,""
,"CN","JIL","Jilin","Jilin","JL","--34----","RL","9901",,,
,"CN","JLZ","Jilin Railway Station","Jilin Railway Station","JL","-2------","AS","1601",,,""
,"CN","JIM","Jimei,Xiamen","Jimei,Xiamen","FJ","-23--6--",,"2307",,"2435N 11806E",
,"CN","JMY","Jimiya","Jimiya","SD","1-------","AS","1401",,,
,"CN","JMO","Jimo","Jimo","SD","--3-----","RL","0607",,"3623N 12028E",
,"CN","JMU","Jimusi","Jimusi","HL","1234----","AS","2107",,"",""
,"CN","JNA","Jinan","Jinan","SD","-2345---","AS","1601",,"3640N 11700E",""
,"CN","TNA","Jinan Yaoqiang International Apt","Jinan Yaoqiang International Apt","SD","---4----","AS","1601",,,""
"+","CN","JCE","Jincheng","Jincheng","SX","-23--6--",,"2407",,"3529N 11250E",
,"CN","DMJ","Jingan","Jingan","GD","1-------","AS","1407",,,""
,"CN","JIH","Jing'an","Jing'an","JX","--3-----","RL","0207",,"2851N 11520E",
,"CN","JDZ","Jingdezhen","Jingdezhen","JX","-----6--","AS","1601",,"2917N 11713E",""
,"CN","JGS","Jinggangshan Apt","Jinggangshan Apt","JX","---4----","RL","1401",,"",""
,"CN","HLJ","Jinghai","Jinghai","GD","1-------","AS","1407",,"2302N 11618E",""
,"CN","JHH","Jinghai, Tianjing","Jinghai, Tianjing","TJ","--3--6--","AA","2301",,"3854N 11656E",
,"CN","JOG","Jinghong","Jinghong","YN","1-------","AS","1401",,"2201N 10048E",
,"CN","JIJ","Jingjiang","Jingjiang","JS","123-----","AS","2107",,"3202N 12017E",""
,"CN","JGM","Jingmen","Jingmen","42","--3-----","RL","0901",,"3102N 11212E",
,"CN","JTG","Jingtang Pt","Jingtang Pt","HE","1-------","AS","1401",,,
,"CN","JGU","Jinguzhou","Jinguzhou","GD","1-3-----","RL","0407",,"2231N 11301E",
,"CN","JGX","Jingxian","Jingxian","13","--3-----","RL","0901",,"3743N 11542E",
,"CN","JGZ","Jingzhou","Jingzhou","HB","--3-----","RL","0307",,"3021N 11211E",
,"CN","JZK","Jingzhou Pt","Jingzhou Pt","HB","1-------","AS","1407",,"3018N 11216E",""
,"CN","JNH","Jinhaian","Jinhaian","GD","1-------","AS","1401",,,
,"CN","JHK","Jinhekou","Jinhekou","AH","1-------","RL","1401",,"",""
,"CN","JHA","Jinhua","Jinhua","ZJ","-23--6--","AS","1601",,"2907N 11939E",""
,"CN","JII","Jining","Jining","HN","--3-----","RL","9901",,,
,"CN","JNN","Jining","Jining","NM","-2------","RL","1401",,"",""
,"CN","JNG","Jining","Jining","SD","-2-4----","AS","1601",,"3523N 11633E",""
,"CN","JJI","Jinjiang","Jinjiang","SH","--3-----","RL","1401",,"",""
,"CN","JJD","Jinjiang Dry Port","Jinjiang Dry Port","FJ","----56--","AS","1807",,"2447N 11826E",
,"CN","PTJ","Jinjing","Jinjing","FJ","1-------","AS","1407",,"2530N 11947E",""
,"CN","JNL","Jinli","Jinli","GD","1-------","RL","1401",,"",""
,"CN","JPI","Jinpai","Jinpai","HI","1-------","RL","1401",,"",""
,"CN","JQI","Jinqiao","Jinqiao","SH","-23-----","RL","0601",,"3115N 12136E",
,"CN","JNS","Jinshan","Jinshan","SH","-----6--","AS","1401",,"3054N 12109E",
"|","CN","JSI","Jinshi","Jinshi","HN","--3-----","RQ","2407",,"2936N 11154E","coordinates"
,"CN","JSH","Jinshuihe","Jinshuihe","YN","--3-----","AS","1401",,"3317N 10752E",""
,"CN","JTN","Jintan","Jintan","32","--3-----","RL","0901",,"3145N 11935E",
,"CN","JWN","Jinwan","Jinwan","GD","--3-----","RL","1401",,"2207N 11334E",""
,"CN","IXI","Jinxi","Jinxi","21","-----6--","RL","0901",,"4045N 12050E",
,"CN","JYN","Jinyun","Jinyun","33","--3-----","RL","0901",,"2839N 12003E",
"+","CN","JZN","Jinzhong","Jinzhong","SX","-23--6--",,"2407",,"3741N 11244E",
,"CN","JZI","Jinzhou","Jinzhou","HE","--3-----","RQ","0907",,"3801N 11402E",
,"CN","JNZ","Jinzhou Pt","Jinzhou Pt","LN","1-------","AS","1601",,"4107N 12109E",""
,"CN","JSO","Jishou","Jishou","HN","-23-----","RL","1401",,"2819N 10943E",""
,"CN","JUI","Jishui","Jishui","36","--3-----","RL","0901",,"2713N 11507E",
,"CN","GDJ","Jiugang","Jiugang","44","-----6--","RL","0901",,"2156N 11129E",
,"CN","JUJ","Jiujiang","Jiujiang","GD","1-------","AS","1401",,"2250N 11300E",
,"CN","JIU","Jiujiang","Jiujiang","JX","1234----","AS","2107",,"2943N 11558E",""
,"CN","JUL","Jiuli","Jiuli","JS","1-------","RL","1401",,"",""
,"CN","JLP","Jiulongpo Pt","Jiulongpo Pt","CQ","1-------","AS","1601",,"",""
,"CN","JUQ","Jiuquan","Jiuquan","GS","-23-----","AS","2107",,"3944N 09831E",""
,"CN","JUZ","Jiuzhen","Jiuzhen","FJ","1-------","AS","1601",,"2402N 11742E",""
,"CN","JZU","Jiuzhou Pt","Jiuzhou Pt","GD","1-------","AS","1601",,,""
,"CN","XII","Jixi","Jixi",,"--3-----","RL","0901",,"3004N 11835E",
,"CN","JIX","Jixian","Jixian","TJ","-----6--","AS","1601",,"4002N 11724E",""
,"CN","JYA","Jiyuan","Jiyuan","46","--3-----","RL","0901",,"3651N 12031E",
,"CN","JRG","Jurong","Jurong","JS","1-34----","RL","1401",,"3155N 11910E",""
,"CN","KFG","Kaifeng","Kaifeng","HA","123-----","RL","0907",,"3447N 11420E",""
,"CN","KAH","Kaihua","Kaihua","33","--3-----","RL","0901",,"2908N 11824E",
,"CN","KAI","Kaikou","Kaikou","GZ","0-------","RL","1401",,,""
,"CN","KJH","Kaili","Kaili","FJ","-234-6--","AS","1901",,"2635N 10758E",
,"CN","KAP","Kaiping","Kaiping","GD","--3-----","RL","0507",,"2222N 11241E",
,"CN","KPN","Kaiping","Kaiping","HE","--3-----","RL","0201",,"3942N 11818E",
,"CN","KST","Kaishantun","Kaishantun","JL","--3-----","AS","1401",,"4241N 12946E",""
,"CN","KIY","Kaiyun","Kaiyun","43","-----6--","RL","0901",,"2714N 11252E",
,"CN","KLS","Kalasu","Kalasu","XJ","--3-----","AS","1601",,"",""
,"CN","KGT","Kangding","Kangding","SC","---4----","RL","0907",,"3808N 10144E",
,"CN","KQI","Kangqiao","Kangqiao","SN","--3-----","RL","0607",,"3441N 10918E",
,"CN","KZG","Kangzhou Pt","Kangzhou Pt","GD","1-------","AS","1401",,,
,"CN","KMN","Kanmen","Kanmen","ZJ","1-------","RL","1401",,"",""
,"CN","KRY","Karamay","Karamay","XJ","--34----","RL","1401","","4530N 08455E",""
,"CN","KSS","Kashi","Kashi","XJ","--3-----","AS","1407",,,
,"CN","KHG","Kashi Apt","Kashi Apt","XJ","---4----","AS","1601",,"",""
,"CN","KOL","Korla","Korla","XJ","-----6--","AS","1407",,,
,"CN","KYG","Kuiyong","Kuiyong","GD","--3-----","RL","0601",,"2237N 11426E",
,"CN","KJP","Kunjirap","Kunjirap","XJ","--3-----","AS","1401",,"3653N 07523E",""
,"CN","KNM","Kunming","Kunming","YN","---45---","AS","1401",,"2504N 10242E",
,"CN","KMG","Kunming Wujiaba International Apt","Kunming Wujiaba International Apt","YN","---4----","AS","1601",,,""
,"CN","KUS","Kunshan","Kunshan","JS","-----6--","AS","1601",,"3123N 12057E",""
,"CN","KCA","Kuqa Apt","Kuqa Apt","XJ","---4----","RL","1401",,"",""
,"CN","KUY","Kuytun Railway Station","Kuytun Railway Station","XJ","-2------","AS","1601",,,""
,"CN","LAA","Lai An","Lai An","11","--3-----","RL","0901",,"3227N 11825E",
,"CN","LBI","Laibin","Laibin","GX","-23-----","RL","1401",,"2342N 10916E",""
,"CN","CSL","Laiwu","Laiwu","GD","1-------","AS","1407",,,""
,"CN","LWS","Laiwu","Laiwu","SD","-----6--","AS","1407",,,
,"CN","LIX","Laixi","Laixi","37","--3-----","RL","0901",,"3651N 12031E",
,"CN","LYD","Laiyang","Laiyang","SD","-23-----","RL","1401",,"3654N 12043E",""
,"CN","LZO","Laizhou Pt","Laizhou Pt","SD","1-------","AS","1601",,"3710N 11957E",""
,"CN","LFZ","Langfang","Langfang","HE","-----6--","AS","1401",,"3931N 11642E",
,"CN","LSN","Lanshan Pt","Lanshan Pt","SD","1-------","AS","1407",,"3504N 11922E",""
,"CN","LNS","Lanshi","Lanshi","GD","1-------","AS","1401",,,
,"CN","LSI","Lanshi","Lanshi","HN","--3-----","RL","0907",,"2609N 11336E",""
,"CN","LXI","Lanxi","Lanxi","ZJ","123-----","RL","0907",,"2912N 11928E",""
,"CN","LAZ","Lanzhou","Lanzhou","GS","-2-45---","AS","1401",,"3604N 10351E",
,"CN","LHW","Lanzhou Zhongchuan Apt","Lanzhou Zhongchuan Apt","GS","---4----","AS","1601",,,""
,"CN","LLY","Laocheng","Laocheng","HI","--3-----","RL","1401",,"1957N 11007E",""
,"CN","LDK","Laodukou","Laodukou","HB","1-------","RL","1401",,"",""
,"CN","LHS","Laohushao","Laohushao","JL","--3----B","AS","1401",,,
,"CN","LAL","Laolong","Laolong","GD","1-------","RL","1401",,"",""
,"CN","LXH","Laoxiahe","Laoxiahe","AH","1-------","RL","1401",,"",""
,"CN","LYM","Laoyemiao","Laoyemiao","XJ","--3-----","AS","1401",,"4442N 09402E",""
,"CN","LNG","Ledong","Ledong","HI","--3-----","RQ","0907",,"1837N 10847E",
,"CN","LYN","Leiyang","Leiyang","HN","-2------","RL","1401",,"",""
,"CN","LLG","Leling","Leling","SD","-----6--","RL","1107",,"3744N 11713E",
,"CN","LUU","Leliu","Leliu","GD","--3-----","RL","0201",,"2250N 11307E",
,"CN","LPI","Leping","Leping","GD","--3-----","RL","0607",,"2314N 11302E",
,"CN","LES","Leshan","Leshan","SC","-23--6--","AS","2107",,"2936N 10344E",""
,"CN","LTP","Letianxi Pt","Letianxi Pt","HB","1-------","RL","1401",,"",""
,"CN","LEZ","Lezhu","Lezhu","GD","--3-----","RL","0407",,"2244N 11208E",
,"CN","LHA","Lhasa","Lhasa","XZ","---45---","AS","1601",,"2939N 09108E",""
,"CN","LXA","Lhasa Gongga Apt","Lhasa Gongga Apt","XZ","---4----","AS","1601",,,""
,"CN","LHG","Liancheng","Liancheng","GD","-23--6--","RL","0601",,"2137N 11017E",
,"CN","LCX","Liancheng Apt","Liancheng Apt","FJ","---4----","RL","1401",,"",""
,"CN","LGP","Liangping","Liangping","CQ","---4----","RL","1401",,"3049N 10742E",""
,"CN","LIH","Lianhuashan Pt","Lianhuashan Pt","GD","1-------","AS","1601",,"2301N 11516E",""
,"CN","LNJ","Lianjiang","Lianjiang","JX","--3-----","RL","0607",,"2620N 11521E",
,"CN","LNX","Lianxia","Lianxia","44","--3-----","RL","0901",,"2330N 11646E",
,"CN","LYG","Lianyungang","Lianyungang","JS","1-------","AS","1601",,"3443N 11926E",""
,"CN","LIZ","Lianzhou","Lianzhou","GD","1-3-----","RL","1401",,"2446N 11221E",""
,"CN","LBU","Liaobu","Liaobu","GD","--3-----","RL","0001",,,
"|","CN","LCH","Liaocheng","Liaocheng","SD","-23--6--","AS","2407",,"3626N 11557E",""
,"CN","LYS","Liaoyang","Liaoyang","LN","-----6--","AS","1407",,,
,"CN","LOY","Liaoyuan","Liaoyuan","22","-----6--","RL","0901",,"4254N 12508E",
,"CN","LIB","Libo","Libo","GZ","--3-----","RL","1401",,"2524N 10752E",""
,"CN","LIC","Licheng","Licheng","SD","-2------","RL","1401",,"",""
,"CN","LID","Lidao","Lidao","SD","1-------","RL","1401",,"",""
,"CN","LHU","Lihu","Lihu","GD","--3-----","RL","0201",,"2322N 11602E",
,"CN","LAG","Lijiang","Lijiang","GX","--3-----","RQ","1001",,"2309N 10711E",
,"CN","LIJ","Lijiang","Lijiang","SD","1-------","RL","1401",,"",""
,"CN","LJG","Lijiang","Lijiang","YN","-234----","AS","2107",,"",""
,"CN","LIL","Liling","Liling","HN","-2------","AS","1601",,,""
,"CN","LLI","Liling","Liling","HN","123-----","RL","0601",,"2740N 11329E",
,"CN","ACH","Lin","Lin","13","--3-----","RL","0901",,"3802N 11449E",
,"CN","LNA","Lin'an","Lin'an","ZJ","--3-----","RL","1401",,"3014N 11943E",""
,"CN","LNC","Lincang","Lincang","YN","---4----","RL","0907","LNJ","2354N 10002E",
,"CN","LGE","Lincheng","Lincheng","46","--3-----","RL","0901",,"1954N 10941E",
,"CN","LFG","Linfen","Linfen","SX","-23-----","AA","2107",,"3605N 11131E",
,"CN","LGN","Lingcheng","Lingcheng","GX","--3--6--","RL","0507",,"2242N 11020E",
,"CN","LLF","Lingling Apt/Yongzhou","Lingling Apt/Yongzhou","HN","---4----","RL","1401",,"",""
,"CN","LSA","Lingshan","Lingshan","HI","--3-----","RL","1401",,"1957N 11025E",""
,"CN","LNH","Linhai","Linhai","ZJ","1-3--6--","RL","0407",,"2851N 12107E",
,"CN","LIN","Linjiang","Linjiang","JL","--3-----","AS","1401",,"4149N 12653E",""
,"CN","TNC","Lintao","Lintao","GS","1-------","RL","1401",,"",""
,"CN","LNI","Linxi","Linxi","NM","---4----","RL","0907","LXI","2557N 10937E",
,"CN","LYI","Linyi","Linyi","SD","-23-----","AS","2107",,"3503N 11820E",""
,"CN","LNZ","Linzi","Linzi","SD","-23-----","RL","1401",,"3648N 11817E",""
,"CN","LIP","Liping","Liping","GZ","--34----","RL","0907","HZH","3247N 10640E",
,"CN","LQN","Liquan","Liquan","61","--3-----","RL","0901",,"3429N 10825E",
,"CN","LSS","Lishui","Lishui","ZJ","-----6--","AS","1407",,,
,"CN","LUI","Lisui","Lisui","BJ","1-3-----","RL","0601",,"4004N 11645E",
,"CN","IUA","Liuan","Liuan","34","--3-----","RL","0901",,"3437N 11621E",
,"CN","LUD","Liudu","Liudu","GD","1-------","AS","1601",,"2304N 11200E",""
,"CN","LJP","Liujia Pt","Liujia Pt","HB","1-------","RL","1401",,"",""
,"CN","LJD","Liujiadu","Liujiadu","AH","1-------","RL","1401",,"",""
,"CN","LJI","Liujiang","Liujiang","GX","--3-----","RQ","1007",,"2248N 10933E",
,"CN","LJN","Liujing","Liujing","GX","1-------","RL","1401",,"",""
,"CN","LKP","Liukou Pt","Liukou Pt","HB","1-------","RL","1401",,"",""
,"CN","LPS","Liupanshui","Liupanshui","GZ","-2------","RL","1401",,"",""
,"CN","LZL","Liusha","Liusha","GD","1-------","AS","1407",,"2054N 11004E",""
,"CN","XML","Liuwudian","Liuwudian","FJ","1-------","AS","1407",,,""
,"CN","LIU","Liuyang","Liuyang","HN","1-------","RL","1401",,"",""
,"CN","LZH","Liuzhou","Liuzhou","GX","123-----","AS","2107",,"2319N 10924E",""
,"CN","LZP","Liuzuo Pt","Liuzuo Pt","HB","1-------","RL","1401",,"",""
,"CN","LIY","Liyang","Liyang","32","--3-----","RL","0901",,"3126N 11929E",
,"CN","LYP","Liying Pt","Liying Pt","HB","1-------","RL","1401",,"",""
,"CN","LOG","Longan","Longan","GX","--3-----","RQ","1001",,"2311N 10741E",
,"CN","LGA","Long'an","Long'an","GX","1-------","RL","1401",,"",""
,"CN","LGB","Longbang","Longbang","GX","--3-----","AS","1401",,"2254N 10619E",""
,"CN","LDG","Longdong","Longdong","GD","--3-----","RL","1401",,"",""
,"CN","LGG","Longgang","Longgang","GD","--3-----","RL","0307",,"2244N 11416E",
,"CN","LGU","Longguan","Longguan","HE","1-3-----","RL","0601",,"4046N 11534E",
,"CN","LGI","Longhai","Longhai","HN","1-3-----","RL","0601",,"2628N 11316E",
,"CN","LGH","Longhua","Longhua","GD","--3-----","RL","0001",,,
,"CN","LLJ","Longjiang","Longjiang","GD","--3-----","RL","0201",,"2300N 11611E",
,"CN","LKU","Longkou Pt","Longkou Pt","SD","1-------","AS","1601",,"3739N 12021E",""
,"CN","LMN","Longmen","Longmen","GX","1-------","RL","1401",,"",""
,"CN","LOA","Longnan","Longnan","JX","--3-----","RL","1401",,"2454N 11447E",""
,"CN","LPP","Longping Pt","Longping Pt","HB","1-------","RL","1401",,"",""
,"CN","LGW","Longwu","Longwu","SH","1-------","AS","1601",,"",""
,"CN","LYF","Longyan","Longyan","FJ","-----6--","AS","1407",,,
,"CN","LGY","Longyan Pt","Longyan Pt","SD","1-------","AS","1407",,"3726N 12238E",""
,"CN","LYO","Longyao","Longyao","HE","--3-----","RL","1401",,"3721N 11446E",""
,"CN","LOZ","Longzhou","Longzhou","GX","1-------","RL","1401",,"",""
,"CN","LDI","Loudi","Loudi","HN","--3-----","AA","2201",,"2742N 11201E",
,"CN","LOS","Loushan","Loushan","SD","-2------","RL","1401",,"",""
,"CN","LUN","Lu'an","Lu'an","AH","1-3-----","RL","0607",,"3144N 11629E",
,"CN","LJK","Luanjiakou","Luanjiakou","SD","1-------","RL","1401",,"",""
,"CN","UBU","Lubu","Lubu","GD","1-------","RL","1401",,"",""
,"CN","LCP","Lucheng Pt","Lucheng Pt","HB","1-------","RL","1401",,"",""
,"CN","LFN","Lufeng","Lufeng","GD","1-3-----","RL","0601",,"2257N 11538E",
,"CN","LUH","Lü-hua Shan","Lu-hua Shan","ZJ","1-------","RL","0401",,"3049N 12237E",
,"CN","LNN","Lunan","Lunan","AH","1-------","RL","1401",,"",""
,"CN","LJO","Lunjiao","Lunjiao","GD","--3-----","RL","1401",,"2252N 11312E",""
,"CN","LUB","Luobei","Luobei","HL","1-------","AS","1601",,"4734N 13049E",""
,"CN","LCW","Luochongwei","Luochongwei","GD","--3-----","RL","1401",,"",""
,"CN","LCN","Luocun","Luocun","GD","--3-----","RL","0607",,"2303N 11302E",
,"CN","LUO","Luoding","Luoding","GD","--3-----","RL","1401",,"",""
,"CN","LUG","Luogang","Luogang","GD","--3-----","RL","1401",,"",""
,"CN","LHE","Luohe","Luohe","HA","-----6--","AS","1601",,"",""
,"CN","LOH","Luohuang","Luohuang","CQ","1-------","RL","1401",,"",""
,"CN","LJT","Luojingtan","Luojingtan","HB","1-------","RL","1401",,"",""
,"CN","LHN","Luoniushan","Luoniushan","HI","--3-----","RL","1401",,"1954N 11033E",""
,"CN","LQI","Luoqi","Luoqi","CQ","1-------","RL","1401",,"",""
,"CN","LUX","Luoxi","Luoxi","44","--3-----","RL","0901",,"2303N 11317E",
,"CN","LYA","Luoyang","Luoyang","HA","-234----","AS","2107",,,""
,"CN","LYZ","Luoyang Railway Station","Luoyang Railway Station","HA","-2------","AS","1601",,,""
,"CN","JLY","Luoyuanwan","Luoyuanwan","FJ","-----6--","RL","1401",,"2625N 11942E",""
,"CN","LQU","Luquan","Luquan","13","--3-----","RL","0901",,"3804N 11417E",
,"CN","LSH","Lushun New Pt","Lushun New Pt","LN","1-------","AS","1407",,"3841N 12111E",""
,"CN","LUS","Lusi","Lusi","JS","1-------","AS","1601",,"3203N 12137E",""
,"CN","LWN","Luwan","Luwan","SH","--3--6--","RL","1401",,"",""
,"CN","LXP","Luxikou Pt","Luxikou Pt","HB","1-------","RL","1401",,"",""
,"CN","LZI","Luzhai","Luzhai","GX","1-------","RL","1401",,"",""
,"CN","LUZ","Luzhou","Luzhou","SC","1-------","AS","1601",,"2854N 10524E",""
,"CN","MAA","Ma'anshan","Ma'anshan","AH","123-----","AS","2107",,"3143N 11828E",""
,"CN","MBI","Mabian Island","Mabian Island","GD","1-------","RQ","1007",,"2267N 11465E",
,"CN","MCH","Machong","Machong","GD","--3-----","RL","0307",,"2302N 11334E",
,"CN","MAC","Macun","Macun","HI","1-------","AS","1401",,"1957N 11001E",
,"CN","SHM","Mafang","Mafang","GD","1-------","AS","1407",,"2321N 11241E",""
,"CN","MJS","Maji Shan","Maji Shan","ZJ","1-------","RL","0407",,"3040N 12224E",
,"CN","MJD","Majiadian","Majiadian","HB","1-------","RL","1401",,"",""
,"CN","MAJ","Majistan/Zhoushan","Majistan/Zhoushan","ZJ","1-------","RQ","0407",,"3001N 12206E",
,"CN","MAN","Manas","Manas","XJ","--3--6--","RL","0901",,"4418N 08613E",
,"CN","MDL","Mandula","Mandula","NM","--3-----","AS","1407",,,""
,"CN","MLX","Manzhouli","Manzhouli","NM","-23-----","AS","1401",,"4935N 11723E",""
,"CN","NZH","Manzhouli Xijiao Apt","Manzhouli Xijiao Apt","NM","---4----","AS","1601",,"",""
,"CN","MOG","Maogang","Maogang","GD","1-3-----","RQ","1001",,"2303N 11244E",
,"CN","MLG","Maoling","Maoling","GX","1-------","RL","1401",,"",""
,"CN","MMI","Maoming","Maoming","GD","-23-----","RL","1401",,,""
,"CN","MPP","Maoping Pt","Maoping Pt","HB","1-------","RL","1401",,"",""
,"CN","MSP","Maoshan Pt","Maoshan Pt","HB","1-------","RL","1401",,"",""
,"CN","MTZ","Matouzhen","Matouzhen","JX","1-------","RL","1401",,"",""
,"CN","MWN","Mawan Pt","Mawan Pt","GD","1-------","AS","1407",,"2227N 11353E",""
,"CN","MAW","Mawei Pt","Mawei Pt","FJ","1-------","AS","1407",,"2559N 11927E",""
,"CN","MAY","Mayong","Mayong","GD","1-------","AS","1401",,,
,"CN","MZS","Mazongshan","Mazongshan","GS","--3-----","AS","1601",,"4132N 09708E",""
,"CN","MCI","MCID - Private Terminal","MCID - Private Terminal",,"--3-----","RQ","0901",,"2302N 11331E",
,"CN","MIO","Meiao","Meiao","ZJ","1-------","RL","1401",,"",""
,"CN","MGG","Meigeng","Meigeng","AH","1-------","RL","1401",,"",""
,"CN","MLI","Meilin","Meilin","FJ","1-------","AS","1401",,"",""
,"CN","MSA","Meisha Pt","Meisha Pt","GD","1-------","AS","1601",,"2442N 11704E",""
,"CN","MSN","Meishan","Meishan","ZJ","1-------","AS","1407",,"",""
,"CN","MSG","Meishan Pt","Meishan Pt","ZJ","1-------","AS","1407",,,
,"CN","EIX","Meixian","Meixian","61","--3-----","RL","0901",,"3416N 10744E",
,"CN","MXZ","Meixian Changgangji Apt","Meixian Changgangji Apt","GD","---4----","AS","1407",,"",""
,"CN","MEZ","Meizhou","Meizhou","GD","--34----","RL","1401",,,""
,"CN","MZW","Meizhouwan","Meizhouwan","FJ","1-------","RL","1401",,"",""
,"CN","MCX","Mengcheng","Mengcheng","AH","-23-----","RL","1401",,"3316N 11633E",""
,"CN","MDN","Mengding","Mengding","YN","--3-----","AS","1601",,"2333N 09905E",""
,"CN","MLN","Menglian","Menglian","YN","--3-----","AS","1601",,"2220N 09943E",""
,"CN","MEN","Mengshan","Mengshan","GX","--3-----","RQ","1001",,"2412N 11031E",
,"CN","MYG","Mianyang","Mianyang","SC","-----6--","AS","1601",,"3130N 10442E",""
,"CN","MIG","Mianyang Nanjiao Apt","Mianyang Nanjiao Apt","SC","---4----","RL","1401",,"",""
,"CN","MSW","Miaoshanwei","Miaoshanwei","JS","--3-----","RL","0607",,"3406N 11739E",
,"CN","MOT","Miaotou","Miaotou","GD","1-------","AS","1401",,,
,"CN","MDU","Midu","Midu","YN","--3-----","RL","0607",,"2521N 10029E",
,"CN","MGX","Mingxi","Mingxi","35","--3-----","RL","0901",,"2614N 11737E",
,"CN","MNG","Minhang","Minhang","31","--3-----","RL","0901",,"3100N 12124E",
,"CN","MHG","Minxing","Minxing","SH","1-3--6--","RL","1401",,"",""
,"CN","MIS","Mishan","Mishan","HL","--3-----","AS","1601",,"4532N 13150E",""
,"CN","MIY","Miyun","Miyun","11","1----6--","RL","0901",,"4022N 11650E",
,"CN","MHN","Mohan","Mohan","YN","--3-----","AS","9506",,,
,"CN","MOH","Mohe","Mohe","HL","1-------","AS","1601",,"5301N 12227E",""
,"CN","LPG","Mouping","Mouping","SD","1-------","RL","1401",,"",""
,"CN","MYM","Moupingyangmadao","Moupingyangmadao","SD","1-------","RL","1401",,"",""
,"CN","MDG","Mudanjiang","Mudanjiang","HL","-234----","AS","2107",,"",""
,"CN","MUG","Mugang","Mugang","GD","--3-----","RL","1401",,"2304N 11224E",""
,"CN","MZT","Muzhaerte","Muzhaerte","XJ","--3-----","AS","1401",,,
,"CN","MZU","Muzhou","Muzhou","GD","1-------","RL","1401",,"",""
,"CN","GYN","Nanan","Nanan","GD","1-------","AS","1601",,"",""
,"CN","NNN","Nan'an","Nan'an","CQ","--3-----","RQ","1401",,"2932N 10635E",""
,"CN","NAS","Nan'an","Nan'an","FJ","-23-----","RL","2207",,,""
,"CN","NAN","Nanao Pt","Nanao Pt","GD","1-------","AS","1407",,"2326N 11741E",""
,"CN","NBA","Nanbian","Nanbian","GD","--3-----","RL","0607",,"2317N 11253E",
,"CN","NCH","Nanchang","Nanchang","JX","---45---","AS","1401",,"2840N 11555E",
,"CN","KHN","Nanchang Changbei International Apt","Nanchang Changbei International Apt","JX","---4----","AS","1601",,,""
,"CN","NCO","Nanchong","Nanchong","SC","-----6--","AS","1407",,,
,"CN","NDN","Nanding","Nanding","SD","-2------","RL","1401",,"",""
,"CN","NAD","Nandu","Nandu","GX","1-------","RL","1401",,"",""
,"CN","NAF","Nanfeng","Nanfeng","36","--3-----","RL","0901",,"2455N 11506E",
,"CN","NGG","Nangang","Nangang","GD","--3-----","RQ","9705",,,
,"CN","NAH","Nanhai Pt","Nanhai Pt","GD","1-------","AS","1407",,"2301N 11309E",""
,"CN","NNH","Nanhui","Nanhui","SH","-----6--","AS","1401",,"3103N 12145E",
,"CN","NJK","Nanjiangkou","Nanjiangkou","GD","1-------","AS","1401",,"2307N 11148E",""
,"CN","NJI","Nanjing","Nanjing","JS","1--45---","AS","1401",,"3203N 11846E",""
,"CN","NKG","Nanjing Lukou International Apt","Nanjing Lukou International Apt","JS","---4----","AS","1601",,,""
,"CN","NJG","Nanjing Pt","Nanjing Pt","JS","1-------","AS","1601",,"",""
,"CN","NLG","Nanling","Nanling","AH","--3-----","RL","0607",,"3055N 11819E",
,"CN","NIN","Nanning","Nanning","GX","1-345---","AS","1601",,"2248N 10819E",""
,"CN","NIG","Nanning Pt","Nanning Pt","GX","1-------","AS","1601",,"",""
,"CN","NNG","Nanning Wuxu International Apt","Nanning Wuxu International Apt","GX","---4----","AS","1601",,,""
,"CN","ANI","Nanpi","Nanpi","13","--3-----","RL","0901",,"3802N 11642E",
,"CN","NPS","Nanping","Nanping","FJ","-23-----","AS","1407",,"2213N 11329E",""
,"CN","NAP","Nanping","Nanping","JL","--3-----","AS","1401",,"4216N 12911E",""
,"CN","NQO","Nanqiao","Nanqiao","SH","--3-----","RL","1401",,"",""
,"CN","NSN","Nansan","Nansan","YN","--3-----","AS","1401",,,
,"CN","NSA","Nansha Pt","Nansha Pt","GD","1-------","AS","1407",,"2245N 11335E",""
,"CN","NSH","Nanshan","Nanshan","GD","--3-----","RL","1401",,"2232N 11356E",""
,"CN","NTG","Nantong","Nantong","JS","1234----","AS","2107",,"3201N 12051E",""
,"CN","NTU","Nantou","Nantou","GD","--3-----","RL","1401",,,""
,"CN","NWI","Nanwei","Nanwei","GD","--3-----","RL","0907",,"2132N 11021E",""
,"CN","NNX","Nanxi","Nanxi","SC","1-------","RL","1401",,"",""
,"CN","NXI","Nanxiang","Nanxiang","GX","1-------","RL","1401",,"",""
,"CN","NYG","Nanyang","Nanyang","32","--3-----","RL","0901",,"3505N 11640E",
,"CN","NYA","Nanyang","Nanyang","HA","-----6--","AS","1401",,"3300N 11232E",
,"CN","NAY","Nanyuan","Nanyuan","BJ","---4----","RL","1401",,"4015N 11630E",""
,"CN","NZA","Nanzhuang","Nanzhuang","HA","--3-----","RL","0607",,"3454N 11253E",
,"CN","NZU","Nanzhuang","Nanzhuang","HE","--3-----","RL","0607",,"3824N 11539E",
,"CN","ZNZ","Naozhou","Naozhou","GD","1-------","AS","1407",,"2055N 11035E",
,"CN","NAT","Natong","Natong","GX","--3-----","RL","0607",,"2303N 10751E",
,"CN","NWA","Nawan","Nawan","GX","--3-----","RQ","0907",,"2303N 10553E",
,"CN","NEG","Neigang","Neigang","GD","1-------","RQ","0507",,"2306N 11325E",
,"CN","NSY","Nianshanyapojiao","Nianshanyapojiao","GD","1-------","AS","1401",,,
,"CN","NZG","Nianzigou","Nianzigou","XJ","--3-----","AS","1407",,"",""
,"CN","NCA","Nicha","Nicha","AH","1-------","RL","1401",,"",""
,"CN","NIA","Ning'an","Ning'an","HL","-23-----","RL","0607",,"4420N 12928E",
,"CN","NBO","Ningbo","Ningbo","ZJ","12-4----","AS","2007",,"2952N 12133E",""
,"CN","NGB","Ningbo Lishe International Apt","Ningbo Lishe International Apt","ZJ","---4----","AS","1601",,,""
,"CN","NBG","Ningbo Pt","Ningbo Pt","ZJ","1-------","AS","1401",,"2955N 12140E",
,"CN","NDE","Ningde","Ningde","FJ","1-------","RL","1401",,"",""
,"CN","NGU","Ningguo","Ningguo","41","--3-----","RL","0901",,"3590N 11310E",
,"CN","NHE","Ninghe","Ninghe","12","--3-----","RL","0901",,"3927N 11745E",
,"CN","NMI","Ningming","Ningming","GX","1-------","RL","1401",,"",""
,"CN","NGW","Ningwu","Ningwu","SX","--3-----","RQ","1001",,"3908N 11218E",
,"CN","NKL","Niuguling","Niuguling","GD","1-------","AS","1401",,,
,"CN","NTN","Niutoushan","Niutoushan","AH","1-------","RL","1401",,"",""
,"CN","NUD","Nudao","Nudao","SD","1-------","AS","1401",,"3623N 12052E",
,"CN","LZY","Nyingchi","Nyingchi","XZ","-234----","RL","2107",,"",""
,"CN","ORD","Ordos","Ordos","NM","-----6--","AS","1407",,,
,"CN","PZO","Paizhou","Paizhou","HB","1-------","RL","1401",,"",""
,"CN","PAJ","Panjin","Panjin","LN","1-------","AS","1401",,"4107N 12203E",
,"CN","PNT","Pantang","Pantang","HB","1-------","RL","1401",,"",""
,"CN","PYU","Panyu","Panyu","GD","--3-----","RL","1401",,"",""
,"CN","PZI","Panzhihua","Panzhihua","SC","-234----","RL","2107",,"",""
,"CN","PZH","Panzhihuazhan","Panzhihuazhan","SC","-2------","AS","1601",,"2634N 10143E",""
"=","CN","","Peking = Beijing","Peking = Beijing","",,"",,"","",""
,"CN","PLI","Penglai Pt","Penglai Pt","SD","1-------","AS","1407",,"3748N 12045E",""
,"CN","PZE","Pengze","Pengze","JX","1-------","RL","1401",,"",""
,"CN","PMA","Pianma","Pianma","YN","--3-----","AS","1401",,"2601N 09837E",
,"CN","PKO","Pikou","Pikou","LN","1-------","RL","1401",,"",""
,"CN","PND","Pingdi","Pingdi","GZ","--3-----","RL","0001",,,
"|","CN","PDE","Pingdingshan","Pingdingshan","HA","-2------","RL","2407",,"3344N 11318E",""
,"CN","PDU","Pingdu","Pingdu","37","-----6--","RL","0901",,"3647N 11659E",
,"CN","PIG","Pinggu","Pinggu","BJ","-----6--","AS","1601",,"4008N 11707E",""
,"CN","PII","Pinghai","Pinghai","GD","--3-----","RL","0207",,"2236N 11451E",
,"CN","PHU","Pinghu","Pinghu","GD","--3-----","RL","0105",,,
,"CN","PNH","Pinghu","Pinghu","GZ","--3-----","RL","0001",,,
,"CN","PNU","Pinghu","Pinghu","ZJ","--3--6--","RL","0501",,"3042N 12100E",
,"CN","PHN","Pinghu'Nan","Pinghu'Nan","GD","-2------","RL","1401",,"",""
,"CN","PIL","Pingle","Pingle","GX","1-------","RL","1401",,"",""
,"CN","PGM","Pingmeng","Pingmeng","GX","--3-----","AS","1401",,,
,"CN","PGN","Pingnan","Pingnan","GX","1-------","RL","1401",,"",""
,"CN","PSH","Pingsha","Pingsha","GD","1-------","RL","1401",,"",""
,"CN","PNS","Pingshan","Pingshan","GD","--3-----","RL","0001",,,
,"CN","PXM","Pingshaxinmatou","Pingshaxinmatou","GD","1-------","AS","1401",,"2206N 11310E",
,"CN","PIS","Pingshi","Pingshi","GD","-2------","RL","1401",,"",""
,"CN","PTN","Pingtan","Pingtan","FJ","123-----","AA","2301",,"2530N 11943E",
,"CN","PIN","Pingxiang Railway Station","Pingxiang Railway Station","GX","-2------","AS","1601",,"2207N 10644E",""
,"CN","PGZ","Pingzhou","Pingzhou","GD","1-------","AS","1401",,"2302N 11312E",
"|","CN","PJS","Pizhou","Pizhou","JS","1-------","RL","2407",,"3420N 11801E",""
,"CN","POJ","Poji","Poji","GD","--3-----","RL","0907",,"2145N 11016E",""
,"CN","PJO","Pojiao","Pojiao","GZ","1-------","RL","1401",,"",""
"=","CN","","Port Arthur = Lushun New Pt","Port Arthur = Lushun New Pt","",,"",,"","",""
,"CN","PCH","Pucheng","Pucheng","35","--3-----","RL","0901",,"2544N 11848E",
,"CN","PDG","Pudong/Shanghai","Pudong/Shanghai","SH","1-3-----","RL","0607",,"3114N 12130E",
,"CN","PDX","Pudongxinqu Pt","Pudongxinqu Pt","SH","1-------","RL","1401",,"",""
,"CN","PNG","Puning","Puning","GD","-----6--","RL","1701",,"2318N 11610E",
,"CN","PQI","Puqi","Puqi","ZJ","1-------","RL","1401",,"",""
,"CN","PQA","Puqian","Puqian","HI","1-------","RL","1401",,"",""
,"CN","PUT","Putian","Putian","FJ","1----6--","AS","1601",,"2426N 11901E",""
,"CN","PXI","Puxi","Puxi","ZJ","1-------","RL","1401",,"",""
,"CN","PYG","Puyang","Puyang","41","123--6--","RL","0901",,"3542N 11500E",
,"CN","QDO","Qiandong","Qiandong","44","--3-----","RL","0901",,"2339N 11654E",
,"CN","QJO","Qiangjiao","Qiangjiao","ZJ","1-------","RL","1401",,"",""
,"CN","QHW","Qianhaiwan Pt","Qianhaiwan Pt","GD","0-------","AS","1601",,"2232N 11354E",
,"CN","QSN","Qianshan/Zhuhai","Qianshan/Zhuhai","GD","1-3--6--","RL","1401",,"2214N 11331E",""
,"CN","QAW","Qianwan","Qianwan","SD","1-3-----","RL","0401",,"3603N 12013E",
,"CN","QIA","Qianxi","Qianxi","HE","--3-----","RL","9901",,,
,"CN","QNX","Qianxian","Qianxian","61","--3-----","RL","0901",,"3431N 10813E",
,"CN","LJQ","Qianyu","Qianyu","FJ","1-------","AS","1407",,"2612N 11931E",""
,"CN","QIE","Qiaoshe","Qiaoshe","GD","--3-----","RL","1401",,"",""
,"CN","QTU","Qiaotou","Qiaotou","QH","-23-----","RL","0607",,"3656N 10142E",
,"CN","QXU","Qiaoxu","Qiaoxu","45","--3-----","RL","0901",,"2305N 10936E",
,"CN","QID","Qidong","Qidong","JS","-23-----","AS","2107",,"3148N 12139E",""
,"CN","IQM","Qiemo Apt","Qiemo Apt","XJ","---4----","RL","1401",,"",""
,"CN","QIH","Qihe","Qihe","37","--3-----","RL","0901",,"3642N 11647E",
,"CN","QKE","Qike","Qike","HL","1-------","RL","1401",,"",""
,"CN","QMN","Qimen","Qimen","ZJ","1-------","RL","1401",,"",""
,"CN","QDL","Qindeli","Qindeli","HL","1-------","RL","1401",,"",""
,"CN","QIN","Qingdao","Qingdao","SD","12-45---","AS","2007",,"3603N 12019E",""
,"CN","TAO","Qingdao Jiaodong International Apt","Qingdao Jiaodong International Apt","SD","---4----","AS","2201",,,""
,"CN","QDG","Qingdao Pt","Qingdao Pt","SD","1-------","AS","1601",,"",""
,"CN","QGG","Qingge","Qingge","HI","1-------","RL","1401",,"",""
,"CN","QIG","Qingguji / Shangqiu","Qingguji / Shangqiu","41","1----6--","RL","0901",,"3441N 11546E",
,"CN","QHE","Qinghe","Qinghe","HL","1-------","RL","1401",,"",""
,"CN","QJI","Qingjiang","Qingjiang","ZJ","1-------","RL","1401",,"",""
,"CN","QLN","Qinglan Pt","Qinglan Pt","HI","1-------","AS","1407",,"1933N 11049E",""
,"CN","QLU","Qingliu","Qingliu","35","--3-----","RQ","0901",,"2614N 11737E",
,"CN","QGP","Qingpu","Qingpu","SH","-----6--","AS","1401",,"2553N 11923E",
,"CN","QGS","Qingshi","Qingshi","JL","1-------","AS","1401",,"4122N 12631E",
,"CN","QSE","Qingshuihe/Shenzhen","Qingshuihe/Shenzhen","GD","1----6--","RQ","1401",,,""
,"CN","QXI","Qingxi","Qingxi","GD","--3-----",,"1907",,"2251N 11409E",
,"CN","QIX","Qingxian","Qingxian","13","--3-----","RL","0901",,"3835N 11648E",
,"CN","QYA","Qingyang","Qingyang","JS","1-------","RL","1401",,"",""
,"CN","IQN","Qingyang Xifengzhen Apt","Qingyang Xifengzhen Apt","GS","---4----","RL","1401",,"",""
,"CN","QGY","Qingyuan","Qingyuan","GD","1-------","AS","1401",,"2342N 11301E",
,"CN","QOU","Qingzhou","Qingzhou","35","--3-----","RL","0901",,"2632N 11758E",
,"CN","QGZ","Qingzhou","Qingzhou","SD","-2------","RL","1401",,"",""
,"CN","SHP","Qinhuangdao Pt","Qinhuangdao Pt","HE","1-------","AS","1601",,"3955N 11935E",""
,"CN","QJG","Qinjiang","Qinjiang","GX","1-------","RL","1401",,"",""
,"CN","QZH","Qinzhou","Qinzhou","GX","123-----","AS","2107",,,""
,"CN","SAJ","Qinzhoushajing","Qinzhoushajing","GX","1-------","RL","1401",,"",""
,"CN","QHA","Qionghai","Qionghai","HI","--3-----","RL","1401",,"1912N 11024E",""
,"CN","QZG","Qiongzhong","Qiongzhong","HI","--3-----","RL","1401",,"2000N 11020E",""
,"CN","NDG","Qiqihar","Qiqihar","HL","-234----","AS","2107",,,""
,"CN","QSA","Qisha Pt","Qisha Pt","GX","1-------","AS","1407",,"2135N 10828E",""
,"CN","QXT","Qixingtai","Qixingtai","HB","1-------","RL","1401",,"",""
,"CN","QZO","Qizhou","Qizhou","HB","1-------","RL","1401",,"",""
,"CN","TCG","Qoqek Apt","Qoqek Apt","XJ","---4----","AS","1401","","",""
,"CN","QUG","Quangang,Quanzhou","Quangang,Quanzhou","FJ","123--6--",,"2307",,"2508N 11855E",
,"CN","QUH","Quanhe","Quanhe","JL","--3-----","AS","1601",,"",""
,"CN","QUJ","Quanjiao","Quanjiao","AH","-----6--","RL","1107",,"3202N 11804E",
,"CN","QYG","Quanyang","Quanyang","JL","-23-----","RL","0607",,"4221N 12733E",
,"CN","QZL","Quanzhou","Quanzhou","FJ","1-------","AS","1401",,"2456N 11836E",
,"CN","JJN","Quanzhou Jinjiang Apt","Quanzhou Jinjiang Apt","FJ","---4----","AS","1407",,"2449N 11834E",""
,"CN","QUF","Qufu","Qufu","SD","-23--6--","RL","1401",,"",""
"|","CN","QUI","Qujing","Qujing","YN","-23-56--","AS","2407",,"2529N 10347E",""
,"CN","QKU","Qukou","Qukou","HI","1-------","RL","1401",,"",""
,"CN","JDR","Quxi","Quxi","GD","1-------","AS","1407",,"2335N 11626E",""
,"CN","QUY","Quyang","Quyang","13","--3-----","RL","0901",,"3937N 11443E",
,"CN","QZS","Quzhou","Quzhou","ZJ","-----6--","AS","1407",,,
,"CN","ROH","Raohe","Raohe","HL","1-------","AS","1601",,"4648N 13400E",""
,"CN","RPG","Raoping","Raoping","GD","1-3-----","RL","0401",,"2340N 11700E",
,"CN","RNH","Renhe","Renhe","CQ","--3-----","RL","0607",,"2938N 10632E",
,"CN","RKZ","Rikaze","Rikaze","XZ","--3-----","RL","1401",,"",""
,"CN","RIW","Riwo","Riwo","XZ","--3-----","AS","1601",,,""
,"CN","RZH","Rizhao","Rizhao","SD","123-----","AS","2107",,"3523N 11932E",""
,"CN","RGA","Rong'an","Rong'an","GX","1-------","RL","1401",,"",""
,"CN","RGC","Rongcheng","Rongcheng","GD","1-------","AS","1401",,,
,"CN","RCH","Rongcheng","Rongcheng","HB","1-------","RL","1401",,"",""
,"CN","RNG","Rongcheng","Rongcheng","HE","--3-----","RL","1401",,,""
,"CN","RCG","Rongcheng","Rongcheng","SD","1-3-----","RL","1401",,"3709N 12223E",""
,"CN","RJG","Rongjiang","Rongjiang","GZ","1-------","RL","1401",,"",""
,"CN","ROQ","Rongqi Pt","Rongqi Pt","GD","1-------","AS","1601",,"2247N 11316E",""
,"CN","RSI","Rongshui","Rongshui","GX","1-------","RL","1401",,"",""
,"CN","RXN","Rongxian","Rongxian","FJ","--3-----","RL","1401",,"2705N 11926E",""
,"CN","RDO","Rudong","Rudong","32","--3-----","RQ","0901",,"3126N 11929E",
,"CN","RUD","Rudong","Rudong","44","--3-----","RL","0901",,"2136N 11126E",
,"CN","RUG","Rugao","Rugao","JS","123-----","AS","2107",,"",""
,"CN","RIA","Ruian","Ruian","ZJ","1----6--","RL","1401",,"",""
,"CN","RAG","Ruichang","Ruichang","JX","1-------","RL","1401",,"",""
,"CN","RUC","Ruicheng","Ruicheng","14","--3-----","RL","0901",,"3441N 11040E",
,"CN","RUJ","Ruijin","Ruijin","36","--3-----","RL","0901",,"2548N 11600E",
,"CN","RUI","Ruili","Ruili","YN","--3---7-","AS","1601",,"2400N 09750E",""
,"CN","RJN","Runjiang","Runjiang","JS","1-------","RL","1401",,"",""
,"CN","WHR","Rushan","Rushan","SD","1-------","AS","1407",,,""
,"CN","RSN","Rushankou","Rushankou","SD","1-------","RL","1401",,"",""
,"CN","SIQ","Saiqi","Saiqi","FJ","1-------","AS","1401",,"2658N 11941E",
,"CN","SBM","Sanbaimen","Sanbaimen",,"1-------","AS","1601",,"",""
,"CN","SAU","Sanbu","Sanbu","GS","--3-----","RL","0207",,"3834N 10046E",
,"CN","SBU","Sanbu Pt","Sanbu Pt","GD","1-------","AS","1601",,,""
,"CN","SDP","Sandouping","Sandouping","HB","1-------","RL","1401",,"",""
,"CN","ANH","Sanhe","Sanhe","GD","--3-----","RL","1401",,"2112N 10951E",""
,"CN","SAH","Sanhe","Sanhe","JL","--3-----","AS","1401",,"4228N 12943E",""
,"CN","SAA","Sanhua","Sanhua","HB","1-------","RL","1401",,"",""
,"CN","SIG","Sanjiang","Sanjiang","JS","1-------","RL","1401",,"",""
,"CN","PTS","Sanjiangkou","Sanjiangkou","FJ","1-------","AS","1407",,,""
,"CN","SNP","Sanmenpo","Sanmenpo","46","--3-----","RL","0901",,"1943N 11033E",
,"CN","SMX","Sanmenxia","Sanmenxia","HA","--3-----","RL","2107",,"3403N 11114E",""
,"CN","SMS","Sanming","Sanming","FJ","-----6--","AS","1407",,,
,"CN","SAM","Sanming / Shanming Shi","Sanming / Shanming Shi","35","1----6--","RL","0901",,"2614N 11737E",
,"CN","SRG","Sanrong","Sanrong","GD","1----6--","RQ","0407",,,
,"CN","SNS","Sansha","Sansha","FJ","1-------","AS","1601",,"2656N 12013E",""
,"CN","NHS","Sanshan pt","Sanshan pt","GD","1-------","AS","1407",,,""
,"CN","SNU","Sanshu","Sanshu","JS","--3-----","RL","0607",,"3338N 11851E",
,"CN","SJQ","Sanshui","Sanshui","GD","1-------","AS","1601",,"2310N 11252E",""
,"CN","SYX","Sanya","Sanya","HI","-234----","AS","2107",,,""
,"CN","SYA","Sanya Pt","Sanya Pt","HI","1-------","AS","1601",,"3347N 12015E",""
,"CN","SNA","Sanyang","Sanyang","JS","1-------","RL","1401",,"",""
,"CN","SNL","Sanyuanli/Guangzhou","Sanyuanli/Guangzhou","GD","-23-----","RL","0607",,"2309N 11315E",
,"CN","SZA","Sanzao","Sanzao","GD","1-3-----","RL","1401",,"2203N 11321E",""
,"CN","SZO","Sanzhou","Sanzhou","HB","1-------","RL","1401",,"",""
,"CN","KJC","Science City","Science City","44","--3-----","RQ","0901",,"2306N 11327E",
,"CN","NDS","Shacheng","Shacheng","FJ","1-------","AS","1407",,"2639N 11931E",""
,"CN","SAT","Shadi","Shadi","GD","1-------","AS","1401",,"2136N 11247E",
,"CN","SDU","Shadui","Shadui","GD","--3--6--","RL","0507",,"2218N 11308E",
,"CN","SAE","Shahe","Shahe","BJ","-23-----","RL","0607",,"4007N 11616E",
,"CN","SEZ","Shahezi","Shahezi","HL","1-------","RL","1401",,"",""
,"CN","SHO","Shajiao","Shajiao","GD","1-------","RL","9901",,,
,"CN","SHJ","Shajing","Shajing","GD","--3-----","RL","9805",,,
,"CN","SAL","Shalingzhuang","Shalingzhuang","SD","-2------","RL","1401",,"",""
,"CN","SAD","Shandong","Shandong","BJ","--3-----","RL","1401",,"",""
,"CN","SGH","Shanghai","Shanghai","SH","12345---","AS","1401",,"3114N 12129E",""
,"CN","SHA","Shanghai Hongqiao International Apt","Shanghai Hongqiao International Apt","SH","---4----","AS","1601",,,""
"|","CN","SHG","Shanghai Pt","Shanghai Pt","SH","1-------","AS","2407",,"3038N 12204E",""
,"CN","PVG","Shanghai Pudong International Apt","Shanghai Pudong International Apt","SH","---4----","AS","1401",,"",""
,"CN","SHZ","Shanghai Railway Station","Shanghai Railway Station","SH","-23-----","AS","1601",,"",""
,"CN","SQS","Shangqiu","Shangqiu","HA","-----6--","AS","2107",,,""
,"CN","SRS","Shangrao","Shangrao","JX","-----6--","AS","1407",,,
,"CN","SGI","Shangsi","Shangsi","45","--3-----","RL","0901",,"2147N 10823E",
,"CN","SGU","Shangyu","Shangyu","ZJ","1-3--6--","RL","1401",,"3000N 12052E",""
,"CN","SXJ","Shanshan","Shanshan","XJ","1-34----","RL","1401",,"4252N 09010E",""
,"CN","SNI","Shanshi","Shanshi","HL","-23-----","RL","0907",,"4434N 12906E",""
,"CN","SSI","Shanshui","Shanshui","SX","--3-----","RL","0607",,"3841N 11232E",
,"CN","STG","Shantou","Shantou","GD","123-----","AS","2107",,"2325N 11646E",""
,"CN","SAW","Shanwai","Shanwai","ZJ","1----6--","RL","1401",,"2803N 12112E",""
,"CN","SWE","Shanwei","Shanwei","GD","123-----","AS","2107",,"2247N 11521E",""
,"CN","HSC","Shaoguan New Pt","Shaoguan New Pt","GD","1-------","AS","1601",,"2448N 11337E",""
,"CN","SOS","Shaoshan","Shaoshan","HN","-----6--","AS","1401",,"2754N 11229E",
,"CN","SWU","Shaowu","Shaowu","35","--3-----","RL","0901",,"2718N 11730E",
,"CN","SXG","Shaoxing","Shaoxing","ZJ","-----6--","AS","1601",,"3000N 12034E",""
,"CN","AOY","Shaoyang","Shaoyang","43","--3-----","RL","0901",,"2714N 11128E",
,"CN","SPA","Shapa","Shapa","GD","1-------","AS","1401",,"2130N 11129E",
,"CN","SAP","Shaping","Shaping","GX","1-------","RL","1401",,"",""
,"CN","SPB","Shapingba","Shapingba","CQ","--3-----","RL","1401",,"",""
,"CN","SSN","Shashan","Shashan","ZJ","1-------","RL","1401",,"",""
,"CN","SSG","Shashangang","Shashangang","44","1-3-----","RQ","0901",,"",
,"CN","SHS","Shashi","Shashi","HB","--3-----","RL","0201","","3019N 11214E",
"|","CN","STI","Shatian","Shatian","GD","1-------","AS","2407",,"2255N 11336E","coordinates"
,"CN","SHT","Shating","Shating","GD","1-3--6--","RL","0407",,"2303N 11326E",
,"CN","STO","Shatou","Shatou","GD","--3-----","RL","0607",,"2246N 11351E",
,"CN","STJ","Shatoujiao","Shatoujiao","GD","--3-----","AS","1401",,"2233N 11413E",""
,"CN","STZ","Shatuozi","Shatuozi","22","--3-----","AS","0901",,"",
,"CN","SWN","Shawan","Shawan","GD","--3-----","RL","9805",,,
,"CN","SXN","Shaxian","Shaxian","35","--3-----","RL","0901",,"2414N 11737E",
,"CN","SYC","Shayuchong","Shayuchong","GD","1-------","AS","1401",,,
,"CN","SHK","Shekou Pt","Shekou Pt","GD","1-------","AS","1601",,"2229N 11355E",""
,"CN","SGD","Shengdong","Shengdong","ZJ","-----6--","RQ","1001",,"3013N 12119E",
,"CN","SGZ","Shengzhou","Shengzhou","ZJ","--3-----","RL","1401",,"2935N 12049E",""
,"CN","SNH","Shenhu","Shenhu","FJ","1-------","AS","1401",,"2437N 11840E",
,"CN","SQN","Shenquan","Shenquan","GD","1-------","RL","1401",,"",""
,"CN","SNW","Shenwan","Shenwan","GD","1-------","AS","1601",,"",""
,"CN","SHY","Shenyang","Shenyang","LN","-2-45---","AS","1601",,"4148N 12325E",""
,"CN","SHE","Shenyang Taoxian International Apt","Shenyang Taoxian International Apt","LN","---4----","AS","1601",,,""
,"CN","SYD","Shenyangdong Railway Station","Shenyangdong Railway Station","LN","-2------","AS","1601",,,""
,"CN","SNZ","Shenzhen","Shenzhen","GD","12345---","AS","1401",,"2233N 11407E",""
,"CN","SZX","Shenzhen Baoan International Apt","Shenzhen Baoan International Apt","GD","---45---","AS","1601",,"",""
"|","CN","SZP","Shenzhen Pt","Shenzhen Pt","GD","1-------","RL","2407",,"2230N 11353E",""
,"CN","SZZ","Shenzhen Railway Station","Shenzhen Railway Station","GD","-2------","AS","1601",,,""
,"CN","SZW","Shenzhenwan","Shenzhenwan","GD","--3-----","AS","1401",,"2228N 11355E",""
,"CN","SEY","Sheyang","Sheyang","JS","1-------","AS","1401",,"3346N 12015E",
,"CN","SBH","Shibahe","Shibahe","AH","1-------","RL","1401",,"",""
,"CN","SBL","Shibalidian","Shibalidian","BJ","--3-----","AS","1401",,"3950N 11629E",
,"CN","SHD","Shidao Pt","Shidao Pt","SD","1-------","AS","1407",,"3652N 12226E",""
,"CN","SGO","Shigang'ao","Shigang'ao","GD","--3-----","RQ","1401",,"2306N 11327E",""
,"CN","SZI","Shihezi","Shihezi","XJ","--3-----","RL","1707",,"4418N 08602E",""
,"CN","SHU","Shihu","Shihu","FJ","--3-----","RQ","0104",,,
,"CN","SJZ","Shijiazhuang","Shijiazhuang","HE","-2-45---","AS","1401",,"3802N 11430E",
,"CN","SJW","Shijiazhuang Zhengding International Apt","Shijiazhuang Zhengding International Apt","HE","---4----","AS","1601",,"",""
,"CN","SJE","Shijie","Shijie","GD","--3-----","RL","0212",,"2305N 11347E",
,"CN","SIJ","Shijing","Shijing","FJ","1-------","AS","1401",,"2437N 11826E",
,"CN","SJJ","Shijingjiaoxin","Shijingjiaoxin","GD","1-------","AS","1401",,,
,"CN","SJO","Shijitou","Shijitou","HB","1-------","RL","1401",,"",""
"=","CN","","Shijiu = Rizhao","Shijiu = Rizhao","",,"",,"","",""
,"CN","SJU","Shijiu Pt","Shijiu Pt","SD","1-------","AS","1407",,"3622N 11933E",""
,"CN","SLG","Shiliugang","Shiliugang","GD","1-------","AS","1407",,,""
,"CN","SLO","Shilou","Shilou","GD","1-3--6--","RL","0607",,"2301N 11330E",
,"CN","SLU","Shilu","Shilu","HI","--3-----","RL","1401",,"",""
,"CN","ZSM","Shima","Shima","FJ","1-------","AS","1407",,,""
,"CN","SPI","Shipai","Shipai","AH","1-3-----","RL","0607",,"3019N 11639E",
,"CN","XSP","Shipu","Shipu","ZJ","1-------","AS","1407",,"2929N 12151E",""
,"CN","SHQ","Shiqi","Shiqi","GD","1-------","AS","1601",,"",""
,"CN","PNY","Shiqiao","Shiqiao","GD","1-------","AS","1601",,"2257N 11322E",""
,"CN","SQU","Shiqiao","Shiqiao","GX","--3-----","RL","0207",,"2350N 11133E",
,"CN","SSQ","Shiqiaopu","Shiqiaopu","HB","--3-----","RQ","1001",,"3046N 11535E",
,"CN","SIP","Shiqu Pt","Shiqu Pt","SH","1-------","RL","1401",,"",""
,"CN","SQH","Shiquanhe","Shiquanhe","XZ","-----6--","AS","1407",,,
,"CN","SSA","Shishan","Shishan","LN","--3-----","RL","1401",,"4116N 12130E",""
,"CN","SHH","Shishi","Shishi","FJ","1-3-----","AS","1601",,"2444N 11838E",""
"x","CN","STN","Shitan","Shitan","44","--3-----","XX","2407",,"2312N 11345W",""
,"CN","STB","Shitoubu Pt","Shitoubu Pt","GX","1-------","AS","1407",,"2135N 10933E",""
,"CN","SAN","Shiwan","Shiwan","GD","1-3-----","RL","1401",,"2300N 11305E",""
,"CN","SHN","Shiwan","Shiwan","HN","--3-----","RL","0607",,"2810N 11348E",
,"CN","SWI","Shiwei","Shiwei","NM","1-------","AS","1401",,"5118N 11955E",""
,"CN","SXI","Shixing","Shixing","GD","--3-----","RL","1401",,"2448N 11335E",""
,"CN","SYN","Shiyan","Shiyan","GD","--3-----","RL","9901",,,
,"CN","SIY","Shiyan","Shiyan","HB","-234-6--","AS","2107",,"3240N 11047E",""
,"CN","SYG","Shiyang","Shiyang","AH","1-------","RL","1401",,"",""
,"CN","SIU","Shizhu","Shizhu","CQ","1-------","RL","1401",,"",""
,"CN","SZS","Shizuishan","Shizuishan","NX","--3-----","AA","2301",,"3859N 10622E",
,"CN","SGN","Shouguang","Shouguang","37","--3-----","RL","0901",,"3652N 11844E",
,"CN","SAC","Shuangcheng","Shuangcheng","23","-----6--","RL","0901",,"4521N 12617E",
,"CN","SSP","Shuangshui","Shuangshui","GD","1-------","RL","1401",,"",""
,"CN","SUB","Shuibu","Shuibu","GD","--3--6--","RL","0601",,"2220N 11246E",
,"CN","SDG","Shuidong Pt","Shuidong Pt","GD","1-------","AS","1407",,"2131N 11100E",""
,"CN","SIK","Shuikou","Shuikou","GD","1-------","AS","1401",,"2214N 11056E",
,"CN","SKO","Shuikou","Shuikou","GX","--3-----","AS","1401",,"2256N 11020E",""
,"CN","SUD","Shunde Pt","Shunde Pt","GD","1-------","AS","1601",,"2250N 11315E",""
,"CN","SNY","Shunyi","Shunyi","BJ","-----6--","AS","1401",,"4008N 11639E",
,"CN","SHL","Shuolong","Shuolong","GX","1-------","AS","1601",,"2248N 10648E",""
,"CN","SUY","Shuyang","Shuyang","32","--3-----","RL","0901",,"3407N 11846E",
,"CN","SIH","Sihui","Sihui","GD","--3-----","RL","1401",,,""
,"CN","SJT","Sijitun","Sijitun","23","1-------","AS","0901",,"",
,"CN","SKG","Sikeng","Sikeng","GD","--3-----","RL","1401",,"2303N 11214E",""
,"CN","SKS","Sikuaishi","Sikuaishi","LN","1-------","AS","1401",,"3917N 12234E",""
,"CN","SYM","Simao","Simao","YN","1-------","AS","1401",,"2248N 10058E",""
,"CN","SPG","Siping","Siping","21","-----6--","RL","0901",,"4105N 12444E",
,"CN","SOG","Songgai","Songgai","CQ","1-------","RL","1401",,"",""
,"CN","SAG","Songgang","Songgang","GD","--3-----","RL","0607",,"2245N 11350E",
,"CN","SGJ","Songjiang","Songjiang","SH","1-------","AS","1401",,"3101N 12114E",
,"CN","SMN","Songmen","Songmen","ZJ","1-------","RL","1401",,"",""
,"CN","SGS","Songshu","Songshu","21","-----6--","RL","0901",,"3949N 12205E",
,"CN","SON","Songxia Pt","Songxia Pt","FJ","1-------","AS","1407",,"2541N 11935E",""
,"CN","SGY","Songyuan","Songyuan","JL","--3-----","AA","2201",,"4509N 12449E",
,"CN","SZK","Songzikou","Songzikou","HB","1-------","RL","1401",,"",""
,"CN","SBN","Suibin","Suibin","HL","1-------","AS","1401",,"4718N 13151E",""
,"CN","SCH","Suichang","Suichang","33","--3-----","RL","0901",,"2835N 11916E",
,"CN","CFF","Suidong","Suidong","HL","1-------","RL","1401",,"",""
,"CN","SFH","Suifenhe","Suifenhe","HL","-234----","AS","2107",,"4425N 13111E",""
,"CN","SFE","Suifenhe Railway Station","Suifenhe Railway Station","HL","-2------","AS","1601",,,""
,"CN","SUG","Suigang","Suigang","44","--3-----","RL","0901",,"2306N 11327E",
,"CN","SGG","Suijiang","Suijiang","YN","--3-----","RL","0001",,,
,"CN","SNN","Suining","Suining","SC","1-------","AS","1801",,"3032N 10532E",
,"CN","SUX","Suixi","Suixi","44","--3-----","RL","0901",,"2123N 11014E",
,"CN","SIZ","Suizhong","Suizhong","LN","1-------","RL","1401",,"",""
,"CN","SUU","Suizhou","Suizhou","HB","--3-----","AA","2201",,"3142N 11323E",
,"CN","WUX","Sunan Shuofang International Apt","Sunan Shuofang International Apt","JS","---4----","AS","1601",,"",""
,"CN","SUW","Sunwu","Sunwu","HL","1------B","AS","1401",,"4925N 12719E",""
,"CN","SUQ","Suqian","Suqian","JS","-----6--","AS","1407",,,
,"CN","SUH","Suzhou","Suzhou","AH","--3-----","RL","1101",,"3338N 11658E",
,"CN","SUZ","Suzhou","Suzhou","GS","--3-----","RL","1101",,"3946N 09834E",
,"CN","SZH","Suzhou","Suzhou","JS","1---56--","AS","1601","SZV","3119N 12037E",""
,"CN","SZG","Suzhou Pt","Suzhou Pt","JS","1-------","AS","1407",,,
"=","CN","","Swatow = Jieyang Chaoshan Apt","Swatow = Jieyang Chaoshan Apt","",,"",,"","",""
,"CN","TCS","Tacheng","Tacheng","XJ","--3-----","AS","1601",,"4645N 08259E",""
,"CN","TPO","Tai Po","Tai Po","HK","--3-----","RL","1401",,"2218N 11357E",""
,"CN","TAI","Taian","Taian","SD","-----6--","AS","1601",,"3611N 11708E",""
,"CN","TAC","Taicang Pt","Taicang Pt","JS","1-------","AS","1407",,"3127N 12106E",""
,"CN","THG","Taicheng (Taishan)","Taicheng (Taishan)","GD","--3-----","RL","0607",,"2215N 11247E",""
,"CN","THE","Taihe","Taihe","AH","--3-----","RL","0607",,"3309N 11536E",
,"CN","TJG","Taijiang","Taijiang","FJ","1-3--6--","RL","0407",,"2605N 11930E",
,"CN","TAP","Taiping","Taiping","GD","1-------","AS","1601",,"2102N 11010E",""
,"CN","TPK","Taipingkou","Taipingkou","HB","1-------","RL","1401",,"",""
,"CN","TPW","Taipingwan","Taipingwan","LN","1-------","AS","1401",,"3716N 11950E",
,"CN","TIS","Taishan","Taishan","GD","1-------","RL","1401",,"",""
,"CN","TSA","Taishan","Taishan","SD","-2------","RL","1401",,"",""
,"CN","TAX","Taixing","Taixing","JS","--3-----","RL","0607",,"3210N 12000E",
,"CN","TAY","Taiyang","Taiyang","ZJ","--3-----","RL","0201",,"3011N 11917E",
,"CN","TYU","Taiyuan","Taiyuan","SX","---45---","AS","1401",,"3754N 11233E",
,"CN","TYN","Taiyuan Wusu International Apt","Taiyuan Wusu International Apt","SX","---4----","AS","1601",,,""
,"CN","TZU","Taizhou","Taizhou","JS","123-----","AS","2107",,"3230N 11954E",""
,"CN","TZO","Taizhou","Taizhou","JS","1-3-----","RL","0907",,"3229N 11954E",""
,"CN","TAZ","Taizhou Pt","Taizhou Pt","ZJ","1-------","AS","1407",,,
,"CN","TNO","Tanggou","Tanggou","AH","1-------","RL","1401",,"",""
,"CN","TGG","Tanggu","Tanggu","TJ","1-------","AS","1601",,"3901N 11739E",""
,"CN","TJA","Tangjia","Tangjia","GD","1-------","RL","1401",,"",""
,"CN","TGK","Tangkou","Tangkou","GD","-2------","RL","1401",,"",""
,"CN","TGS","Tangshan Pt","Tangshan Pt","HE","1-------","AS","1407",,"3936N 11811E",""
,"CN","TGX","Tangxi","Tangxi","GD","-2------","RL","1401",,"",""
,"CN","TXA","Tangxia","Tangxia","GD","--3-----","RL","9901",,,
,"CN","QNH","Tanmen","Tanmen","HI","1-------","AS","1407",,"1914N 11028E",""
,"CN","YKU","Taokou","Taokou","AH","1-------","RL","1401",,"",""
,"CN","TYG","Taoyang","Taoyang","GS","--3-----","RL","1401",,"3522N 10351E",""
,"CN","TKK","Taykexkin","Taykexkin","XJ","--3-----","AS","9506",,,
,"CN","TXI","Tengxian","Tengxian","GX","1-------","RL","1401",,"",""
,"CN","TGZ","Tengzhou","Tengzhou","SD","-2------","RL","1401",,"",""
,"CN","TBO","Tianbao","Tianbao","YN","--3-----","AS","9506",,,
,"CN","TID","Tiandong","Tiandong","GX","1-------","RL","1401",,"",""
,"CN","TDU","Tiandu","Tiandu","HI","--3-----","RL","1401",,"1817N 10936E",""
,"CN","TFU","Tianfu, Chengdu","Tianfu, Chengdu","SC","-234----","AA","2301",,"3018N 10427E",
,"CN","TIH","Tianhe","Tianhe","GD","--3-----","RL","1401",,"",""
,"CN","TNJ","Tianjin","Tianjin","TJ","12345---","AS","1401",,"3902N 11712E",
,"CN","TSN","Tianjin Binhai International Apt","Tianjin Binhai International Apt","TJ","---4----","AS","1601",,"",""
,"CN","TNG","Tianjin Pt","Tianjin Pt","TJ","1-------","AS","1601",,"3859N 11745E",""
,"CN","TXG","Tianjin Xingang Pt","Tianjin Xingang Pt","TJ","1-------","AS","1607",,"3859N 11742E",""
,"CN","TBS","Tianjinbaoshuiqu","Tianjinbaoshuiqu","TJ","1-------","AS","1401",,,
,"CN","TLN","Tianlin","Tianlin","45","--3-----","RQ","0901",,"2353N 10636E",
,"CN","TNP","Tianpeng","Tianpeng","YN","--3-----","AS","1401",,"2320N 10528E",
,"CN","TSU","Tianshui","Tianshui","GS","-----6--","AS","1601",,"3434N 10543E",""
,"CN","TIA","Tiantai","Tiantai","33","--3-----","RL","0901",,"2908N 12101E",
,"CN","TIY","Tianyang","Tianyang","GX","1-------","RL","1401",,"",""
,"CN","TZE","Tianzhen","Tianzhen","HB","1-------","RL","1401",,"",""
,"CN","TLI","Tieli","Tieli","HL","-23-----","RL","0607",,"4659N 12803E",
,"CN","TIL","Tieling","Tieling","21","-----6--","RL","0901",,"4217N 12350E",
,"CN","BHT","Tieshan","Tieshan","GX","1-------","RL","1401",,"",""
,"CN","TAN","Tongan, Xiamen","Tongan, Xiamen","FJ","-23--6--","AA","2207",,"2443N 11810E",
,"CN","TOG","Tongcheng","Tongcheng","AH","--3-----","RQ","0907",,"3103N 11656E",
,"CN","TOH","Tonghe","Tonghe","HL","1-------","RL","1401",,"",""
,"CN","TGH","Tonghua","Tonghua","JL","--3-----","RL","0607",,"4143N 12556E",
,"CN","TOJ","Tongjiang","Tongjiang","HL","1-------","AS","1601",,"4739N 13230E",""
,"CN","TLS","Tongliao","Tongliao","LN","-----6--","AS","1407",,,
,"CN","TGO","Tongliao Apt","Tongliao Apt","NM","-234----","RL","1601",,"4337N 12216E",""
,"CN","TOL","Tongling","Tongling","AH","123-----","AS","2107",,"3056N 11748E",""
,"CN","TON","Tonglu","Tonglu","ZJ","--3--6--","RL","0401",,"2948N 11940E",
,"CN","TGN","Tongren","Tongren","GZ","-----6--","AS","1801",,"2743N 10911E",
,"CN","TEN","Tongren Fenhuang Apt","Tongren Fenhuang Apt","QH","---4----","RL","1401",,"3530N 10200E",""
,"CN","TXZ","Tongxiang","Tongxiang","ZJ","1-3-----","RL","1401",,"3038N 12034E",""
,"CN","TOX","Tongxing","Tongxing","AH","1-------","RL","1401",,"",""
,"CN","TOZ","Tongzhao","Tongzhao","ZJ","1-------","RL","1401",,"",""
,"CN","TZH","Tongzhong","Tongzhong","GX","--3-----","AS","1401",,"",""
"=","CN","","Tsamkong = Zhanjiang","Tsamkong = Zhanjiang","",,"",,"","",""
"=","CN","","Tsingtao = Qingdao Jiaodong International Apt","Tsingtao = Qingdao Jiaodong International Apt","",,"",,"","",""
,"CN","TFG","Tuanfeng","Tuanfeng","HB","1-------","RL","1401",,"",""
,"CN","TME","Tumen","Tumen","JL","-23-----","AS","1601",,"4257N 12951E",""
,"CN","TJD","Tuojidao","Tuojidao","SD","1-------","RL","1401",,"",""
,"CN","TPU","Tuopu","Tuopu","44","--3-----","RL","0901",,"2324N 11639E",
,"CN","TQO","Tuqiao","Tuqiao","AH","1-------","RL","1401",,"",""
,"CN","TRT","Turugart","Turugart","XJ","--3-----","AS","1401",,"4034N 07524E",""
,"CN","CFG","Ulan Had","Ulan Had","NM","-23--6--","RL","1401",,"",""
,"CN","WLH","Ulan Hot","Ulan Hot","NM","-23-----","RL","1401",,"4605N 12205E",""
,"CN","HLH","Ulan Hot Apt","Ulan Hot Apt","NM","--34----","RL","1401",,"",""
,"CN","ULA","Ulan Qab","Ulan Qab","NM","--3--6--","RL","1401",,"4246N 11440E",""
,"CN","CIF","Ulanhad Tuchengcity Apt","Ulanhad Tuchengcity Apt","NM","---4----","RL","1401",,"",""
,"CN","ULT","Ulastai","Ulastai","XJ","--3-----","AS","1401",,"4253N 08642E",""
,"CN","URM","Urumqi","Urumqi","XJ","-23456--","AS","2001",,"4345N 08736E",""
,"CN","URC","Urumqi Diwobao International Apt","Urumqi Diwobao International Apt","XJ","---4----","AS","1601",,"",""
,"CN","ULZ","Urumqi International Lugang","Urumqi International Lugang","XJ","-23-56--","AS","2101",,"4349N 08736E",""
,"CN","WAF","Wafangdian","Wafangdian","LN","--3-----","RL","9901",,,
,"CN","WIG","Waigang","Waigang","SH","1-------","AS","1401",,,
,"CN","WGQ","Waigaoqiao Pt","Waigaoqiao Pt","SH","1-------","AS","1601",,"",""
,"CN","WIH","Waihai","Waihai","GD","1-------","AS","1401",,"2235N 11308E",""
,"CN","WAN","Wanding","Wanding","YN","--3-----","AS","1601",,"2406N 09804E",""
,"CN","WJG","Wangjiang","Wangjiang","AH","1-------","RL","1401",,"",""
,"CN","WGI","Wangqi","Wangqi","JL","--3-----","RL","0607",,"4334N 12643E",
,"CN","WAJ","Wanjiang","Wanjiang","GD","--3-----","RL","1401",,"2302N 11344E",""
,"CN","WLG","Wanling","Wanling","HI","--3-----","RL","1401",,"1910N 10956E",""
,"CN","WNG","Wanning","Wanning","HI","--3--6--","RL","0607",,"1848N 11023E",
,"CN","WAS","Wanshan Pt","Wanshan Pt","GD","1-------","AS","1407",,"2156N 11343E",""
,"CN","WAX","Wanxian","Wanxian","CQ","1-------","RL","1401",,"",""
,"CN","WAZ","Wanzai","Wanzai","GD","1-------","AS","1401",,"2211N 11331E",""
,"CN","WZH","Wanzhou","Wanzhou","CQ","1-------","AS","1401",,,
,"CN","WEF","Weifang","Weifang","SD","1234----","AS","2107",,"3643N 11906E",""
,"CN","WEI","Weihai","Weihai","SD","1--45---","AS","1601",,"3731N 12207E",""
,"CN","WEH","Weihai Dashuipo Apt","Weihai Dashuipo Apt","SD","1--45---","AS","1601",,"",""
,"CN","WEG","Weihai Pt","Weihai Pt","SD","1-------","AS","1401",,"3730N 12210E",
,"CN","WNA","Weinan","Weinan","61","--3--6--","RL","0901",,"3430N 10930E",
,"CN","WIT","Weitou","Weitou","FJ","1-------","AS","1401",,"2432N 11836E",
,"CN","WYK","Weiyuankou","Weiyuankou","HB","1-------","RL","1401",,"",""
,"CN","WEC","Wenchang","Wenchang","HI","--3-----","RL","1401",,"1937N 11045E",""
,"CN","WNC","Wenchengzhen","Wenchengzhen","33","--3-----","RL","0901",,"2747N 12004E",
,"CN","WDS","Wendeng","Wendeng","37","-----6--","RL","0901",,"3711N 12203E",
,"CN","WYN","Wengyuan","Wengyuan","44","--3-----","RL","0901",,"2448N 11335E",
,"CN","WJD","Wenjindu","Wenjindu","GD","--3-----","AS","9506",,,
,"CN","WEN","Wenling","Wenling","ZJ","--3-----","RL","0907",,"2822N 12121E",""
,"CN","LMG","Wenling Longmen Port","Wenling Longmen Port","ZJ","1----6--","AS","1801",,"2825N 12159E",
,"CN","WSH","Wenshan","Wenshan","YN","1-3-----","RL","0601",,"2322N 10415E",
,"CN","WNZ","Wenzhou","Wenzhou","ZJ","1234----","AS","2107",,,""
,"CN","WZO","Wenzhou Pt","Wenzhou Pt","ZJ","1-------","AS","1407",,"2801N 12039E",""
,"CN","WUC","Wu Chong Kou","Wu Chong Kou","GD","1-3-----","RQ","2007",,"2305N 11325E",""
,"CN","WHU","Wuchuan","Wuchuan","GD","1-3-----","RL","0607",,"2127N 11045E",
,"CN","WAA","Wuhai","Wuhai","NM","---4----","RL","1401","WUA","3120N 11821E",""
,"CN","NHN","Wuhan","Wuhan","HB","12-45---","AS","1601",,"3035N 11417E",""
,"CN","WHG","Wuhan Pt","Wuhan Pt","HB","1-------","AS","1401",,,
,"CN","WUH","Wuhan Tianhe International Apt","Wuhan Tianhe International Apt","HB","---4----","AS","1601",,,""
,"CN","WHE","Wuhe","Wuhe","GD","1-------","RL","1401",,"",""
,"CN","WHI","Wuhu","Wuhu","AH","123-----","AS","2107",,"3119N 11822E",""
,"CN","WUJ","Wujiang","Wujiang","AH","--3--6--","RL","0907",,"3152N 11827E",""
,"CN","WJA","Wujiang","Wujiang","JS","--3-----","RL","0907",,"3103N 12037E",
,"CN","WJN","Wujin","Wujin","HB","--3-----","RL","0607",,"3159N 11252E",
,"CN","WJI","Wujin","Wujin","JS","1-------","RL","1401",,"",""
,"CN","WUK","Wukan","Wukan","GD","1-------","AS","1401",,"2251N 11539E",""
,"CN","WLI","Wuli","Wuli","45","--3-----","RL","0901",,"2209N 10913E",
,"CN","WLD","Wulidian","Wulidian","BJ","-2------","AS","1401",,"3208N 11417E",
,"CN","WMG","Wuming","Wuming","45","--3-----","RL","0901",,"2310N 10816E",
,"CN","WPG","Wuping","Wuping","35","--3-----","RL","0901",,"2505N 11701E",
,"CN","WUQ","Wuqing","Wuqing","TJ","-----6--","AS","1401",,"3931N 11651E",
,"CN","WSA","Wusha","Wusha","AH","1-------","RL","1401",,,""
,"CN","WUA","Wusha","Wusha","GD","--3-----","RL","1401",,"",""
,"CN","WSN","Wushan","Wushan","CQ","1-------","RL","1401",,"",""
,"CN","WUG","Wusong Pt","Wusong Pt","SH","1-------","AS","1407",,"0312N 12129E",""
,"CN","WXS","Wuxi","Wuxi","JS","1--4-6--","AS","1407",,"3134N 12018E",
,"CN","WXI","Wuxian","Wuxian","JS","--3--6--","RL","1401",,"",""
,"CN","WXA","Wuxuan","Wuxuan","GX","1-3-----","RL","1401",,"",""
,"CN","WXP","Wuxue Pt","Wuxue Pt","HB","1-------","RL","1401",,"",""
,"CN","WYP","Wuyapao","Wuyapao","HL","1-------","RL","1401",,"",""
,"CN","WYS","Wuyishan","Wuyishan","FJ","--34----","RL","1401",,"2745N 11802E",""
,"CN","WUS","Wuyishan Apt","Wuyishan Apt","FJ","---4----","AS","1601",,,""
,"CN","WUZ","Wuzhou","Wuzhou","GX","123-----","AS","2107",,"2329N 11120E",""
,"CN","XDJ","Xiadaiji","Xiadaiji","JL","1-------","RL","1401",,"",""
,"CN","XIH","Xiahai","Xiahai","GD","1-------","RL","1401",,"",""
,"CN","XUA","Xiahua","Xiahua","GD","1-3-----","RL","1401",,,""
,"CN","FQX","Xialong","Xialong","FJ","1-------","AS","1407",,"2542N 11923E",""
,"CN","XIM","Xiamao","Xiamao","GD","--3-----","RL","1401",,"",""
,"CN","XAM","Xiamen","Xiamen","FJ","12-45---","AS","2001",,"2427N 11806E",""
,"CN","XMN","Xiamen Gaoqi International Apt","Xiamen Gaoqi International Apt","FJ","---4----","AS","1601",,,""
,"CN","XMG","Xiamen Pt","Xiamen Pt","FJ","1-------","AS","1401",,"2421N 11812E",
,"CN","XIA","Xian","Xian","SN","12-456--","AS","1601",,"3417N 10857E",""
,"CN","SIA","Xian Xianyang International Apt","Xian Xianyang International Apt","SN","---4----","AS","1601",,,""
,"CN","XAN","Xiang'an, Xiamen","Xiang'an, Xiamen","FJ","1----6--","AA","2207",,"2438N 11815E",
,"CN","XUG","Xiangang","Xiangang","44","-----6--","RL","0901",,"2325N 11240E",
,"CN","XGF","Xiangfan","Xiangfan","HB","-----6--","AS","1401",,"3202N 11208E",
,"CN","XGK","Xiangkou","Xiangkou","AH","1-------","RL","1401",,"",""
,"CN","XGQ","Xiangqiao","Xiangqiao","GD","--3-----","RL","1401",,"",""
,"CN","XSN","Xiangshan","Xiangshan","ZJ","--3--6--","RL","0401",,"2916N 12000E",
,"CN","XSI","Xiangshui","Xiangshui","JS","1-3-----","RL","1401",,"",""
,"CN","XTA","Xiangtan","Xiangtan","HN","1-3-----","RL","0507",,"2751N 11254E",
,"CN","XAG","Xianguojilugang","Xianguojilugang","SN","123-56--","AS","1601",,"",""
,"CN","XIW","Xiangyang","Xiangyang","HB","-----6--","RL","1107",,"3932N 11602E",
,"CN","XXY","Xiangyu Terminal/ Xiamen","Xiangyu Terminal/ Xiamen","FJ","1-3--6--","RQ","0907",,"2706N 12019E",
,"CN","XGY","Xiangyun","Xiangyun","YN","--3-----","RL","1401",,"2528N 10032E",""
,"CN","XZI","Xiangzhi","Xiangzhi","FJ","1-------","AS","1401",,"2446N 11846E",
,"CN","XGZ","Xiangzhou","Xiangzhou","GD","1-3-----","AS","1407",,"",""
,"CN","XZU","Xiangzhou","Xiangzhou","GX","1-------","RL","1401",,"",""
,"CN","XNG","Xianing","Xianing","HN","1-------","AS","1601",,"",""
,"CN","XJU","Xianju","Xianju","33","--3-----","RL","0901",,"2851N 12044E",
,"CN","XLA","Xianlang","Xianlang",,"-----6--","RL","0901",,"3600N 12014E",
,"CN","XTN","Xiantan","Xiantan","SC","1-3-----","RL","0601",,"2920N 10453E",
,"CN","NTA","Xiantao","Xiantao","HB","--3-----","AA","2201",,"3021N 11327E",
,"CN","XYA","Xianyang","Xianyang","SN","--3-----","RL","1401",,"3419N 10835E",""
,"CN","XYU","Xianyou","Xianyou","FJ","--3-----","RL","0207",,"2522N 11841E",
,"CN","XCI","Xiaochi","Xiaochi","HB","1-------","RL","1401",,"",""
,"CN","XCU","Xiaocuo Pt","Xiaocuo Pt","FJ","1-------","AS","1407",,"2512N 11957E",""
,"CN","XGN","Xiaogan","Xiaogan","HB","--3-----","RL","0607",,"3055N 11354E",
,"CN","XHO","Xiaohudao","Xiaohudao","GD","1-------","RQ","0401",,"2305N 11326E",
,"CN","XJB","Xiaojiangba","Xiaojiangba","AH","1-------","RL","1401",,"",""
,"CN","XAO","Xiaolan","Xiaolan","GD","1-------","AS","1401",,"2240N 11313E",
,"CN","XLZ","Xiaolizhuang","Xiaolizhuang","HA","-2------","RL","1401",,"",""
,"CN","XIS","Xiaoshan","Xiaoshan","ZJ","--3-----","RL","1401",,,""
,"CN","XOT","Xiaotang","Xiaotang","GD","123-----","RL","0607",,"2305N 11259E",
,"CN","XTG","Xiaotang","Xiaotang","LN","--3-----","RL","0607",,"4138N 11935E",
,"CN","XIO","Xiaoxian","Xiaoxian","AH","-23-----","RL","1401",,"3411N 11656E",""
,"CN","XAS","Xiashan","Xiashan","GD","1-------","AS","1401",,,
,"CN","XYN","Xiaying","Xiaying","SD","1-------","RL","1401",,"",""
,"CN","ZXZ","Xiazhai","Xiazhai","FJ","1-------","AS","1407",,,""
,"CN","XIC","Xichang Qingshan Apt","Xichang Qingshan Apt","SC","---4----","RL","1401",,"2758N 10213E",""
,"CN","XCG","Xichong Pt","Xichong Pt","GD","1-------","AS","1407",,"",""
,"CN","XTI","Xidi","Xidi","GD","1-------","AS","1601",,"",""
,"CN","XEG","Xiegang","Xiegang","GD","--3-----","RL","1401",,"",""
,"CN","XEX","Xiexu","Xiexu","GX","1-------","RL","1401",,"",""
,"CN","XIG","Xigaze","Xigaze","XZ","-----6--","AS","1407",,,
,"CN","XIJ","Xijiang","Xijiang","GX","1-------","RL","1401",,"2117N 11452E",""
,"CN","ILI","Xili","Xili","35","-----6--","RL","0901",,"2645N 11721E",
,"CN","XLS","Xiliangshan","Xiliangshan","AH","1-------","RL","1401",,"",""
,"CN","XHT","Xilin Hot","Xilin Hot","NM","1-------","RL","1401",,"4358N 11602E",""
,"CN","XLU","Xiluzhen","Xiluzhen","GD","--3--6--","RL","0607",,"2323N 11630E",
,"CN","SHX","Xinan","Xinan","GD","1-------","AS","1601",,"",""
,"CN","XJG","Xinanjiang","Xinanjiang","33","--3-----","RL","0901",,"2929N 11913E",
,"CN","XXI","Xinchang","Xinchang","ZJ","--3-----","RL","1401",,"2929N 12054E",""
,"CN","XCH","Xincheng","Xincheng","GD","--3-----","RL","1401",,"",""
,"CN","LSX","Xincun","Xincun","SD","1-------","AS","1407",,"1830N 11001E",""
,"CN","XID","Xindi","Xindi","HB","1-------","RL","1401",,"",""
,"CN","XDI","Xindian","Xindian","HL","1-------","RL","1401",,"",""
,"CN","XDU","Xindu","Xindu","GX","1-------","RL","1401",,"",""
,"CN","XAB","Xinfeng","Xinfeng","GD","-23-----","RL","0907",,,""
,"CN","XIP","Xingang","Xingang","AH","1-------","RL","1401",,"",""
,"CN","XGA","Xingang","Xingang","GD","1-------","AS","1601",,"2302N 11306E",""
,"CN","XEN","Xingcheng","Xingcheng","LN","---4----","RL","1401",,"",""
,"CN","XCE","Xingcheng","Xingcheng","LN","1-------","RL","1401",,"",""
,"CN","XGD","Xingdong","Xingdong","HL","1-3--6-B","RL","0501",,"4755N 13051E",
,"CN","XNF","Xingfeng","Xingfeng","62","--3-----","RL","0901",,"3452N 10550E",
,"CN","XLN","Xinglin","Xinglin","35","--3-----","RL","0901",,"2434N 11803E",
,"CN","XPI","Xingping","Xingping","14","-----6--","RL","0901",,"3417N 10829E",
,"CN","XGS","Xingshan","Xingshan","13","--3-----","RL","0901",,"3950N 11815E",
,"CN","XGI","Xingtai","Xingtai","HE","--3-----","AA","2207",,"3704N 11431E",
,"CN","XGT","Xingtan","Xingtan","GD","--3-----","RL","0607",,"2246N 11310E",
,"CN","ACX","Xingyi","Xingyi","YN","---4----","RL","0907",,"2503N 10459E",
,"CN","XHK","Xinhekou","Xinhekou","HB","1-------","RL","1401",,"",""
,"CN","XNH","Xinhua","Xinhua",,"--3-----","RQ","0901",,"",
,"CN","DMX","Xinhuan","Xinhuan","GD","1-------","AS","1407",,,""
,"CN","XIN","Xinhui Pt","Xinhui Pt","GD","1-------","AS","1601",,"2232N 11301E",""
,"CN","XNT","Xining","Xining","QH","---45---","AS","1601",,"3638N 10148E",""
,"CN","XNN","Xining","Xining","QH","---4----","AS","2207",,,""
,"CN","XNU","Xiniu","Xiniu","GD","--3--6--","RL","0607",,"2409N 11307E",
,"CN","XNJ","Xinji","Xinji","HE","-23-----","RL","0907",,"3754N 11512E",""
,"CN","XIK","Xinkai","Xinkai","HB","1-------","RL","1401",,"",""
,"CN","NNI","Xinning","Xinning","36","--3-----","RL","0901",,"2917N 11505E",
,"CN","XNQ","Xinqiao","Xinqiao","GD","--3-----","RL","1401",,"",""
,"CN","XNA","Xinsha","Xinsha","GD","1-3-----","RL","0401",,"2259N 11332E",
,"CN","XSH","Xinshi","Xinshi","HB","--3-----","RL","0607",,"3101N 11306E",
,"CN","XIT","Xintang Pt","Xintang Pt","GD","1-------","AS","1601",,"2307N 11337E",""
,"CN","XXG","Xinxiang","Xinxiang","HA","-23-----","RL","1101",,"3518N 11352E",""
,"CN","XNX","Xinxing","Xinxing","44","--3-----","RQ","0901",,"2256N 11202E",
,"CN","XNI","Xinxing","Xinxing","JS","1-------","RL","1401",,"",""
,"CN","CNX","Xinxu","Xinxu","GD","1-------","RL","1401",,"",""
,"CN","ING","Xinyang","Xinyang","HA","1-------","RL","1107",,"3208N 11403E",
,"CN","NYI","Xinyi","Xinyi","32","--3-----","RL","0901",,"3314N 12036E",
,"CN","XIY","Xinyi","Xinyi","44","--3-----","RL","0901",,"2221N 11056E",
,"CN","XYI","Xinying","Xinying","HI","1-3-----","RL","1401",,"1944N 10917E",""
"|","CN","XNY","Xinyu","Xinyu","JX","-23--6--","AS","2407",,"2748N 11456E",""
,"CN","XUN","Xinyuan","Xinyuan","XJ","--3-----","RL","1401",,"4327N 08308E",""
,"CN","XZO","Xinzao","Xinzao","GD","--3--6--","RL","0507",,"2302N 11324E",
,"CN","XNZ","Xinzhou","Xinzhou","HB","--3-----","RQ","0907",,"3209N 10958E",
,"CN","XIQ","Xiqiao","Xiqiao","GD","--3-----","RL","0907",,"2256N 11258E",""
,"CN","XQN","Xiqing , Tianjing","Xiqing , Tianjing","TJ","--3--6--","AA","2301",,"3904N 11701E",
,"CN","XSB","Xishuangbanna","Xishuangbanna","YN","---4----","RL","1401",,"",""
,"CN","JHG","Xishuangbanna Gasa International Apt","Xishuangbanna Gasa International Apt","YN","---4----","AS","1601",,,""
,"CN","XTO","Xitou","Xitou","GD","1-------","AS","1601",,"2139N 11147E",""
,"CN","XUL","Xiulin","Xiulin","HB","1-------","RL","1401",,"",""
,"CN","XYG","Xiuyu Pt","Xiuyu Pt","FJ","1-------","AS","1601",,"2514N 11857E",""
,"CN","XXN","Xixiang","Xixiang","SN","0-------","RQ","9705",,,
"|","CN","UAN","Xuancheng","Xuancheng","34","-23--6--","RQ","2407",,"3053N 11833E",""
,"CN","XUM","Xuanmen","Xuanmen","ZJ","1-------","RL","1401",,"",""
,"CN","XWI","Xuanwei","Xuanwei","YN","-2------","RL","1401",,"",""
"|","CN","XUC","Xuchang","Xuchang","HA","--3-----","AA","2407",,"3402N 11351E",""
,"CN","XEO","Xueao","Xueao","ZJ","1-------","RL","1401",,"",""
,"CN","XJD","Xuejiadao","Xuejiadao","SD","1-------","RL","1401",,"",""
,"CN","XTZ","Xuetangzhou","Xuetangzhou","HB","1-------","RL","1401",,"",""
,"CN","XUI","Xuhuiqu","Xuhuiqu","SH","--3--6--","RL","1401",,"",""
,"CN","XUK","Xunke","Xunke","HL","1-------","AS","1601",,"4933N 12828E",""
,"CN","XZH","Xuzhou","Xuzhou","JS","---4-6--","AS","1407",,,
,"CN","XUZ","Xuzhou Guanyin Apt","Xuzhou Guanyin Apt","JS","---4----","AS","1601",,,""
,"CN","YBG","Yabagou","Yabagou","LN","1-------","AS","1401",,,
,"CN","YDZ","Yadong","Yadong","XZ","--3-5---","AS","1601",,"2726N 08855E",""
,"CN","ENY","Yan'an","Yan'an","SN","-234----","RL","2107",,"",""
,"CN","YBU","Yanbu","Yanbu","GD","-23-----","RL","0607",,"2306N 11310E",
,"CN","YNZ","Yancheng","Yancheng","JS","-234----","AS","2107",,"",""
,"CN","YCN","Yangchun","Yangchun","GD","--3-----","RL","0607",,"2210N 11147E",
,"CN","YJC","Yangjiachang","Yangjiachang","HB","1-------","RL","1401",,"",""
,"CN","YJI","Yangjiang","Yangjiang","GD","123-----","AS","2107",,"2150N 11158E",""
,"CN","YGK","Yangkou","Yangkou","SD","1-------","AS","1601",,"",""
,"CN","YKG","Yangkou Pt","Yangkou Pt","JS","1-------","AS","1607",,"3233N 12124E",""
,"CN","YLI","Yangli","Yangli","GZ","1-------","RL","1401",,"",""
,"CN","YMD","Yangmadao","Yangmadao","SD","1-------","RL","1401",,"",""
,"CN","YPE","Yangpeng","Yangpeng","AH","1-------","RL","1401",,"",""
,"CN","YGP","Yangpu","Yangpu","SH","--3--6--","RL","1401",,"",""
,"CN","YPG","Yangpu Pt","Yangpu Pt","HI","1-------","AS","1407",,"1942N 10912E",""
,"CN","YSN","Yangshan","Yangshan","GD","1-------","RL","1401",,"",""
,"CN","YSA","Yangshan","Yangshan","ZJ","1-------","AS","2301",,,""
,"CN","YSF","Yangshufang","Yangshufang","21","-----6--","RL","0901",,"4014N 12226E",
,"CN","YSO","Yangshuo","Yangshuo","GX","1-------","RL","1401",,"",""
,"CN","YGG","Yanguan","Yanguan","HN","--3-----","AS","1407",,"",""
,"CN","YXY","Yangxi","Yangxi","GD","--3-----","RL","1401",,"2905N 10734E",""
,"CN","YGX","Yangxi","Yangxi","HB","1-------","RL","1401",,"",""
,"CN","YXT","Yangxifengtou","Yangxifengtou","GD","1-------","RL","1401",,"",""
,"CN","YNG","Yangzhong","Yangzhong","JS","1-3-----","RL","1401",,"3213N 11949E",""
,"CN","YZH","Yangzhou","Yangzhou","JS","1234----","AS","2107",,"3223N 11926E",""
,"CN","YNJ","Yanji Chaoyangchuan Apt","Yanji Chaoyangchuan Apt","JL","---4----","AS","1601",,,""
,"CN","YJA","Yanjia","Yanjia","GZ","1-------","RL","1401",,"",""
,"CN","YLG","Yanliang","Yanliang","SN","--3-----","RQ","0101",,,
"|","CN","YAT","Yantai","Yantai","SD","123456--","AS","2407",,"3728N 12123E",""
,"CN","YNT","Yantai Laishan International Apt","Yantai Laishan International Apt","SD","---4----","AS","1601",,,""
,"CN","YTG","Yantai Pt","Yantai Pt","SD","1-------","AS","1401",,"3733N 12125E",""
"|","CN","YTN","Yantian","Yantian","GD","123--6--","AS","2407",,"2236N 11418E","coordinates"
,"CN","YHO","Yanzhou","Yanzhou","SD","-2------","RL","1401",,"",""
,"CN","YGO","Yaogou","Yaogou","AH","1-------","RL","1401",,"",""
,"CN","YJP","Yaojia Pt","Yaojia Pt","HB","1-------","RL","1401",,"",""
,"CN","YIB","Yibin","Yibin","SC","1-------","AS","1407",,,
,"CN","YBP","Yibin Caiba Apt","Yibin Caiba Apt","SC","---4----","RL","1401",,"",""
,"CN","YIC","Yichang","Yichang","HB","--3-----","RL","1101",,"3042N 11117E",""
,"CN","YCG","Yichang Pt","Yichang Pt","HB","1-------","AS","1601",,"",""
,"CN","YIH","Yichang Sanxia Apt","Yichang Sanxia Apt","HB","---4----","AS","1601",,,""
,"CN","YKS","Yierkeshi","Yierkeshi","XJ","--3--6--","RL","1401",,"",""
,"CN","YRK","Yierkeshitan","Yierkeshitan","XJ","--3-----","AS","1401",,,
,"CN","YLN","Yilan Apt","Yilan Apt","HL","---4----","RL","1401",,"",""
"|","CN","YCH","Yinchuan","Yinchuan","NX","-2345---","AS","2407",,"3827N 10616E",""
,"CN","INC","Yinchuan Hedong International Apt","Yinchuan Hedong International Apt","NX","---4----","AS","1407",,"",""
,"CN","YCA","Yingchuan","Yingchuan","JS","1-------","RL","1401",,"",""
,"CN","YGD","Yingde","Yingde","GD","1-------","AS","1401",,,
,"CN","YGJ","Yingjiang","Yingjiang","YN","--3-----","AS","1601",,"",""
"|","CN","YGT","Yingtan","Yingtan","JX","-23--6--","RL","2407",,"2817N 11703E",""
,"CN","LJY","Yingzai","Yingzai","GD","1-------","AS","1407",,"2137N 11017E",""
,"CN","YIN","Yining","Yining","XJ","-23--6--","AS","1401",,"4355N 08120E",""
,"CN","YIK","Yinkou","Yinkou","LN","1234----","AS","2107",,"4039N 12213E",""
,"CN","YHU","Yishui","Yishui","SD","--3-----","RL","0607",,"3547N 11838E",
,"CN","YIU","Yiwu","Yiwu","ZJ","-2---6--","AS","2001",,"2918N 12004E",""
,"CN","YXA","Yixian","Yixian","13","--3-----","RL","0901",,"3920N 11529E",
,"CN","YXS","Yixing","Yixing","JS","1-3-----","AS","1407",,,
,"CN","YIG","Yiyang","Yiyang","HN","--3-----","RQ","1001",,"2835N 11219E",
,"CN","YIZ","Yizheng","Yizheng","JS","1-3-----","RL","0407",,"3216N 11910E",
,"CN","YZA","Yizhuang","Yizhuang","BJ","--3--6--","RL","1401",,"3948N 11629E",""
,"CN","YGN","Yongan","Yongan","ZJ","1-------","RL","1401",,"",""
,"CN","YOX","Yong'an","Yong'an","FJ","--3-----","RL","1401",,"2558N 11721E",""
,"CN","YNC","Yongchun,Quanzhou","Yongchun,Quanzhou","FJ","-23--6--",,"2307",,"2518N 11813E",
,"CN","YFU","Yongfu","Yongfu","GX","1-3-----","RL","1401",,"2459N 10959E",""
,"CN","ONG","Yongji","Yongji","61","--3-----","RL","0901",,"3920N 11529E",
,"CN","YOJ","Yongjia","Yongjia","33","-----6--","RL","0901",,"2809N 12041E",
,"CN","YKN","Yongkang","Yongkang","ZJ","-----6--","AS","1707",,"2892N 12002E",
,"CN","YLO","Yonglong","Yonglong","JS","1-------","RL","1401",,"",""
,"CN","YNN","Yongning","Yongning","GX","1-------","RL","1401",,"",""
,"CN","YTI","Yongtai","Yongtai","GD","1-------","AS","1401",,,
,"CN","YXU","Yongxiu","Yongxiu","36","--3-----","RQ","0901",,"2944N 11559E",
,"CN","YZS","Yongzhou","Yongzhou","HN","--3-----","AS","1407",,"2614N 11137E",""
,"CN","YXI","Youxi","Youxi","35","--3-----","RL","0901",,"2610N 11810E",
,"CN","YYG","Youyiguan","Youyiguan","GX","--3-----","AS","1401",,"2157N 10642E",""
"|","CN","YUA","Yuanmou","Yuanmou","YN","---4----","RL","2407",,"",""
,"CN","YSH","Yuanshi","Yuanshi","HB","1-------","RL","1401",,"",""
,"CN","YUO","Yuanzhou","Yuanzhou","44","--3-----","RL","0901",,"2307N 11358E",
,"CN","YCE","Yucheng","Yucheng","SD","-2------","RL","1401",,"",""
,"CN","YHG","Yuecheng","Yuecheng","GD","1-------","RL","1401",,"",""
,"CN","YLA","Yuelai","Yuelai","HL","1-------","RL","1401",,"",""
,"CN","YPU","Yuepu","Yuepu","GD","--3-----","RQ","0907",,"2334N 11628E",
,"CN","YUE","Yueqing","Yueqing","ZJ","--3--6--","RL","0401",,"4253N 12949E",
,"CN","YXN","Yuexiunan","Yuexiunan","GD","--3-----","RL","1401",,"",""
,"CN","YYU","Yuexu","Yuexu","GX","--3-----","AS","1401",,"2257N 10632E",
,"CN","YYA","Yueyang","Yueyang","HN","1-3--6--","AS","1601",,"2922N 11306E",""
,"CN","YHN","Yuhang","Yuhang","12","--3-----","RL","0901",,"3016N 11955E",
,"CN","YUH","Yuhuan","Yuhuan","ZJ","1-------","RL","1107",,"2808N 12114E",
"|","CN","YUL","Yulin","Yulin","GX","-23--6--","AS","2407",,"2238N 11009E",""
,"CN","UYN","Yulin","Yulin","HI","--3-----","RL","0201","","1814N 10932E",
"|","CN","YUN","Yuncheng","Yuncheng","SX","-234-6--","RL","2407",,"3502N 11101E",""
,"CN","YUF","Yunfu","Yunfu","44","--3-----","RL","0901",,"2256N 11202E",
,"CN","KML","Yunnan Tengjun International Land Port Logistics Center","Yunnan Tengjun International Land Port Logistics Center","YN","-----6--","AS","1801",,"2443N 10235E",
,"CN","YUI","Yutai","Yutai","12","-----6--","RL","0901",,"3950N 11712E",
"|","CN","YUX","Yuxi","Yuxi","YN","-23--6--","AA","2407",,"2421N 10231E",""
,"CN","YOU","Yuyao","Yuyao","ZJ","-23-----","RL","0401",,"3003N 12108E",
,"CN","YYP","Yuyue Pt","Yuyue Pt","HB","1-------","RL","1401",,"",""
,"CN","YUZ","Yuzhou","Yuzhou","SC","--3-----","RL","0010",,,
,"CN","YZU","Yuzhu","Yuzhu","GD","1-3-----","RL","0601",,"2306N 11325E",
"|","CN","ZZS","Zaozhuang","Zaozhuang","SD","-23--6--","AS","2407",,"3449N 11720E",""
,"CN","ZEC","Zengcheng,Guangzhou","Zengcheng,Guangzhou","GD","--3--6--","AA","2207",,"2315N 11339E",
,"CN","ZMU","Zham","Zham","XZ","--3-----","AS","1601",,"2800N 08600E",""
,"CN","ZGH","Zhangcha","Zhangcha","SX","--3-----","RL","0607",,"3940N 11421E",
,"CN","ZHF","Zhangfeng","Zhangfeng","YN","--3-----","AS","1401",,,
,"CN","ZAG","Zhanghu","Zhanghu","AH","1-------","RL","1401",,"",""
,"CN","ZJB","Zhangjiabian","Zhangjiabian","GD","1-3--6--","RL","0601",,"2233N 11327E",
,"CN","WHZ","Zhangjiabu","Zhangjiabu","SD","1-------","AS","1407",,,""
,"CN","ZJG","Zhangjiagang","Zhangjiagang","JS","1-------","AS","1401","","3152N 12032E",""
,"CN","DYG","Zhangjiajie","Zhangjiajie","HN","-234----","AS","2107",,"2906N 11026E",""
"|","CN","ZJK","Zhangjiakou","Zhangjiakou","HE","-23--6--","AS","2407",,"4049N 11452E",""
,"CN","ZJI","Zhangjian","Zhangjian","SN","--3-----","RL","0201",,"3345N 11006E",
,"CN","ZGU","Zhangmutou","Zhangmutou","GD","--3-----","RL","9901",,,
,"CN","ZQH","Zhangqiu","Zhangqiu","41","-----6--","RL","0901",,"3603N 11558E",
,"CN","ZGS","Zhangshan","Zhangshan","JS","1-3-----","RL","0607",,"3407N 11819E",
,"CN","ZHN","Zhangshu","Zhangshu","36","--3-----","RL","0901",,"2805N 11531E",
,"CN","ZGW","Zhangwan","Zhangwan","FJ","1-------","AS","1401",,"2642N 11935E",
,"CN","ZZH","Zhangzhou","Zhangzhou","FJ","123-----","AA","2207",,"2431N 11739E",
,"CN","ZHA","Zhanjiang","Zhanjiang","GD","-234----","AS","2107",,,""
,"CN","ZNG","Zhanjiang Pt","Zhanjiang Pt","GD","1-------","AS","1601",,"2105N 11030E",""
,"CN","ZDO","Zhaodong","Zhaodong","HL","123--6--","RL","0601",,"4604N 12559E",
,"CN","ZHG","Zhaogang","Zhaogang","AH","1-3-----","RL","0607",,"3233N 11638E",
,"CN","ZPI","Zhaoping","Zhaoping","GD","1-------","RL","1401",,"",""
,"CN","ZQG","Zhaoqing","Zhaoqing","GD","123-----","AS","2107",,"2303N 11227E",""
,"CN","ZQN","Zhaoqing Railway Station","Zhaoqing Railway Station","GD","-2------","AS","1601",,,""
,"CN","ZAT","Zhaotong","Zhaotong","YN","-234----","RL","2107",,"",""
,"CN","ZYU","Zhaoyuan","Zhaoyuan","37","--3-----","RL","0901",,"3721N 12023E",
,"CN","ZHY","Zhaoyuan","Zhaoyuan","HL","1-3-----","RL","1401",,"",""
,"CN","ZPO","Zhapo","Zhapo","GD","1-------","AS","1401",,"2134N 11151E",
,"CN","ZPK","Zhapoyouku","Zhapoyouku","GD","1-------","RL","1401",,"",""
,"CN","ZPU","Zhapu Pt","Zhapu Pt","ZJ","1-------","AS","1407",,"3035N 12105E",""
,"CN","ZEL","Zhelin","Zhelin","GD","1-------","AS","1401",,"2335N 11706E",
,"CN","ZJN","Zhengjiatun","Zhengjiatun","JL","-2------","RL","1401",,"",""
,"CN","ZPG","zhengpugang Pt","zhengpugang Pt","AH","1-------","AS","1607",,"3138N 11823E",""
,"CN","ZGZ","Zhengzhou","Zhengzhou","HA","-2-45---","AS","1401",,"3446N 11340E",
,"CN","CGO","Zhengzhou Xinzheng International Apt","Zhengzhou Xinzheng International Apt","HA","---4----","AS","1601",,,""
,"CN","ZZZ","Zhengzhoudong Railway Station","Zhengzhoudong Railway Station","HA","-2------","AS","1601",,"3445N 11346E",""
,"CN","ZHI","Zhenhai Pt","Zhenhai Pt","ZJ","1-------","AS","1601",,"",""
,"CN","ZHE","Zhenjiang","Zhenjiang","JS","1234----","AS","2107",,"3211N 11927E",""
,"CN","ZOU","Zhenzhou","Zhenzhou","11","--3-----","RQ","0901",,"",
,"CN","ZXI","Zhexiang","Zhexiang","GZ","1-------","RL","1401",,"",""
,"CN","ZCG","Zhicheng","Zhicheng","HB","1-------","RL","1401",,"",""
,"CN","ZHC","Zhongcun","Zhongcun","SN","--3-----","RL","0607",,"3327N 11012E",
,"CN","ZGC","Zhongguancun","Zhongguancun","BJ","-----6--","AS","1601",,"",""
,"CN","ZLN","Zhongluotan","Zhongluotan","GD","--3-----","RL","0607",,"2323N 11323E",
,"CN","ZSN","Zhongshan","Zhongshan","GD","123-----","AS","2107",,"2231N 11322E",""
,"CN","ZGA","Zhongshan","Zhongshan","GX","--3--6--","RL","0607",,"2431N 11118E",
,"CN","ZGT","Zhongtang","Zhongtang","GD","1-------","AS","1601",,"2305N 11339E",""
,"CN","ZXN","Zhongxian","Zhongxian","CQ","1-------","RL","1401",,"",""
,"CN","ZXG","Zhongxiang","Zhongxiang","HB","--3-----","RQ","1007",,"3109N 11234E",
,"CN","ZKO","Zhoukou","Zhoukou","HA","-----6--","AS","1401",,"3337N 11438E",
,"CN","ZQJ","Zhouqujia","Zhouqujia","AH","1-------","RL","1401",,"",""
,"CN","ZOS","Zhoushan","Zhoushan","ZJ","123-----","AS","2107","",,""
,"CN","ZTZ","Zhoutuozi","Zhoutuozi","LN","-23-----","RL","0907",,"4209N 12232E",""
,"CN","ZZG","Zhouzhuang","Zhouzhuang","JS","1-------","RL","1401",,"",""
,"CN","ZHH","Zhuanghe Pt","Zhuanghe Pt","LN","1-------","AS","1601",,"3941N 12258E",""
,"CN","ZYO","Zhuangyuanao","Zhuangyuanao","ZJ","1-------","RQ","1007",,"2753N 12107E",
,"CN","ZHQ","Zhuanqiao","Zhuanqiao","31","--3-5---","RQ","0901",,"3113N 12127E",
,"CN","ZHU","Zhuao","Zhuao","GD","--3-----","AS","1601",,"",""
,"CN","ZCH","Zhucheng","Zhucheng","SD","--3-----","RL","0607",,"3559N 11923E",
,"CN","ZEQ","Zhuengadabuqi","Zhuengadabuqi","NM","--3-----","AS","1401",,"4544N 11616E",""
,"CN","ZUH","Zhuhai","Zhuhai","GD","123-----","AS","2107",,"2217N 11334E",""
,"CN","ZHJ","Zhuji","Zhuji","ZJ","-2---6--","RL","1401",,"2942N 12014E",""
,"CN","ZLO","Zhuliao","Zhuliao","GD","1-3--6--","RL","0601",,"2322N 11320E",
,"CN","ZHZ","Zhuozhou","Zhuozhou","HE","--3-----","RL","9901",,,
,"CN","ZUS","Zhushan","Zhushan","GX","1-------","RL","1401",,"",""
,"CN","ZUT","Zhutan","Zhutan","32","--3-----","RL","0901",,"3146N 12024E",
,"CN","ZUY","Zhuyang","Zhuyang","CQ","1-------","RL","1401",,"",""
,"CN","ZZO","Zhuzhou","Zhuzhou","HN","-----6--","AS","1401",,"2751N 11309E",
"|","CN","ZBO","Zibo","Zibo","SD","-23--6--","AS","2407",,"3640N 11804E",""
,"CN","ZCU","Zichuan","Zichuan","37","--3-----","RL","0901",,"3639N 11756E",
"|","CN","ZGO","Zigong","Zigong","SC","-23--6--","AS","2407",,"2923N 10446E",""
"|","CN","ZYA","Ziyang","Ziyang","SC","-23-5---","AA","2407",,"3007N 10437E",""
,"CN","ZIY","Ziyuan Pt","Ziyuan Pt","GX","1-------","RL","1401",,"",""
,"CN","ZYG","Zongyang","Zongyang","AH","1-------","RL","1401",,"",""
,"CN","ZOC","Zoucheng","Zoucheng","SD","-2------","RL","1401",,"",""
,"CN","ZXJ","Zouxiang","Zouxiang","32","-----6--","RL","0901",,"3140N 12040E",
,"CN","ZNY","Zunyi","Zunyi","GZ","-----6--","AS","1601",,"2742N 10655E",""
,"CN","ZYI","Zunyi Xinzhou Apt","Zunyi Xinzhou Apt","GZ","---4----","RL","1401",,"",""
