AAA Archive_ Archive Parameter. Details,,
AAA Archive_ Archive Parameter. Input. Date Time,0,1
AAA Archive_ Archive Parameter. Scheduled Destruction. Date Time,0,1
AAA Archive_ Archive Parameter. Prescription. Date Time,0,1
AAA Archive_ Archive Parameter. Destruction Authorization Level. Identifier,0,1
AAA Archive_ Archive Parameter. Input Responsible. AAA Archive_ Party,0,1
AAA Archive_ Archive Parameter. Destruction Responsible. AAA Archive_ Party,0,1
AAA Archive_ Archive Parameter. Trusted Third Party. AAA Archive_ Authentication,0,1
AAA Archive_ Archive Parameter. Agent. AAA Archive_ Authentication,0,1
AAA Archive_ Authentication. Details,,
AAA Archive_ Authentication. Actual. Date Time,0,1
AAA Archive_ Authentication. Identification. Identifier,0,1
AAA Archive_ Authentication. Statement. Text,0,1
AAA Archive_ Authentication. Information. Text,0,1
AAA Archive_ Authentication. Signatory. Text,0,unbounded
AAA Archive_ Binary File. Details,,
AAA Archive_ Binary File. Identification. Identifier,0,1
AAA Archive_ Binary File. Title. Text,0,1
AAA Archive_ Binary File. Author Name. Text,0,1
AAA Archive_ Binary File. Version. Identifier,0,1
AAA Archive_ Binary File. File Name. Text,0,1
AAA Archive_ Binary File. Included. Binary Object,0,1
AAA Archive_ Binary File. Access. Text,0,1
AAA Archive_ Binary File. Description. Text,0,1
AAA Archive_ Binary File. Size. Measure,0,1
AAA Archive_ Binary File. Access Availability. AAA_ Period,0,unbounded
AAA Archive_ Bundle Collection. Details,,
AAA Archive_ Bundle Collection. Identification. Identifier,0,1
AAA Archive_ Bundle Collection. Comment. Text,0,1
AAA Archive_ Bundle Collection. Agent Assigned Archive. Identifier,0,1
AAA Archive_ Bundle Collection. Agent Archive Delivery. Date Time,0,1
AAA Archive_ Bundle Collection. Owner Assigned Archive. Identifier,0,1
AAA Archive_ Bundle Collection. Owner Archive Delivery. Date Time,0,1
AAA Archive_ Bundle Collection. Life Cycle. AAA Archive_ Archive Parameter,0,1
AAA Archive_ Bundle Collection. Included. AAA Archive_ Document,0,unbounded
AAA Archive_ Certificate. Details,,
AAA Archive_ Certificate. Identification. Identifier,0,1
AAA Archive_ Certificate. Type. Code,0,1
AAA Archive_ Certificate. Software Operating System. Text,0,1
AAA Archive_ Certificate. Issue. Date Time,0,1
AAA Archive_ Clause. Details,,
AAA Archive_ Clause. Identification. Identifier,0,1
AAA Archive_ Clause. Version. Date Time,0,1
AAA Archive_ Clause. Content. Text,0,1
AAA Archive_ Clause. Breach Explanation. Text,0,1
AAA Archive_ Clause. Breach. Indicator,0,1
AAA Archive_ Clause. Wording Non Standard. Indicator,0,1
AAA Archive_ Clause. Parametric Standard Wording. Indicator,0,1
AAA Archive_ Clause. Met. Indicator,0,1
AAA Archive_ Document. Details,,
AAA Archive_ Document. Multiple Type. Indicator,0,1
AAA Archive_ Document. Identification. Identifier,0,1
AAA Archive_ Document. Type. Code,0,unbounded
AAA Archive_ Document. Name. Text,0,1
AAA Archive_ Document. Purpose. Text,0,1
AAA Archive_ Document. Description. Text,0,unbounded
AAA Archive_ Document. Issue. Date Time,0,1
AAA Archive_ Document. Submission. Date Time,0,1
AAA Archive_ Document. Receipt. Date Time,0,1
AAA Archive_ Document. Control Requirement. Indicator,0,1
AAA Archive_ Document. Creation. Date Time,0,1
AAA Archive_ Document. Status. Code,0,unbounded
AAA Archive_ Document. Copy. Indicator,0,1
AAA Archive_ Document. Response. Date Time,0,1
AAA Archive_ Document. Item Identification. Identifier,0,1
AAA Archive_ Document. Remarks. Text,0,unbounded
AAA Archive_ Document. Language. Identifier,0,unbounded
AAA Archive_ Document. Currency. Code,0,unbounded
AAA Archive_ Document. Line Count. Numeric,0,unbounded
AAA Archive_ Document. Line. Identifier,0,unbounded
AAA Archive_ Document. Multiple References. Indicator,0,1
AAA Archive_ Document. Revision. Text,0,unbounded
AAA Archive_ Document. Authorization. Text,0,1
AAA Archive_ Document. Checksum. Numeric,0,1
AAA Archive_ Document. Item. Quantity,0,unbounded
AAA Archive_ Document. Acceptance. Date Time,0,1
AAA Archive_ Document. Original Required. Quantity,0,1
AAA Archive_ Document. Copy Required. Quantity,0,1
AAA Archive_ Document. Original Issued. Quantity,0,1
AAA Archive_ Document. Copy Issued. Quantity,0,1
AAA Archive_ Document. Information. Text,0,1
AAA Archive_ Document. Authenticated Original. Indicator,0,1
AAA Archive_ Document. Disposition. Text,0,unbounded
AAA Archive_ Document. Electronic Presentation. Indicator,0,1
AAA Archive_ Document. Page. Identifier,0,unbounded
AAA Archive_ Document. Total Page. Quantity,0,1
AAA Archive_ Document. Revision. Date Time,0,1
AAA Archive_ Document. Rejection Reason. Text,0,unbounded
AAA Archive_ Document. Cancellation Reason. Text,0,unbounded
AAA Archive_ Document. Cancellation. Date Time,0,1
AAA Archive_ Document. Sequence. Identifier,0,unbounded
AAA Archive_ Document. Section Name. Text,0,unbounded
AAA Archive_ Document. External. Identifier,0,1
AAA Archive_ Document. First Version Issue. Date Time,0,1
AAA Archive_ Document. Examined. Indicator,0,1
AAA Archive_ Document. Verified. Indicator,0,1
AAA Archive_ Document. Handwritten. Indicator,0,1
AAA Archive_ Document. Printed. Indicator,0,1
AAA Archive_ Document. Signed. Indicator,0,1
AAA Archive_ Document. Signed. Date Time,0,1
AAA Archive_ Document. Requested. Date Time,0,1
AAA Archive_ Document. Signature Location. Text,0,unbounded
AAA Archive_ Document. Status. Text,0,unbounded
AAA Archive_ Document. Included. Amount,0,unbounded
AAA Archive_ Document. Included. Quantity,0,unbounded
AAA Archive_ Document. Rejection. Date Time,0,1
AAA Archive_ Document. Specified. AAA Archive_ Archive Parameter,0,1
AAA Archive_ Document. Owner. AAA Archive_ Party,0,1
AAA Archive_ Document. Agent. AAA Archive_ Party,0,unbounded
AAA Archive_ Document. Sender. AAA Archive_ Party,0,1
AAA Archive_ Document. Included. AAA Archive_ Note,0,unbounded
AAA Archive_ Document. Attached. AAA Archive_ Binary File,0,unbounded
AAA Archive_ Document. Effective. AAA_ Period,0,1
AAA Archive_ Document. Acceptable. AAA_ Period,0,1
AAA Archive_ Document. Lodgement. AAA Archive_ Location,0,unbounded
AAA Archive_ Document. Issue. AAA Archive_ Location,0,unbounded
AAA Archive_ Document. Contractual. AAA Archive_ Clause,0,unbounded
AAA Archive_ Document. Production. AAA Archive_ Software,0,1
AAA Archive_ Document. Reference. AAA Archive_ Document,0,unbounded
AAA Archive_ Document. Signatory. AAA Archive_ Authentication,0,unbounded
AAA Archive_ Location. Details,,
AAA Archive_ Location. Identification. Identifier,0,1
AAA Archive_ Location. Name. Text,0,1
AAA Archive_ Location. Directions. Text,0,unbounded
AAA Archive_ Location. Description. Text,0,1
AAA Archive_ Location. District. Identifier,0,1
AAA Archive_ Location. Country Name. Text,0,1
AAA Archive_ Location. Country Sub-Division Name. Text,0,1
AAA Archive_ Location. Country. Identifier,0,1
AAA Archive_ Location. Country Sub-Division. Identifier,0,1
AAA Archive_ Location. Geopolitical Region Name. Text,0,1
AAA Archive_ Location. Country Superordinate. Identifier,0,1
AAA Archive_ Location. UTC Offset. Numeric,0,1
AAA Archive_ Location. Type. Text,0,1
AAA Archive_ Note. Details,,
AAA Archive_ Note. Subject. Text,0,1
AAA Archive_ Note. Content. Text,0,1
AAA Archive_ Note. Identification. Identifier,0,1
AAA Archive_ Note. Name. Text,0,1
AAA Archive_ Note. Creation. Date Time,0,1
AAA Archive_ Party. Details,,
AAA Archive_ Party. Identification. Identifier,0,1
AAA Archive_ Party. Type. Code,0,1
AAA Archive_ Party. Name. Text,0,1
AAA Archive_ Party. Access Rights. Code,0,1
AAA Archive_ Party. Role. Code,0,1
AAA Archive_ Party. Language. Code,0,unbounded
AAA Archive_ Software. Details,,
AAA Archive_ Software. Author Name. Text,0,1
AAA Archive_ Software. Name. Text,0,1
AAA Archive_ Software. Version. Identifier,0,1
AAA Archive_ Software. Revision. Identifier,0,1
AAA Archive_ Software. Latest_ Update. Date Time,0,1
AAA Archive_ Software. Provided. AAA Archive_ Certificate,0,unbounded
AAA Chart Of Accounts_ Accounting Account Boundary. Details,,
AAA Chart Of Accounts_ Accounting Account Boundary. First Account Identification. Identifier,0,1
AAA Chart Of Accounts_ Accounting Account Boundary. Last Account Identification. Identifier,0,1
AAA Chart Of Accounts_ Accounting Account Boundary. First Sub-Account Identification. Identifier,0,1
AAA Chart Of Accounts_ Accounting Account Boundary. Last Sub-Account Identification. Identifier,0,1
AAA Chart Of Accounts_ Accounting Account Classification. Details,,
AAA Chart Of Accounts_ Accounting Account Classification. Identification. Identifier,1,1
AAA Chart Of Accounts_ Accounting Account Classification. First Use. Date Time,0,1
AAA Chart Of Accounts_ Accounting Account Classification. Internal Reference. Text,0,1
AAA Chart Of Accounts_ Accounting Account Classification. Using Country. Code,0,1
AAA Chart Of Accounts_ Accounting Account Classification. Currency. Code,0,1
AAA Chart Of Accounts_ Accounting Account Classification. Type. Code,0,1
AAA Chart Of Accounts_ Accounting Account Classification. Version. Text,0,1
AAA Chart Of Accounts_ Accounting Account Classification. Revision. Text,0,1
AAA Chart Of Accounts_ Accounting Account Classification. Related. AAA Chart Of Accounts_ Accounting Account,0,unbounded
AAA Chart Of Accounts_ Accounting Account Credit Risk. Details,,
AAA Chart Of Accounts_ Accounting Account Credit Risk. Cap Limitation. Amount,1,1
AAA Chart Of Accounts_ Accounting Account Credit Risk. Current. Amount,0,1
AAA Chart Of Accounts_ Accounting Account Pattern. Details,,
AAA Chart Of Accounts_ Accounting Account Pattern. Identification. Identifier,1,1
AAA Chart Of Accounts_ Accounting Account Pattern. Name. Text,0,1
AAA Chart Of Accounts_ Accounting Account Pattern. Template. Text,0,1
AAA Chart Of Accounts_ Accounting Account Pattern. Opening. Date Time,0,1
AAA Chart Of Accounts_ Accounting Account Pattern. Closing. Date Time,0,1
AAA Chart Of Accounts_ Accounting Account Pattern. Country. Identifier,0,1
AAA Chart Of Accounts_ Accounting Account Pattern. Specified. AAA_ Accounting Account Dimension,0,unbounded
AAA Chart Of Accounts_ Accounting Account. Details,,
AAA Chart Of Accounts_ Accounting Account. Identification. Identifier,1,1
AAA Chart Of Accounts_ Accounting Account. Type. Code,0,1
AAA Chart Of Accounts_ Accounting Account. Sub Account. Identifier,0,1
AAA Chart Of Accounts_ Accounting Account. Name. Text,0,1
AAA Chart Of Accounts_ Accounting Account. Abbreviated Name. Text,0,1
AAA Chart Of Accounts_ Accounting Account. Status. Code,0,1
AAA Chart Of Accounts_ Accounting Account. Group Rank. Code,0,1
AAA Chart Of Accounts_ Accounting Account. Opening. Date Time,0,1
AAA Chart Of Accounts_ Accounting Account. Opening Responsible Person. Text,0,1
AAA Chart Of Accounts_ Accounting Account. Aggregation Nomenclature. Identifier,0,unbounded
AAA Chart Of Accounts_ Accounting Account. Balance Normal Sign. Code,0,1
AAA Chart Of Accounts_ Accounting Account. Balance Reopening Mode. Code,0,1
AAA Chart Of Accounts_ Accounting Account. Locking. Date Time,0,1
AAA Chart Of Accounts_ Accounting Account. Locking Responsible Person. Text,0,1
AAA Chart Of Accounts_ Accounting Account. Closing. Date Time,0,1
AAA Chart Of Accounts_ Accounting Account. Closing Responsible Person. Text,0,1
AAA Chart Of Accounts_ Accounting Account. Nature. Code,0,1
AAA Chart Of Accounts_ Accounting Account. Mandatory Secondary Accounting. Indicator,0,1
AAA Chart Of Accounts_ Accounting Account. Latest Debit Posting. Date Time,0,1
AAA Chart Of Accounts_ Accounting Account. Latest Debit Posting Responsible Person. Text,0,1
AAA Chart Of Accounts_ Accounting Account. Latest Credit Posting. Date Time,0,1
AAA Chart Of Accounts_ Accounting Account. Latest Credit Posting Responsible Person. Text,0,1
AAA Chart Of Accounts_ Accounting Account. Matching Mark. Indicator,0,1
AAA Chart Of Accounts_ Accounting Account. Latest Matching Mark. Text,0,1
AAA Chart Of Accounts_ Accounting Account. Ticking Mark. Indicator,0,1
AAA Chart Of Accounts_ Accounting Account. Latest Ticking Mark. Text,0,1
AAA Chart Of Accounts_ Accounting Account. Language. Code,0,1
AAA Chart Of Accounts_ Accounting Account. Currency. Code,0,1
AAA Chart Of Accounts_ Accounting Account. Electronic Invoice URI. Identifier,0,1
AAA Chart Of Accounts_ Accounting Account. Update Authorized. AAA Chart Of Accounts_ Person,0,unbounded
AAA Chart Of Accounts_ Accounting Account. Related. AAA Chart Of Accounts_ Accounting Account Classification,0,1
AAA Chart Of Accounts_ Accounting Account. Inclusive. AAA Chart Of Accounts_ Accounting Account Boundary,0,unbounded
AAA Chart Of Accounts_ Accounting Account. Main. AAA Chart Of Accounts_ Accounting Account Pattern,0,1
AAA Chart Of Accounts_ Accounting Account. Subordinate. AAA Chart Of Accounts_ Accounting Account Pattern,0,1
AAA Chart Of Accounts_ Accounting Account. Specified. AAA Chart Of Accounts_ Tax,0,unbounded
AAA Chart Of Accounts_ Accounting Account. Specified. AAA Chart Of Accounts_ Financial Account,0,unbounded
AAA Chart Of Accounts_ Accounting Account. Specified. AAA Chart Of Accounts_ Payment Instruction,0,1
AAA Chart Of Accounts_ Accounting Account. Related. AAA Chart Of Accounts_ Accounting Account Credit Risk,0,1
AAA Chart Of Accounts_ Accounting Account. Linked. AAA Chart Of Accounts_ Accounting Account,0,unbounded
AAA Chart Of Accounts_ Accounting Account. Derived. AAA Chart Of Accounts_ Report,0,unbounded
AAA Chart Of Accounts_ Accounting Account. Related. AAA Chart Of Accounts_ Organization,0,1
AAA Chart Of Accounts_ Accounting Account. Exclusive. AAA Chart Of Accounts_ Accounting Account Boundary,0,unbounded
AAA Chart Of Accounts_ Contact. Details,,
AAA Chart Of Accounts_ Contact. Identification. Identifier,0,1
AAA Chart Of Accounts_ Contact. Job Title. Text,0,1
AAA Chart Of Accounts_ Contact. Responsibility. Text,0,1
AAA Chart Of Accounts_ Contact. Department Name. Text,0,1
AAA Chart Of Accounts_ Contact. Type. Code,0,1
AAA Chart Of Accounts_ Contact. Specified. AAA Chart Of Accounts_ Person,0,unbounded
AAA Chart Of Accounts_ Financial Account. Details,,
AAA Chart Of Accounts_ Financial Account. IBAN_ Identification. Identifier,0,1
AAA Chart Of Accounts_ Financial Account. Type. Code,0,1
AAA Chart Of Accounts_ Financial Account. Account Name. Text,0,1
AAA Chart Of Accounts_ Financial Account. Currency. Code,0,1
AAA Chart Of Accounts_ Financial Account. Servicer. AAA Chart Of Accounts_ Party,0,1
AAA Chart Of Accounts_ Financial Account. Owner. AAA Chart Of Accounts_ Party,0,1
AAA Chart Of Accounts_ Financial Account. Servicing. AAA Chart Of Accounts_ Financial Institution,0,1
AAA Chart Of Accounts_ Financial Institution. Details,,
AAA Chart Of Accounts_ Financial Institution. BEI. Identifier,0,1
AAA Chart Of Accounts_ Financial Institution. BIC. Identifier,0,1
AAA Chart Of Accounts_ Financial Institution. GLN. Identifier,0,1
AAA Chart Of Accounts_ Financial Institution. Identification. Identifier,0,1
AAA Chart Of Accounts_ Financial Institution. Name. Text,0,1
AAA Chart Of Accounts_ Financial Institution. Role. Code,0,1
AAA Chart Of Accounts_ Financial Institution. Location. AAA_ Address,0,1
AAA Chart Of Accounts_ Organization. Details,,
AAA Chart Of Accounts_ Organization. Tax Registration. Identifier,0,1
AAA Chart Of Accounts_ Organization. Business Type. Code,1,1
AAA Chart Of Accounts_ Organization. Legal Classification. Code,0,1
AAA Chart Of Accounts_ Organization. Name. Text,0,1
AAA Chart Of Accounts_ Organization. Identification. Identifier,0,1
AAA Chart Of Accounts_ Organization. Abbreviated Name. Text,0,1
AAA Chart Of Accounts_ Organization. Parent. Text,0,1
AAA Chart Of Accounts_ Organization. Official_ Language. Code,0,1
AAA Chart Of Accounts_ Organization. Function. Code,0,1
AAA Chart Of Accounts_ Organization. Social_ Identification. Identifier,0,1
AAA Chart Of Accounts_ Organization. Fiscal_ Identification. Identifier,0,1
AAA Chart Of Accounts_ Organization. Other_ Identification. Identifier,0,unbounded
AAA Chart Of Accounts_ Organization. Parent. Identifier,0,1
AAA Chart Of Accounts_ Organization. Postal. AAA_ Address,0,1
AAA Chart Of Accounts_ Organization. Designated. AAA Chart Of Accounts_ Party,0,unbounded
AAA Chart Of Accounts_ Organization. Primary. AAA Chart Of Accounts_ Contact,0,unbounded
AAA Chart Of Accounts_ Organization. Parent. AAA Chart Of Accounts_ Organization,0,unbounded
AAA Chart Of Accounts_ Party. Details,,
AAA Chart Of Accounts_ Party. Identification. Identifier,0,1
AAA Chart Of Accounts_ Party. Type. Code,0,1
AAA Chart Of Accounts_ Party. Person_ Name. Text,0,1
AAA Chart Of Accounts_ Party. Access Rights. Code,0,1
AAA Chart Of Accounts_ Party. Role. Code,0,1
AAA Chart Of Accounts_ Party. Language. Code,0,1
AAA Chart Of Accounts_ Party. Appointed. AAA Chart Of Accounts_ Person,0,unbounded
AAA Chart Of Accounts_ Payment Instruction. Details,,
AAA Chart Of Accounts_ Payment Instruction. Prior_ Approval Requirement. Indicator,0,1
AAA Chart Of Accounts_ Payment Instruction. Identified. AAA Chart Of Accounts_ Payment Terms,0,1
AAA Chart Of Accounts_ Payment Instruction. Payer Agent. AAA Chart Of Accounts_ Party,0,1
AAA Chart Of Accounts_ Payment Terms. Details,,
AAA Chart Of Accounts_ Payment Terms. Duration. Measure,0,1
AAA Chart Of Accounts_ Payment Terms. Type. Code,0,1
AAA Chart Of Accounts_ Payment Terms. Settlement Discount. Rate,0,1
AAA Chart Of Accounts_ Payment Terms. From Event. Code,0,1
AAA Chart Of Accounts_ Payment Terms. Additional Postponement. Code,0,1
AAA Chart Of Accounts_ Payment Terms. Related. AAA Chart Of Accounts_ Financial Account,0,1
AAA Chart Of Accounts_ Person. Details,,
AAA Chart Of Accounts_ Person. Identification. Identifier,0,1
AAA Chart Of Accounts_ Person. Name. Text,0,1
AAA Chart Of Accounts_ Person. Middle Name. Text,0,1
AAA Chart Of Accounts_ Person. Family Name. Text,0,1
AAA Chart Of Accounts_ Person. Title. Text,0,1
AAA Chart Of Accounts_ Person. Salutation. Text,0,1
AAA Chart Of Accounts_ Person. Family Name Prefix. Text,0,1
AAA Chart Of Accounts_ Person. Language. Identifier,0,1
AAA Chart Of Accounts_ Person. Marital Status. Code,0,1
AAA Chart Of Accounts_ Person. URI. AAA_ Communication,0,unbounded
AAA Chart Of Accounts_ Person. Telephone. AAA_ Communication,0,unbounded
AAA Chart Of Accounts_ Person. Fax. AAA_ Communication,0,unbounded
AAA Chart Of Accounts_ Report. Details,,
AAA Chart Of Accounts_ Report. Required Items List. Identifier,0,1
AAA Chart Of Accounts_ Report. Name. Text,0,1
AAA Chart Of Accounts_ Report. Item. Identifier,0,1
AAA Chart Of Accounts_ Tax. Details,,
AAA Chart Of Accounts_ Tax. Identification. Identifier,0,1
AAA Chart Of Accounts_ Tax. Calculated. Amount,0,1
AAA Chart Of Accounts_ Tax. Type. Code,0,1
AAA Chart Of Accounts_ Tax. Exemption Reason. Text,0,1
AAA Chart Of Accounts_ Tax. Calculated. Rate,0,1
AAA Chart Of Accounts_ Tax. Calculation Sequence. Numeric,0,1
AAA Chart Of Accounts_ Tax. Basis. Quantity,0,1
AAA Chart Of Accounts_ Tax. Basis. Amount,0,1
AAA Chart Of Accounts_ Tax. Category. Code,0,1
AAA Chart Of Accounts_ Tax. Currency. Code,0,1
AAA Chart Of Accounts_ Tax. Jurisdiction. Text,0,1
AAA Chart Of Accounts_ Tax. Customs Duty. Indicator,0,1
AAA Chart Of Accounts_ Tax. Exemption Reason. Code,0,1
AAA Chart Of Accounts_ Tax. Tax Basis Allowance. Rate,0,1
AAA Entry_ Accounting Account. Details,,
AAA Entry_ Accounting Account. Identification. Identifier,1,1
AAA Entry_ Accounting Account. Sub Account. Identifier,0,1
AAA Entry_ Accounting Account. Name. Text,0,1
AAA Entry_ Accounting Account. Abbreviated Name. Text,0,1
AAA Entry_ Accounting Account. Set Trigger. Code,0,1
AAA Entry_ Accounting Account. Type. Code,0,1
AAA Entry_ Accounting Account. Amount Type. Code,0,1
AAA Entry_ Accounting Account. Main Accounts Chart. Identifier,0,1
AAA Entry_ Accounting Account. Main Accounts Chart Reference. Identifier,0,1
AAA Entry_ Accounting Account. Accounting Year End. Date Time,0,1
AAA Entry_ Accounting Account. Derived. AAA Entry_ Report,0,unbounded
AAA Entry_ Accounting Account. Fiscal. AAA Entry_ Capital Asset,0,1
AAA Entry_ Accounting Account. Economic. AAA Entry_ Capital Asset,0,1
AAA Entry_ Accounting Account. IFRS. AAA Entry_ Capital Asset,0,1
AAA Entry_ Accounting Entry Line. Details,,
AAA Entry_ Accounting Entry Line. Comment. Text,0,1
AAA Entry_ Accounting Entry Line. Category. Code,0,1
AAA Entry_ Accounting Entry Line. Source. Code,0,1
AAA Entry_ Accounting Entry Line. Last Change. Date Time,0,1
AAA Entry_ Accounting Entry Line. Last Change Responsible Person Name. Text,0,1
AAA Entry_ Accounting Entry Line. Actual. Quantity,0,1
AAA Entry_ Accounting Entry Line. Nature. Text,0,1
AAA Entry_ Accounting Entry Line. Specified. AAA Entry_ Accounting Line Index,0,unbounded
AAA Entry_ Accounting Entry Line. Repeated. AAA Entry_ Monetary Allocation,0,unbounded
AAA Entry_ Accounting Entry Line. Repeated. AAA Entry_ Monetary Instalment,0,unbounded
AAA Entry_ Accounting Entry Line. Related. AAA Entry_ Accounting Line Monetary Value,1,unbounded
AAA Entry_ Accounting Entry Line. Related. AAA Entry_ Tax,0,1
AAA Entry_ Accounting Entry Line. Repeated. AAA Entry_ Payment,0,unbounded
AAA Entry_ Accounting Entry. Details,,
AAA Entry_ Accounting Entry. Identification. Identifier,0,1
AAA Entry_ Accounting Entry. Processing Status. Code,1,1
AAA Entry_ Accounting Entry. Journal. Identifier,0,1
AAA Entry_ Accounting Entry. Value Date. Date Time,1,1
AAA Entry_ Accounting Entry. Removal. Indicator,0,1
AAA Entry_ Accounting Entry. Unbalanced. Indicator,0,1
AAA Entry_ Accounting Entry. Related Entry. Identifier,0,1
AAA Entry_ Accounting Entry. Category. Code,0,1
AAA Entry_ Accounting Entry. Purpose. Text,0,1
AAA Entry_ Accounting Entry. Capture. Date Time,0,1
AAA Entry_ Accounting Entry. Reversal. Date Time,0,1
AAA Entry_ Accounting Entry. Validation. Date Time,0,1
AAA Entry_ Accounting Entry. Detailed. AAA Entry_ Accounting Entry Line,1,unbounded
AAA Entry_ Accounting Entry. Specified. AAA Entry_ Accounting Journal,1,1
AAA Entry_ Accounting Journal. Details,,
AAA Entry_ Accounting Journal. Identification. Identifier,0,1
AAA Entry_ Accounting Journal. Name. Text,0,1
AAA Entry_ Accounting Journal. Type. Code,0,1
AAA Entry_ Accounting Journal. Category. Code,0,1
AAA Entry_ Accounting Line Index. Details,,
AAA Entry_ Accounting Line Index. Line. Numeric,1,1
AAA Entry_ Accounting Line Index. Folio. Numeric,0,1
AAA Entry_ Accounting Line Monetary Value. Details,,
AAA Entry_ Accounting Line Monetary Value. Local Accounting Currency. Amount,1,1
AAA Entry_ Accounting Line Monetary Value. Voucher Currency. Amount,0,1
AAA Entry_ Accounting Line Monetary Value. Alternate Currency. Amount,0,1
AAA Entry_ Accounting Line Monetary Value. Alternate Currency Amount Type. Code,0,1
AAA Entry_ Accounting Line Monetary Value. Debit Credit. Code,1,1
AAA Entry_ Accounting Line Monetary Value. Matching. Identifier,0,1
AAA Entry_ Accounting Line Monetary Value. Ticking. Identifier,0,1
AAA Entry_ Accounting Line Monetary Value. Application Number. Identifier,0,1
AAA Entry_ Accounting Line Monetary Value. Achieved Work Category. Identifier,0,1
AAA Entry_ Accounting Line Monetary Value. Distribution Key. Identifier,0,1
AAA Entry_ Accounting Line Monetary Value. Perquisite. Code,0,1
AAA Entry_ Accounting Line Monetary Value. Refund Method. Code,0,1
AAA Entry_ Accounting Line Monetary Value. Remuneration Type. Identifier,0,1
AAA Entry_ Accounting Line Monetary Value. Matching. Date Time,0,1
AAA Entry_ Accounting Line Monetary Value. Booking. AAA Entry_ Accounting Account,1,unbounded
AAA Entry_ Accounting Voucher. Details,,
AAA Entry_ Accounting Voucher. Storage Location. Text,0,1
AAA Entry_ Accounting Voucher. Receiving Department. Text,0,1
AAA Entry_ Accounting Voucher. Identification. Identifier,0,1
AAA Entry_ Accounting Voucher. Medium. Code,0,1
AAA Entry_ Accounting Voucher. Tax Point. Date Time,0,1
AAA Entry_ Accounting Voucher. Imported File. Identifier,0,1
AAA Entry_ Accounting Voucher. Attachment. Binary Object,0,1
AAA Entry_ Accounting Voucher. Related. AAA Entry_ Document,0,unbounded
AAA Entry_ Binary File. Details,,
AAA Entry_ Binary File. Identification. Identifier,0,1
AAA Entry_ Binary File. Title. Text,0,1
AAA Entry_ Binary File. Author Name. Text,0,unbounded
AAA Entry_ Binary File. Version. Identifier,0,1
AAA Entry_ Binary File. File Name. Text,0,1
AAA Entry_ Binary File. URI. Identifier,0,1
AAA Entry_ Binary File. Included. Binary Object,1,unbounded
AAA Entry_ Binary File. Access. Text,0,1
AAA Entry_ Binary File. Description. Text,0,1
AAA Entry_ Binary File. Size. Measure,0,1
AAA Entry_ Binary File. Access Availability. AAA_ Period,0,1
AAA Entry_ Capital Asset Amortization. Details,,
AAA Entry_ Capital Asset Amortization. Lifetime Duration. Measure,0,1
AAA Entry_ Capital Asset Amortization. Basis. Amount,0,1
AAA Entry_ Capital Asset Amortization. Lifetime Production Capacity. Quantity,0,1
AAA Entry_ Capital Asset Amortization. Method. Code,0,1
AAA Entry_ Capital Asset Amortization. Method Legal Reference. Identifier,0,1
AAA Entry_ Capital Asset Amortization. Method Legal Reference. Text,0,1
AAA Entry_ Capital Asset Amortization. Calculation Parameter. Amount,0,1
AAA Entry_ Capital Asset Amortization. Calculation Parameter. Numeric,0,1
AAA Entry_ Capital Asset Amortization. Calculation Parameter. Percent,0,1
AAA Entry_ Capital Asset Amortization. Residual Value. Amount,0,1
AAA Entry_ Capital Asset Amortization. Lifetime End Cost. Amount,0,1
AAA Entry_ Capital Asset Amortization. Lifetime End Cost Type. Code,0,1
AAA Entry_ Capital Asset Amortization. Basis Reduction. Amount,0,1
AAA Entry_ Capital Asset Amortization. Basis Reduction. Percent,0,1
AAA Entry_ Capital Asset Amortization. Maintenance Cost. Amount,0,1
AAA Entry_ Capital Asset Amortization. Period Production. Quantity,0,1
AAA Entry_ Capital Asset Amortization. Specified. AAA_ Period,0,1
AAA Entry_ Capital Asset. Details,,
AAA Entry_ Capital Asset. Acquisition. Date Time,0,1
AAA Entry_ Capital Asset. Value Split. Numeric,0,1
AAA Entry_ Capital Asset. Specified. AAA Entry_ Capital Asset Amortization,0,unbounded
AAA Entry_ Day Book. Details,,
AAA Entry_ Day Book. Identification. Identifier,0,1
AAA Entry_ Day Book. Comment. Text,0,1
AAA Entry_ Day Book. Included. AAA Entry_ Accounting Voucher,0,unbounded
AAA Entry_ Document. Details,,
AAA Entry_ Document. Identification. Identifier,1,1
AAA Entry_ Document. Type. Code,0,1
AAA Entry_ Document. Purpose. Text,0,1
AAA Entry_ Document. Receipt. Date Time,0,1
AAA Entry_ Document. Creation. Date Time,0,1
AAA Entry_ Document. Justified. AAA Entry_ Accounting Entry,1,unbounded
AAA Entry_ Document. Attached. AAA Entry_ Binary File,0,unbounded
AAA Entry_ Financial Account. Details,,
AAA Entry_ Financial Account. IBAN_ Identification. Identifier,0,1
AAA Entry_ Financial Account. Type. Code,0,1
AAA Entry_ Financial Account. Account Name. Text,0,1
AAA Entry_ Monetary Allocation. Details,,
AAA Entry_ Monetary Allocation. Local Currency. Amount,1,1
AAA Entry_ Monetary Allocation. Period. Numeric,0,1
AAA Entry_ Monetary Allocation. Ranking. Numeric,0,1
AAA Entry_ Monetary Instalment. Details,,
AAA Entry_ Monetary Instalment. Payment. Amount,1,1
AAA Entry_ Monetary Instalment. Due Date. Date Time,0,1
AAA Entry_ Monetary Instalment. Ranking. Numeric,0,1
AAA Entry_ Payment. Details,,
AAA Entry_ Payment. Paid. Amount,1,1
AAA Entry_ Payment. Creation. Date Time,1,1
AAA Entry_ Payment. Type. Code,0,1
AAA Entry_ Payment. Identification. Identifier,0,1
AAA Entry_ Payment. Information. Text,0,1
AAA Entry_ Payment. Specified. AAA Entry_ Financial Account,1,1
AAA Entry_ Report. Details,,
AAA Entry_ Report. Required Items List. Identifier,0,1
AAA Entry_ Report. Name. Text,0,1
AAA Entry_ Report. Item. Identifier,0,1
AAA Entry_ Tax. Details,,
AAA Entry_ Tax. Identification. Identifier,0,1
AAA Entry_ Tax. Calculated. Amount,0,1
AAA Entry_ Tax. Type. Code,0,1
AAA Entry_ Tax. Exemption Reason. Text,0,1
AAA Entry_ Tax. Calculated. Rate,0,1
AAA Entry_ Tax. Calculation Sequence. Numeric,0,1
AAA Entry_ Tax. Basis. Quantity,0,1
AAA Entry_ Tax. Basis. Amount,0,1
AAA Entry_ Tax. Category. Code,0,1
AAA Entry_ Tax. Currency. Code,0,1
AAA Entry_ Tax. Jurisdiction. Text,0,1
AAA Entry_ Tax. Customs Duty. Indicator,0,1
AAA Entry_ Tax. Exemption Reason. Code,0,unbounded
AAA Entry_ Tax. Tax Basis Allowance. Rate,0,1
AAA Entry_ Tax. Specified. AAA Entry_ Accounting Account,1,unbounded
AAA Journal Book_ Accounting Account. Details,,
AAA Journal Book_ Accounting Account. Identification. Identifier,1,1
AAA Journal Book_ Accounting Account. Sub Account. Identifier,0,1
AAA Journal Book_ Accounting Account. Name. Text,0,1
AAA Journal Book_ Accounting Account. Abbreviated Name. Text,0,1
AAA Journal Book_ Accounting Account. Set Trigger. Code,0,1
AAA Journal Book_ Accounting Account. Type. Code,0,1
AAA Journal Book_ Accounting Account. Amount Type. Code,0,1
AAA Journal Book_ Accounting Account. Main Accounts Chart. Identifier,0,1
AAA Journal Book_ Accounting Account. Main Accounts Chart Reference. Identifier,0,1
AAA Journal Book_ Accounting Account. Accounting Year End. Date Time,0,1
AAA Journal Book_ Accounting Account. Derived. AAA Journal Book_ Report,1,unbounded
AAA Journal Book_ Accounting Account. Fiscal. AAA Journal Book_ Capital Asset,0,1
AAA Journal Book_ Accounting Account. Economic. AAA Journal Book_ Capital Asset,0,1
AAA Journal Book_ Accounting Account. IFRS. AAA Journal Book_ Capital Asset,0,1
AAA Journal Book_ Accounting Entry Line. Details,,
AAA Journal Book_ Accounting Entry Line. Comment. Text,0,1
AAA Journal Book_ Accounting Entry Line. Category. Code,0,1
AAA Journal Book_ Accounting Entry Line. Source. Code,0,1
AAA Journal Book_ Accounting Entry Line. Last Change. Date Time,0,1
AAA Journal Book_ Accounting Entry Line. Last Change Responsible Person Name. Text,0,1
AAA Journal Book_ Accounting Entry Line. Actual. Quantity,0,1
AAA Journal Book_ Accounting Entry Line. Nature. Text,0,1
AAA Journal Book_ Accounting Entry Line. Specified. AAA Journal Book_ Accounting Line Index,0,unbounded
AAA Journal Book_ Accounting Entry Line. Repeated. AAA Journal Book_ Monetary Allocation,0,unbounded
AAA Journal Book_ Accounting Entry Line. Repeated. AAA Journal Book_ Monetary Instalment,0,unbounded
AAA Journal Book_ Accounting Entry Line. Related. AAA Journal Book_ Accounting Line Monetary Value,1,unbounded
AAA Journal Book_ Accounting Entry Line. Related. AAA Journal Book_ Tax,0,1
AAA Journal Book_ Accounting Entry Line. Repeated. AAA Journal Book_ Payment,0,unbounded
AAA Journal Book_ Accounting Entry. Details,,
AAA Journal Book_ Accounting Entry. Identification. Identifier,0,1
AAA Journal Book_ Accounting Entry. Processing Status. Code,1,1
AAA Journal Book_ Accounting Entry. Value Date. Date Time,1,1
AAA Journal Book_ Accounting Entry. Removal. Indicator,0,1
AAA Journal Book_ Accounting Entry. Unbalanced. Indicator,0,1
AAA Journal Book_ Accounting Entry. Related Entry. Identifier,0,1
AAA Journal Book_ Accounting Entry. Category. Code,0,1
AAA Journal Book_ Accounting Entry. Purpose. Text,0,1
AAA Journal Book_ Accounting Entry. Capture. Date Time,0,1
AAA Journal Book_ Accounting Entry. Reversal. Date Time,0,1
AAA Journal Book_ Accounting Entry. Validation. Date Time,0,1
AAA Journal Book_ Accounting Entry. Justification. AAA Journal Book_ Document,0,unbounded
AAA Journal Book_ Accounting Entry. Detailed. AAA Journal Book_ Accounting Entry Line,0,unbounded
AAA Journal Book_ Accounting Journal. Details,,
AAA Journal Book_ Accounting Journal. Identification. Identifier,0,1
AAA Journal Book_ Accounting Journal. Name. Text,0,1
AAA Journal Book_ Accounting Journal. Type. Code,0,1
AAA Journal Book_ Accounting Journal. Category. Code,0,1
AAA Journal Book_ Accounting Journal. Included. AAA Journal Book_ Accounting Entry,0,unbounded
AAA Journal Book_ Accounting Line Index. Details,,
AAA Journal Book_ Accounting Line Index. Line. Numeric,1,1
AAA Journal Book_ Accounting Line Index. Folio. Numeric,0,1
AAA Journal Book_ Accounting Line Monetary Value. Details,,
AAA Journal Book_ Accounting Line Monetary Value. Local Accounting Currency. Amount,1,1
AAA Journal Book_ Accounting Line Monetary Value. Voucher Currency. Amount,0,1
AAA Journal Book_ Accounting Line Monetary Value. Alternate Currency. Amount,0,1
AAA Journal Book_ Accounting Line Monetary Value. Alternate Currency Amount Type. Code,0,1
AAA Journal Book_ Accounting Line Monetary Value. Debit Credit. Code,1,1
AAA Journal Book_ Accounting Line Monetary Value. Matching. Identifier,0,1
AAA Journal Book_ Accounting Line Monetary Value. Ticking. Identifier,0,1
AAA Journal Book_ Accounting Line Monetary Value. Application Number. Identifier,0,1
AAA Journal Book_ Accounting Line Monetary Value. Achieved Work Category. Identifier,0,1
AAA Journal Book_ Accounting Line Monetary Value. Distribution Key. Identifier,0,1
AAA Journal Book_ Accounting Line Monetary Value. Perquisite. Code,0,1
AAA Journal Book_ Accounting Line Monetary Value. Refund Method. Code,0,1
AAA Journal Book_ Accounting Line Monetary Value. Remuneration Type. Identifier,0,1
AAA Journal Book_ Accounting Line Monetary Value. Matching. Date Time,0,1
AAA Journal Book_ Accounting Line Monetary Value. Booking. AAA Journal Book_ Accounting Account,1,unbounded
AAA Journal Book_ Accounting Voucher. Details,,
AAA Journal Book_ Accounting Voucher. Storage Location. Text,0,1
AAA Journal Book_ Accounting Voucher. Receiving Department. Text,0,1
AAA Journal Book_ Accounting Voucher. Identification. Identifier,0,1
AAA Journal Book_ Accounting Voucher. Medium. Code,0,1
AAA Journal Book_ Accounting Voucher. Tax Point. Date Time,0,1
AAA Journal Book_ Accounting Voucher. Imported File. Identifier,0,1
AAA Journal Book_ Accounting Voucher. Attachment. Binary Object,0,1
AAA Journal Book_ Binary File. Details,,
AAA Journal Book_ Binary File. Identification. Identifier,0,1
AAA Journal Book_ Binary File. Title. Text,0,1
AAA Journal Book_ Binary File. Author Name. Text,0,unbounded
AAA Journal Book_ Binary File. Version. Identifier,0,1
AAA Journal Book_ Binary File. File Name. Text,0,1
AAA Journal Book_ Binary File. URI. Identifier,0,1
AAA Journal Book_ Binary File. Included. Binary Object,0,unbounded
AAA Journal Book_ Binary File. Access. Text,0,1
AAA Journal Book_ Binary File. Description. Text,0,1
AAA Journal Book_ Binary File. Size. Measure,0,1
AAA Journal Book_ Binary File. Access Availability. AAA_ Period,0,1
AAA Journal Book_ Capital Asset Amortization. Details,,
AAA Journal Book_ Capital Asset Amortization. Lifetime Duration. Measure,0,1
AAA Journal Book_ Capital Asset Amortization. Basis. Amount,0,1
AAA Journal Book_ Capital Asset Amortization. Lifetime Production Capacity. Quantity,0,1
AAA Journal Book_ Capital Asset Amortization. Method. Code,0,1
AAA Journal Book_ Capital Asset Amortization. Method Legal Reference. Identifier,0,1
AAA Journal Book_ Capital Asset Amortization. Method Legal Reference. Text,0,1
AAA Journal Book_ Capital Asset Amortization. Calculation Parameter. Amount,0,1
AAA Journal Book_ Capital Asset Amortization. Calculation Parameter. Numeric,0,1
AAA Journal Book_ Capital Asset Amortization. Calculation Parameter. Percent,0,1
AAA Journal Book_ Capital Asset Amortization. Residual Value. Amount,0,1
AAA Journal Book_ Capital Asset Amortization. Lifetime End Cost. Amount,0,1
AAA Journal Book_ Capital Asset Amortization. Lifetime End Cost Type. Code,0,1
AAA Journal Book_ Capital Asset Amortization. Basis Reduction. Amount,0,1
AAA Journal Book_ Capital Asset Amortization. Basis Reduction. Percent,0,1
AAA Journal Book_ Capital Asset Amortization. Maintenance Cost. Amount,0,1
AAA Journal Book_ Capital Asset Amortization. Period Production. Quantity,0,1
AAA Journal Book_ Capital Asset Amortization. Specified. AAA_ Period,0,1
AAA Journal Book_ Capital Asset. Details,,
AAA Journal Book_ Capital Asset. Acquisition. Date Time,0,1
AAA Journal Book_ Capital Asset. Value Split. Numeric,0,1
AAA Journal Book_ Capital Asset. Specified. AAA Journal Book_ Capital Asset Amortization,0,unbounded
AAA Journal Book_ Day Book. Details,,
AAA Journal Book_ Day Book. Identification. Identifier,0,1
AAA Journal Book_ Day Book. Comment. Text,0,1
AAA Journal Book_ Day Book. Included. AAA Journal Book_ Accounting Journal,0,unbounded
AAA Journal Book_ Document. Details,,
AAA Journal Book_ Document. Identification. Identifier,1,1
AAA Journal Book_ Document. Type. Code,0,1
AAA Journal Book_ Document. Purpose. Text,0,1
AAA Journal Book_ Document. Receipt. Date Time,0,1
AAA Journal Book_ Document. Creation. Date Time,0,1
AAA Journal Book_ Document. Referenced. AAA Journal Book_ Accounting Voucher,0,unbounded
AAA Journal Book_ Document. Containing. AAA Journal Book_ Binary File,0,1
AAA Journal Book_ Financial Account. Details,,
AAA Journal Book_ Financial Account. IBAN_ Identification. Identifier,0,1
AAA Journal Book_ Financial Account. Type. Code,0,1
AAA Journal Book_ Financial Account. Account Name. Text,0,1
AAA Journal Book_ Monetary Allocation. Details,,
AAA Journal Book_ Monetary Allocation. Local Currency. Amount,1,1
AAA Journal Book_ Monetary Allocation. Period. Numeric,0,1
AAA Journal Book_ Monetary Allocation. Ranking. Numeric,0,1
AAA Journal Book_ Monetary Allocation. Related. AAA_ Period,0,1
AAA Journal Book_ Monetary Instalment. Details,,
AAA Journal Book_ Monetary Instalment. Payment. Amount,1,1
AAA Journal Book_ Monetary Instalment. Due Date. Date Time,0,1
AAA Journal Book_ Monetary Instalment. Ranking. Numeric,0,1
AAA Journal Book_ Payment. Details,,
AAA Journal Book_ Payment. Paid. Amount,1,1
AAA Journal Book_ Payment. Creation. Date Time,1,1
AAA Journal Book_ Payment. Type. Code,0,1
AAA Journal Book_ Payment. Identification. Identifier,0,1
AAA Journal Book_ Payment. Information. Text,0,1
AAA Journal Book_ Payment. Specified. AAA Journal Book_ Financial Account,1,1
AAA Journal Book_ Report. Details,,
AAA Journal Book_ Report. Required Items List. Identifier,0,1
AAA Journal Book_ Report. Name. Text,0,1
AAA Journal Book_ Report. Item. Identifier,0,1
AAA Journal Book_ Tax. Details,,
AAA Journal Book_ Tax. Identification. Identifier,0,1
AAA Journal Book_ Tax. Calculated. Amount,0,1
AAA Journal Book_ Tax. Type. Code,0,1
AAA Journal Book_ Tax. Exemption Reason. Text,0,1
AAA Journal Book_ Tax. Calculated. Rate,0,1
AAA Journal Book_ Tax. Calculation Sequence. Numeric,0,1
AAA Journal Book_ Tax. Basis. Quantity,0,1
AAA Journal Book_ Tax. Basis. Amount,0,1
AAA Journal Book_ Tax. Category. Code,0,1
AAA Journal Book_ Tax. Currency. Code,0,1
AAA Journal Book_ Tax. Jurisdiction. Text,0,1
AAA Journal Book_ Tax. Customs Duty. Indicator,0,1
AAA Journal Book_ Tax. Exemption Reason. Code,0,unbounded
AAA Journal Book_ Tax. Tax Basis Allowance. Rate,0,1
AAA Journal_ Accounting Account. Details,,
AAA Journal_ Accounting Account. Identification. Identifier,0,1
AAA Journal_ Accounting Account. Sub Account. Identifier,0,1
AAA Journal_ Accounting Account. Name. Text,0,1
AAA Journal_ Accounting Account. Abbreviated Name. Text,0,1
AAA Journal_ Accounting Account. Type. Code,0,1
AAA Journal_ Accounting Journal. Details,,
AAA Journal_ Accounting Journal. Identification. Identifier,0,1
AAA Journal_ Accounting Journal. Name. Text,0,1
AAA Journal_ Accounting Journal. Type. Code,0,1
AAA Journal_ Accounting Journal. Category. Code,0,1
AAA Journal_ Accounting Journal. Opening. Date Time,0,1
AAA Journal_ Accounting Journal. Closing. Date Time,0,1
AAA Journal_ Accounting Journal. Opening Responsible. AAA Journal_ Contact,0,1
AAA Journal_ Accounting Journal. Closing Responsible. AAA Journal_ Contact,0,1
AAA Journal_ Accounting Journal. Offsetting. AAA Journal_ Accounting Account,0,1
AAA Journal_ Contact. Details,,
AAA Journal_ Contact. Identification. Identifier,0,1
AAA Journal_ Contact. Job Title. Text,0,1
AAA Journal_ Contact. Responsibility. Text,0,1
AAA Journal_ Contact. Department Name. Text,0,1
AAA Journal_ Contact. Type. Code,0,1
AAA Journal_ Contact. Specified. AAA Journal_ Person,0,1
AAA Journal_ Journal List. Details,,
AAA Journal_ Journal List. Identification. Identifier,0,1
AAA Journal_ Journal List. Comment. Text,0,1
AAA Journal_ Journal List. Responsible. AAA Journal_ Contact,0,1
AAA Journal_ Journal List. Included. AAA Journal_ Accounting Journal,0,unbounded
AAA Journal_ Person. Details,,
AAA Journal_ Person. Identification. Identifier,0,1
AAA Journal_ Person. Name. Text,0,1
AAA Journal_ Person. Middle Name. Text,0,1
AAA Journal_ Person. Family Name. Text,0,1
AAA Journal_ Person. Title. Text,0,1
AAA Journal_ Person. Salutation. Text,0,1
AAA Journal_ Person. Family Name Prefix. Text,0,1
AAA Journal_ Person. Language. Identifier,0,1
AAA Journal_ Person. URI. AAA_ Communication,0,1
AAA Journal_ Person. Fax. AAA_ Communication,0,1
AAA Journal_ Person. Telephone. AAA_ Communication,0,1
AAA Ledger_ Accounting Account. Details,,
AAA Ledger_ Accounting Account. Identification. Identifier,0,1
AAA Ledger_ Accounting Account. Type. Code,0,1
AAA Ledger_ Accounting Account. Set Trigger. Code,0,1
AAA Ledger_ Accounting Account. Amount Type. Code,0,1
AAA Ledger_ Accounting Account. Sub Account. Identifier,0,1
AAA Ledger_ Accounting Account. Name. Text,0,1
AAA Ledger_ Accounting Account. Abbreviated Name. Text,0,1
AAA Ledger_ Accounting Account. Main Accounts Chart. Identifier,0,1
AAA Ledger_ Accounting Account. Main Accounts Chart Reference. Identifier,0,1
AAA Ledger_ Accounting Account. Derived. AAA Ledger_ Report,0,unbounded
AAA Ledger_ Accounting Account. Included. AAA Ledger_ Accounting Entry Line,0,unbounded
AAA Ledger_ Accounting Entry Line. Details,,
AAA Ledger_ Accounting Entry Line. Comment. Text,0,1
AAA Ledger_ Accounting Entry Line. Category. Code,0,1
AAA Ledger_ Accounting Entry Line. Source. Code,0,1
AAA Ledger_ Accounting Entry Line. Last Change. Date Time,0,1
AAA Ledger_ Accounting Entry Line. Last Change Responsible Person Name. Text,0,1
AAA Ledger_ Accounting Entry Line. Actual. Quantity,0,1
AAA Ledger_ Accounting Entry Line. Nature. Text,0,1
AAA Ledger_ Accounting Entry Line. Connected. AAA Ledger_ Accounting Entry,1,1
AAA Ledger_ Accounting Entry Line. Specified. AAA Ledger_ Accounting Line Index,0,1
AAA Ledger_ Accounting Entry Line. Related. AAA Ledger_ Tax,0,unbounded
AAA Ledger_ Accounting Entry Line. Repeated. AAA Ledger_ Monetary Allocation,0,1
AAA Ledger_ Accounting Entry Line. Repeated. AAA Ledger_ Monetary Instalment,0,1
AAA Ledger_ Accounting Entry Line. Related. AAA Ledger_ Accounting Line Monetary Value,1,1
AAA Ledger_ Accounting Entry Line. Repeated. AAA Ledger_ Payment,0,unbounded
AAA Ledger_ Accounting Entry. Details,,
AAA Ledger_ Accounting Entry. Identification. Identifier,0,1
AAA Ledger_ Accounting Entry. Processing Status. Code,0,1
AAA Ledger_ Accounting Entry. Journal. Identifier,0,1
AAA Ledger_ Accounting Entry. Value Date. Date Time,0,1
AAA Ledger_ Accounting Entry. Removal. Indicator,0,1
AAA Ledger_ Accounting Entry. Unbalanced. Indicator,0,1
AAA Ledger_ Accounting Entry. Related Entry. Identifier,0,1
AAA Ledger_ Accounting Entry. Category. Code,0,1
AAA Ledger_ Accounting Entry. Purpose. Text,0,1
AAA Ledger_ Accounting Entry. Validation. Date Time,0,1
AAA Ledger_ Accounting Entry. Capture. Date Time,0,1
AAA Ledger_ Accounting Entry. Reversal. Date Time,0,1
AAA Ledger_ Accounting Entry. Justification. AAA Ledger_ Document,0,unbounded
AAA Ledger_ Accounting Entry. Specified. AAA Ledger_ Accounting Journal,0,1
AAA Ledger_ Accounting Journal. Details,,
AAA Ledger_ Accounting Journal. Identification. Identifier,0,1
AAA Ledger_ Accounting Journal. Name. Text,0,1
AAA Ledger_ Accounting Journal. Type. Code,0,1
AAA Ledger_ Accounting Journal. Category. Code,0,1
AAA Ledger_ Accounting Line Index. Details,,
AAA Ledger_ Accounting Line Index. Line. Numeric,0,1
AAA Ledger_ Accounting Line Index. Folio. Numeric,0,1
AAA Ledger_ Accounting Line Monetary Value. Details,,
AAA Ledger_ Accounting Line Monetary Value. Local Accounting Currency. Amount,1,1
AAA Ledger_ Accounting Line Monetary Value. Voucher Currency. Amount,0,1
AAA Ledger_ Accounting Line Monetary Value. Alternate Currency. Amount,0,1
AAA Ledger_ Accounting Line Monetary Value. Alternate Currency Amount Type. Code,0,1
AAA Ledger_ Accounting Line Monetary Value. Debit Credit. Code,1,1
AAA Ledger_ Accounting Line Monetary Value. Matching. Identifier,0,1
AAA Ledger_ Accounting Line Monetary Value. Ticking. Identifier,0,1
AAA Ledger_ Accounting Line Monetary Value. Application Number. Identifier,0,1
AAA Ledger_ Accounting Line Monetary Value. Achieved Work Category. Identifier,0,1
AAA Ledger_ Accounting Line Monetary Value. Distribution Key. Identifier,0,1
AAA Ledger_ Accounting Line Monetary Value. Matching. Date Time,0,1
AAA Ledger_ Accounting Voucher. Details,,
AAA Ledger_ Accounting Voucher. Storage Location. Text,0,1
AAA Ledger_ Accounting Voucher. Receiving Department. Text,0,1
AAA Ledger_ Accounting Voucher. Identification. Identifier,0,1
AAA Ledger_ Accounting Voucher. Medium. Code,0,1
AAA Ledger_ Accounting Voucher. Tax Point. Date Time,0,1
AAA Ledger_ Accounting Voucher. Imported File. Identifier,0,1
AAA Ledger_ Document. Details,,
AAA Ledger_ Document. Identification. Identifier,0,1
AAA Ledger_ Document. Type. Code,0,1
AAA Ledger_ Document. Purpose. Text,0,1
AAA Ledger_ Document. Receipt. Date Time,0,1
AAA Ledger_ Document. Creation. Date Time,0,1
AAA Ledger_ Document. Referenced. AAA Ledger_ Accounting Voucher,0,unbounded
AAA Ledger_ Financial Account. Details,,
AAA Ledger_ Financial Account. IBAN_ Identification. Identifier,0,1
AAA Ledger_ Financial Account. Type. Code,0,1
AAA Ledger_ Financial Account. Account Name. Text,0,1
AAA Ledger_ Ledger. Details,,
AAA Ledger_ Ledger. Identification. Identifier,0,1
AAA Ledger_ Ledger. Comment. Text,0,1
AAA Ledger_ Ledger. Included. AAA Ledger_ Accounting Account,0,unbounded
AAA Ledger_ Monetary Allocation. Details,,
AAA Ledger_ Monetary Allocation. Local Currency. Amount,0,1
AAA Ledger_ Monetary Allocation. Period. Numeric,0,1
AAA Ledger_ Monetary Allocation. Ranking. Numeric,0,1
AAA Ledger_ Monetary Allocation. Related. AAA_ Period,0,1
AAA Ledger_ Monetary Instalment. Details,,
AAA Ledger_ Monetary Instalment. Payment. Amount,0,1
AAA Ledger_ Monetary Instalment. Due Date. Date Time,0,1
AAA Ledger_ Monetary Instalment. Ranking. Numeric,0,1
AAA Ledger_ Payment. Details,,
AAA Ledger_ Payment. Paid. Amount,1,1
AAA Ledger_ Payment. Creation. Date Time,1,1
AAA Ledger_ Payment. Type. Code,0,1
AAA Ledger_ Payment. Identification. Identifier,0,1
AAA Ledger_ Payment. Information. Text,0,1
AAA Ledger_ Payment. Specified. AAA Ledger_ Financial Account,1,1
AAA Ledger_ Report. Details,,
AAA Ledger_ Report. Required Items List. Identifier,0,1
AAA Ledger_ Report. Name. Text,0,1
AAA Ledger_ Report. Item. Identifier,0,1
AAA Ledger_ Tax. Details,,
AAA Ledger_ Tax. Identification. Identifier,0,1
AAA Ledger_ Tax. Calculated. Amount,0,1
AAA Ledger_ Tax. Type. Code,0,1
AAA Ledger_ Tax. Exemption Reason. Text,0,1
AAA Ledger_ Tax. Calculated. Rate,0,1
AAA Ledger_ Tax. Calculation Sequence. Numeric,0,1
AAA Ledger_ Tax. Basis. Quantity,0,1
AAA Ledger_ Tax. Basis. Amount,0,1
AAA Ledger_ Tax. Category. Code,0,1
AAA Ledger_ Tax. Currency. Code,0,1
AAA Ledger_ Tax. Jurisdiction. Text,0,1
AAA Ledger_ Tax. Customs Duty. Indicator,0,1
AAA Ledger_ Tax. Exemption Reason. Code,0,1
AAA Ledger_ Tax. Tax Basis Allowance. Rate,0,1
AAA Report_ Accounting Account. Details,,
AAA Report_ Accounting Account. Identification. Identifier,1,1
AAA Report_ Accounting Account. Type. Code,0,1
AAA Report_ Accounting Account. Sub Account. Identifier,0,1
AAA Report_ Accounting Account. Name. Text,0,1
AAA Report_ Accounting Account. Abbreviated Name. Text,0,1
AAA Report_ Accounting Account. Main Accounts Chart. Identifier,0,1
AAA Report_ Accounting Account. Main Accounts Chart Reference. Identifier,0,1
AAA Report_ Accounting Period. Details,,
AAA Report_ Accounting Period. Specified. AAA_ Period,1,1
AAA Report_ Document. Details,,
AAA Report_ Document. Attachment. Binary Object,1,1
AAA Report_ Document. Production. AAA Report_ Software,0,1
AAA Report_ Expected Information. Details,,
AAA Report_ Expected Information. Response Index. Identifier,0,1
AAA Report_ Expected Information. Specified. Amount,0,1
AAA Report_ Expected Information. Amount Weight. Code,0,1
AAA Report_ Expected Information. Amount Decimal Digit. Numeric,0,1
AAA Report_ Expected Information. Reference. Identifier,0,1
AAA Report_ Expected Information. Comment. Text,0,1
AAA Report_ Expected Information. Specified. Date,0,1
AAA Report_ Expected Information. Specified. Time,0,1
AAA Report_ Expected Information. Specified. Quantity,0,1
AAA Report_ Expected Information. Specified. Percent,0,1
AAA Report_ Expected Information. Response. Indicator,0,1
AAA Report_ Expected Information. Currency. Code,0,1
AAA Report_ Expected Information. Currency Decimal Digit. Numeric,0,1
AAA Report_ Expected Information. Currency Usage. Code,0,1
AAA Report_ Financial Account. Details,,
AAA Report_ Financial Account. IBAN_ Identification. Identifier,0,1
AAA Report_ Financial Account. Type. Code,0,1
AAA Report_ Financial Account. Account Name. Text,0,1
AAA Report_ Financial Account. Currency. Code,0,1
AAA Report_ Financial Account. Servicer. AAA Report_ Party,0,1
AAA Report_ Financial Account. Owner. AAA Report_ Party,0,1
AAA Report_ Financial Account. Servicing. AAA Report_ Financial Institution,0,1
AAA Report_ Financial Institution. Details,,
AAA Report_ Financial Institution. BEI. Identifier,0,1
AAA Report_ Financial Institution. BIC. Identifier,0,1
AAA Report_ Financial Institution. GLN. Identifier,0,1
AAA Report_ Financial Institution. Identification. Identifier,0,1
AAA Report_ Financial Institution. Name. Text,0,1
AAA Report_ Financial Institution. Role. Code,0,1
AAA Report_ Form Template. Details,,
AAA Report_ Form Template. Identification. Identifier,1,1
AAA Report_ Form Template. Name. Text,0,1
AAA Report_ Form Template. Included. AAA_ Report,0,unbounded
AAA Report_ Formality. Details,,
AAA Report_ Formality. Identification. Identifier,1,1
AAA Report_ Formality. Name. Text,0,1
AAA Report_ Formality. Manifest. Text,0,unbounded
AAA Report_ Formality. Nomenclature. Identifier,1,1
AAA Report_ Formality. Nomenclature Name. Text,0,1
AAA Report_ Formality. Included. AAA Report_ Form Template,0,unbounded
AAA Report_ Formality. Concerned. AAA Report_ Organization,0,1
AAA Report_ Formality. Specified. AAA Report_ Accounting Period,0,unbounded
AAA Report_ Organization. Details,,
AAA Report_ Organization. Tax Registration. Identifier,0,1
AAA Report_ Organization. Business Type. Code,0,1
AAA Report_ Organization. Legal Classification. Code,0,1
AAA Report_ Organization. Name. Text,0,unbounded
AAA Report_ Organization. Identification. Identifier,0,unbounded
AAA Report_ Organization. Abbreviated Name. Text,0,1
AAA Report_ Organization. Function. Code,0,1
AAA Report_ Organization. Social_ Identification. Identifier,0,1
AAA Report_ Organization. Fiscal_ Identification. Identifier,0,1
AAA Report_ Organization. Other_ Identification. Identifier,0,unbounded
AAA Report_ Organization. Postal. AAA_ Address,0,1
AAA Report_ Organization. Primary. AAA Report_ Person,0,1
AAA Report_ Party. Details,,
AAA Report_ Party. Identification. Identifier,0,1
AAA Report_ Party. Type. Code,0,1
AAA Report_ Party. Person_ Name. Text,0,1
AAA Report_ Party. Access Rights. Code,0,1
AAA Report_ Party. Role. Code,0,1
AAA Report_ Party. Language. Code,0,1
AAA Report_ Payment Terms. Details,,
AAA Report_ Payment Terms. Duration. Measure,0,1
AAA Report_ Payment Terms. Type. Code,0,1
AAA Report_ Payment Terms. Settlement Discount. Rate,0,1
AAA Report_ Payment Terms. From Event. Code,0,1
AAA Report_ Payment Terms. Additional Postponement. Code,0,1
AAA Report_ Payment Terms. Agent. AAA Report_ Party,0,1
AAA Report_ Person. Details,,
AAA Report_ Person. Identification. Identifier,0,1
AAA Report_ Person. Name. Text,0,1
AAA Report_ Person. Middle Name. Text,0,1
AAA Report_ Person. Family Name. Text,0,1
AAA Report_ Person. Title. Text,0,1
AAA Report_ Person. Salutation. Text,0,1
AAA Report_ Person. Family Name Prefix. Text,0,1
AAA Report_ Person. Language. Identifier,0,1
AAA Report_ Person. Marital Status. Code,0,1
AAA Report_ Person. Information. AAA_ Address,0,1
AAA Report_ Software. Details,,
AAA Report_ Software. Author Name. Text,0,1
AAA Report_ Software. Name. Text,0,1
AAA Report_ Software. Version. Identifier,0,1
AAA Report_ Software. User Type. Code,0,1
AAA Report_ Software. Revision. Identifier,0,1
AAA Report_ Software. Latest_ Update. Date Time,0,1
AAA Trial Balance_ Accounting Account Classification. Details,,
AAA Trial Balance_ Accounting Account Classification. Identification. Identifier,0,1
AAA Trial Balance_ Accounting Account Classification. First Use. Date Time,0,1
AAA Trial Balance_ Accounting Account Classification. Internal Reference. Text,0,1
AAA Trial Balance_ Accounting Account Classification. Using Country. Code,0,1
AAA Trial Balance_ Accounting Account Classification. Currency. Code,0,1
AAA Trial Balance_ Accounting Account Classification. Type. Code,0,1
AAA Trial Balance_ Accounting Account Classification. Version. Text,0,1
AAA Trial Balance_ Accounting Account Classification. Revision. Text,0,1
AAA Trial Balance_ Accounting Account. Details,,
AAA Trial Balance_ Accounting Account. Identification. Identifier,0,1
AAA Trial Balance_ Accounting Account. Type. Code,0,1
AAA Trial Balance_ Accounting Account. Sub Account. Identifier,0,unbounded
AAA Trial Balance_ Accounting Account. Name. Text,0,1
AAA Trial Balance_ Accounting Account. Abbreviated Name. Text,0,1
AAA Trial Balance_ Accounting Account. Status. Code,0,1
AAA Trial Balance_ Accounting Account. Group Rank. Code,0,1
AAA Trial Balance_ Accounting Account. Opening. Date Time,0,1
AAA Trial Balance_ Accounting Account. Opening Responsible Person. Text,0,1
AAA Trial Balance_ Accounting Account. Aggregation Nomenclature. Identifier,0,1
AAA Trial Balance_ Accounting Account. Balance Normal Sign. Code,0,1
AAA Trial Balance_ Accounting Account. Locking. Date Time,0,1
AAA Trial Balance_ Accounting Account. Locking Responsible Person. Text,0,1
AAA Trial Balance_ Accounting Account. Closing. Date Time,0,1
AAA Trial Balance_ Accounting Account. Closing Responsible Person. Text,0,1
AAA Trial Balance_ Accounting Account. Nature. Code,0,1
AAA Trial Balance_ Accounting Account. Latest Debit Posting. Date Time,0,1
AAA Trial Balance_ Accounting Account. Latest Debit Posting Responsible Person. Text,0,1
AAA Trial Balance_ Accounting Account. Latest Credit Posting. Date Time,0,1
AAA Trial Balance_ Accounting Account. Latest Credit Posting Responsible Person. Text,0,1
AAA Trial Balance_ Accounting Account. Latest Matching Mark. Text,0,1
AAA Trial Balance_ Accounting Account. Latest Ticking Mark. Text,0,1
AAA Trial Balance_ Accounting Account. Linked. AAA Trial Balance_ Accounting Account,0,unbounded
AAA Trial Balance_ Accounting Account. Derived. AAA Trial Balance_ Report,0,unbounded
AAA Trial Balance_ Accounting Account. Related. AAA Trial Balance_ Accounting Account Classification,0,1
AAA Trial Balance_ Accounting Account. Related. AAA Trial Balance_ Accounting Line Monetary Value,0,unbounded
AAA Trial Balance_ Accounting Characteristic. Details,,
AAA Trial Balance_ Accounting Characteristic. Description. Code,1,1
AAA Trial Balance_ Accounting Characteristic. Description Value. Code,1,1
AAA Trial Balance_ Accounting Line Monetary Value. Details,,
AAA Trial Balance_ Accounting Line Monetary Value. Local Accounting Currency. Amount,0,1
AAA Trial Balance_ Accounting Line Monetary Value. Alternate Currency. Amount,0,1
AAA Trial Balance_ Accounting Line Monetary Value. Alternate Currency Amount Type. Code,0,1
AAA Trial Balance_ Accounting Line Monetary Value. Debit Credit. Code,0,1
AAA Trial Balance_ Accounting Line Monetary Value. Amount Qualifier. Code,0,1
AAA Trial Balance_ Accounting Line Monetary Value. Balance. Quantity,0,1
AAA Trial Balance_ Accounting Line Monetary Value. Specified. AAA_ Period,0,1
AAA Trial Balance_ Report. Details,,
AAA Trial Balance_ Report. Required Items List. Identifier,0,1
AAA Trial Balance_ Report. Name. Text,0,1
AAA Trial Balance_ Report. Item. Identifier,0,1
AAA Trial Balance_ Trial Balance. Details,,
AAA Trial Balance_ Trial Balance. Identification. Identifier,0,1
AAA Trial Balance_ Trial Balance. Comment. Text,0,1
AAA Trial Balance_ Trial Balance. Defined. AAA Trial Balance_ Accounting Characteristic,0,unbounded
AAA Trial Balance_ Trial Balance. Included. AAA Trial Balance_ Accounting Account,0,unbounded
AAA Wrap_ Accounting Account Boundary. Details,,
AAA Wrap_ Accounting Account Boundary. First Account Identification. Identifier,0,1
AAA Wrap_ Accounting Account Boundary. Last Account Identification. Identifier,0,1
AAA Wrap_ Accounting Account Boundary. First Sub-Account Identification. Identifier,0,1
AAA Wrap_ Accounting Account Boundary. Last Sub-Account Identification. Identifier,0,1
AAA Wrap_ Accounting Account Classification. Details,,
AAA Wrap_ Accounting Account Classification. Identification. Identifier,1,1
AAA Wrap_ Accounting Account Classification. First Use. Date Time,0,1
AAA Wrap_ Accounting Account Classification. Internal Reference. Text,0,1
AAA Wrap_ Accounting Account Classification. Using Country. Code,0,1
AAA Wrap_ Accounting Account Classification. Currency. Code,0,1
AAA Wrap_ Accounting Account Classification. Type. Code,0,1
AAA Wrap_ Accounting Account Classification. Version. Text,0,1
AAA Wrap_ Accounting Account Classification. Revision. Text,0,1
AAA Wrap_ Accounting Account Classification. Specified. AAA Wrap_ Accounting Period,0,unbounded
AAA Wrap_ Accounting Book. Details,,
AAA Wrap_ Accounting Book. Identification. Identifier,1,1
AAA Wrap_ Accounting Book. Test Condition. Indicator,0,1
AAA Wrap_ Accounting Book. Specified. AAA Wrap_ Processed Entity,1,unbounded
AAA Wrap_ Accounting Check. Details,,
AAA Wrap_ Accounting Check. Document Type. Code,0,1
AAA Wrap_ Accounting Check. Total Element. Quantity,0,1
AAA Wrap_ Accounting Check. Total Debit. Amount,0,1
AAA Wrap_ Accounting Check. Total Credit. Amount,0,1
AAA Wrap_ Accounting Check. Excluded. AAA Wrap_ Accounting Account Boundary,0,unbounded
AAA Wrap_ Accounting Check. Included. AAA Wrap_ Accounting Account Boundary,0,unbounded
AAA Wrap_ Accounting Period. Details,,
AAA Wrap_ Accounting Period. Specified. AAA_ Period,1,1
AAA Wrap_ Accounting Period. Specified. AAA Wrap_ Accounting Check,0,1
AAA Wrap_ Bundle Collection. Details,,
AAA Wrap_ Bundle Collection. Identification. Identifier,1,1
AAA Wrap_ Bundle Collection. Comment. Text,0,1
AAA Wrap_ Bundle Collection. Specified. AAA Wrap_ Accounting Period,0,unbounded
AAA Wrap_ Certificate. Details,,
AAA Wrap_ Certificate. Identification. Identifier,1,1
AAA Wrap_ Certificate. Type. Code,0,1
AAA Wrap_ Certificate. Software Operating System. Text,0,1
AAA Wrap_ Certificate. Issue. Date Time,0,1
AAA Wrap_ Contact. Details,,
AAA Wrap_ Contact. Job Title. Text,0,1
AAA Wrap_ Contact. Identification. Identifier,0,1
AAA Wrap_ Contact. Department Name. Text,0,1
AAA Wrap_ Contact. Responsibility. Text,0,1
AAA Wrap_ Contact. Type. Code,0,1
AAA Wrap_ Contact. Specified. AAA Wrap_ Person,0,unbounded
AAA Wrap_ Day Book. Details,,
AAA Wrap_ Day Book. Identification. Identifier,1,1
AAA Wrap_ Day Book. Comment. Text,0,1
AAA Wrap_ Day Book. Specified. AAA Wrap_ Accounting Period,0,unbounded
AAA Wrap_ Financial Account. Details,,
AAA Wrap_ Financial Account. IBAN_ Identification. Identifier,0,1
AAA Wrap_ Financial Account. Type. Code,0,1
AAA Wrap_ Financial Account. Account Name. Text,0,1
AAA Wrap_ Financial Account. Currency. Code,0,1
AAA Wrap_ Financial Account. Servicer. AAA Wrap_ Party,0,1
AAA Wrap_ Financial Account. Owner. AAA Wrap_ Party,0,1
AAA Wrap_ Financial Account. Servicing. AAA Wrap_ Financial Institution,0,1
AAA Wrap_ Financial Institution. Details,,
AAA Wrap_ Financial Institution. BEI. Identifier,1,1
AAA Wrap_ Financial Institution. BIC. Identifier,0,1
AAA Wrap_ Financial Institution. GLN. Identifier,0,1
AAA Wrap_ Financial Institution. Identification. Identifier,0,1
AAA Wrap_ Financial Institution. Name. Text,0,1
AAA Wrap_ Financial Institution. Role. Code,0,1
AAA Wrap_ Financial Institution. Location. AAA_ Address,0,1
AAA Wrap_ Formality. Details,,
AAA Wrap_ Formality. Identification. Identifier,1,1
AAA Wrap_ Formality. Name. Text,0,1
AAA Wrap_ Formality. Manifest. Text,0,1
AAA Wrap_ Formality. Nomenclature. Identifier,0,1
AAA Wrap_ Formality. Nomenclature Name. Text,0,1
AAA Wrap_ Formality. Specified. AAA Wrap_ Accounting Period,0,unbounded
AAA Wrap_ Journal List. Details,,
AAA Wrap_ Journal List. Identification. Identifier,1,1
AAA Wrap_ Journal List. Comment. Text,0,1
AAA Wrap_ Journal List. Specified. AAA Wrap_ Accounting Period,0,unbounded
AAA Wrap_ Ledger. Details,,
AAA Wrap_ Ledger. Identification. Identifier,1,1
AAA Wrap_ Ledger. Comment. Text,0,1
AAA Wrap_ Ledger. Specified. AAA Wrap_ Accounting Period,0,unbounded
AAA Wrap_ Organization. Details,,
AAA Wrap_ Organization. Tax Registration. Identifier,0,1
AAA Wrap_ Organization. Business Type. Code,0,1
AAA Wrap_ Organization. Legal Classification. Code,0,1
AAA Wrap_ Organization. Name. Text,0,unbounded
AAA Wrap_ Organization. Identification. Identifier,0,unbounded
AAA Wrap_ Organization. Abbreviated Name. Text,0,1
AAA Wrap_ Organization. Parent. Identifier,0,1
AAA Wrap_ Organization. Parent. Text,0,1
AAA Wrap_ Organization. Official_ Language. Code,0,1
AAA Wrap_ Organization. Function. Code,0,1
AAA Wrap_ Organization. Social_ Identification. Identifier,0,1
AAA Wrap_ Organization. Fiscal_ Identification. Identifier,0,1
AAA Wrap_ Organization. Other_ Identification. Identifier,0,unbounded
AAA Wrap_ Organization. Postal. AAA_ Address,0,unbounded
AAA Wrap_ Organization. Primary. AAA Wrap_ Contact,0,unbounded
AAA Wrap_ Organization. Designated. AAA Wrap_ Party,0,unbounded
AAA Wrap_ Party. Details,,
AAA Wrap_ Party. Identification. Identifier,0,1
AAA Wrap_ Party. Type. Code,0,1
AAA Wrap_ Party. Person_ Name. Text,0,1
AAA Wrap_ Party. Language. Code,0,unbounded
AAA Wrap_ Party. Appointed. AAA Wrap_ Person,0,1
AAA Wrap_ Person. Details,,
AAA Wrap_ Person. Identification. Identifier,0,1
AAA Wrap_ Person. Name. Text,0,1
AAA Wrap_ Person. Middle Name. Text,0,1
AAA Wrap_ Person. Family Name. Text,0,1
AAA Wrap_ Person. Title. Text,0,1
AAA Wrap_ Person. Salutation. Text,0,1
AAA Wrap_ Person. Family Name Prefix. Text,0,1
AAA Wrap_ Person. Language. Identifier,0,1
AAA Wrap_ Person. URI. AAA_ Communication,0,unbounded
AAA Wrap_ Person. Telephone. AAA_ Communication,0,unbounded
AAA Wrap_ Person. Fax. AAA_ Communication,0,unbounded
AAA Wrap_ Processed Entity. Details,,
AAA Wrap_ Processed Entity. Scenario Identification. Identifier,0,1
AAA Wrap_ Processed Entity. Scenario Step Number. Numeric,0,unbounded
AAA Wrap_ Processed Entity. Accounting Identification. Identifier,1,1
AAA Wrap_ Processed Entity. Accounting Method. Text,0,1
AAA Wrap_ Processed Entity. Local_ Accounting Currency. Code,0,1
AAA Wrap_ Processed Entity. Chart Of Accounts. Identifier,0,1
AAA Wrap_ Processed Entity. Accounting Book Preparation. Date Time,0,1
AAA Wrap_ Processed Entity. Accounting Book Creation. Date Time,0,1
AAA Wrap_ Processed Entity. Scenario Type. Code,0,1
AAA Wrap_ Processed Entity. Comment. Text,0,1
AAA Wrap_ Processed Entity. Business Process Linkage. Text,0,1
AAA Wrap_ Processed Entity. Audit. AAA Wrap_ Organization,0,unbounded
AAA Wrap_ Processed Entity. Representative. AAA Wrap_ Organization,0,unbounded
AAA Wrap_ Processed Entity. Billed. AAA Wrap_ Organization,0,1
AAA Wrap_ Processed Entity. Preparer. AAA Wrap_ Organization,0,1
AAA Wrap_ Processed Entity. Originator. AAA Wrap_ Organization,0,1
AAA Wrap_ Processed Entity. Recipient. AAA Wrap_ Organization,0,unbounded
AAA Wrap_ Processed Entity. Sender. AAA Wrap_ Organization,0,1
AAA Wrap_ Processed Entity. Owner. AAA Wrap_ Organization,0,1
AAA Wrap_ Processed Entity. Sender. AAA Wrap_ Software,0,1
AAA Wrap_ Processed Entity. Recipient. AAA Wrap_ Software,0,1
AAA Wrap_ Processed Entity. Intermediate. AAA Wrap_ Software,0,unbounded
AAA Wrap_ Processed Entity. Specified. AAA Wrap_ Financial Account,0,unbounded
AAA Wrap_ Processed Entity. Specified. AAA Wrap_ Journal List,0,unbounded
AAA Wrap_ Processed Entity. Specified. AAA Wrap_ Day Book,0,unbounded
AAA Wrap_ Processed Entity. Specified. AAA Wrap_ Accounting Account Classification,0,unbounded
AAA Wrap_ Processed Entity. Specified. AAA Wrap_ Bundle Collection,0,unbounded
AAA Wrap_ Processed Entity. Specified. AAA Wrap_ Ledger,0,unbounded
AAA Wrap_ Processed Entity. Specified. AAA Wrap_ Trial Balance,0,unbounded
AAA Wrap_ Processed Entity. Specified. AAA Wrap_ Formality,0,unbounded
AAA Wrap_ Software. Details,,
AAA Wrap_ Software. Author Name. Text,0,1
AAA Wrap_ Software. Name. Text,0,1
AAA Wrap_ Software. Version. Identifier,0,1
AAA Wrap_ Software. Revision. Identifier,0,1
AAA Wrap_ Software. Latest_ Update. Date Time,0,1
AAA Wrap_ Software. Provided. AAA Wrap_ Certificate,0,unbounded
AAA Wrap_ Trial Balance. Details,,
AAA Wrap_ Trial Balance. Identification. Identifier,1,1
AAA Wrap_ Trial Balance. Comment. Text,0,1
AAA Wrap_ Trial Balance. Specified. AAA Wrap_ Accounting Period,0,unbounded
AAA_ Accounting Account Dimension. Details,,
AAA_ Accounting Account Dimension. Ranking. Numeric,1,1
AAA_ Accounting Account Dimension. Identification. Identifier,1,1
AAA_ Accounting Account Dimension. Name. Text,0,1
AAA_ Accounting Account Dimension. Field Length. Numeric,1,1
AAA_ Address. Details,,
AAA_ Address. Identification. Identifier,0,1
AAA_ Address. Postcode. Code,0,1
AAA_ Address. Line One. Text,0,1
AAA_ Address. Line Two. Text,0,1
AAA_ Address. Line Three. Text,0,1
AAA_ Address. City Name. Text,0,1
AAA_ Address. Country. Identifier,0,1
AAA_ Address. City Sub-Division Name. Text,0,1
AAA_ Address. Country Name. Text,0,1
AAA_ Address. Country Sub-Division Name. Text,0,1
AAA_ Address. Format. Code,0,1
AAA_ Address. Post Office Box. Text,0,1
AAA_ Address. Operation Centre. Text,0,1
AAA_ Communication. Details,,
AAA_ Communication. URI. Identifier,0,1
AAA_ Communication. Local Number. Text,0,1
AAA_ Communication. Complete Number. Text,0,1
AAA_ Communication. Country Number. Code,0,1
AAA_ Communication. Extension Number. Text,0,1
AAA_ Period. Details,,
AAA_ Period. Start. Date Time,0,1
AAA_ Period. End. Date Time,0,1
AAA_ Period. Duration. Measure,0,1
AAA_ Period. Inclusive. Indicator,0,1
AAA_ Period. Description. Text,0,1
AAA_ Period. Complete. Date Time,0,1
AAA_ Period. Function. Code,0,1
AAA_ Report. Details,,
AAA_ Report. Next Information. Identifier,0,unbounded
AAA_ Report. Name. Text,0,1
AAA_ Report. Item. Identifier,1,1
AAA_ Report. Dependent. AAA_ Report,0,unbounded
AAA_ Report. Specified. AAA Report_ Financial Account,0,1
AAA_ Report. Specified. AAA Report_ Expected Information,0,unbounded
AAA_ Report. Specified. AAA Report_ Person,0,1
AAA_ Report. Specified. AAA_ Address,0,1
AAA_ Report. Specified. AAA Report_ Software,0,1
AAA_ Report. Specified. AAA Report_ Organization,0,1
AAA_ Report. Specified. AAA Report_ Accounting Account,0,1
AAA_ Report. Included. AAA Report_ Document,0,1
AAA_ Report. Specified. AAA Report_ Accounting Period,0,unbounded
AAA_ Report. Specified. AAA Report_ Payment Terms,0,1
AAP_ Process. Details,,
AAP_ Process. Type. Code,1,unbounded
AAP_ Process. Conversion Factor. Numeric,0,1
AAP_ Process. Used. FA_ Catch,0,unbounded
AAP_ Process. Result. AAP_ Product,0,unbounded
AAP_ Product. Details,,
AAP_ Product. Species. Code,0,1
AAP_ Product. Unit. Quantity,0,1
AAP_ Product. Weight. Measure,0,1
AAP_ Product. Weighing Means. Code,0,1
AAP_ Product. Usage. Code,0,1
AAP_ Product. Packaging_ Unit. Quantity,0,1
AAP_ Product. Packaging_ Type. Code,0,1
AAP_ Product. Packaging Unit Average_ Weight. Measure,0,1
AAP_ Product. Applied. AAP_ Process,0,unbounded
AAP_ Product. Total. Sales_ Price,0,1
AAP_ Product. Specified. Size_ Distribution,0,1
AAP_ Product. Origin. FLUX_ Location,0,unbounded
AAP_ Product. Origin. Fishing_ Activity,0,1
AAP_ Stock. Details,,
AAP_ Stock. Identification. Identifier,1,1
Academic_ Qualification. Details,,
Academic_ Qualification. Name. Text,0,unbounded
Academic_ Qualification. Abbreviated Name. Text,0,1
Accidental Release Measure_ Instructions. Details,,
Accidental Release Measure_ Instructions. Containment_ Procedure. Text,0,1
Accidental Release Measure_ Instructions. Clean-Up_ Procedure. Text,0,1
Accidental Release Measure_ Instructions. Personal Precaution_ Handling. Text,1,1
Accidental Release Measure_ Instructions. Environmental Precaution_ Handling. Text,1,1
Accidental Release Measure_ Instructions. Neutralizing Agent_ Item Name. Text,1,1
Account Servicing_ Financial Institution. Details,,
Account Servicing_ Financial Institution. Alternative_ Identification. Identifier,0,1
Account Servicing_ Financial Institution. BIC_ Identification. Identifier,0,1
Account Servicing_ Financial Institution. Name. Text,0,1
Account Servicing_ Financial Institution. Branch_ Name. Text,0,1
Accounting_ Bundle Collection. Details,,
Accounting_ Bundle Collection. Identification. Identifier,0,1
Accounting_ Bundle Collection. Comment. Text,0,1
Accounting_ Bundle Collection. Specified. Delimited_ Accounting Period,0,unbounded
Accounting_ Day Book. Details,,
Accounting_ Day Book. Identification. Identifier,0,1
Accounting_ Day Book. Comment. Text,0,1
Accounting_ Day Book. Specified. Delimited_ Accounting Period,0,unbounded
Accounting_ Journal List. Details,,
Accounting_ Journal List. Identification. Identifier,0,1
Accounting_ Journal List. Comment. Text,0,1
Accounting_ Journal List. Specified. Delimited_ Accounting Period,0,unbounded
Accounting_ Ledger. Details,,
Accounting_ Ledger. Identification. Identifier,0,unbounded
Accounting_ Ledger. Comment. Text,0,1
Accounting_ Ledger. Included. Booked_ Accounting Account,0,unbounded
Accounting_ Ledger. Specified. Delimited_ Accounting Period,0,unbounded
Accounting_ Processed Entity. Details,,
Accounting_ Processed Entity. Scenario Identification. Identifier,0,1
Accounting_ Processed Entity. Scenario Step Number. Numeric,0,unbounded
Accounting_ Processed Entity. Accounting Identification. Identifier,1,1
Accounting_ Processed Entity. Accounting Method. Text,0,1
Accounting_ Processed Entity. Local_ Accounting Currency. Code,0,1
Accounting_ Processed Entity. Chart Of Accounts. Identifier,0,1
Accounting_ Processed Entity. Accounting Book Preparation. Date Time,0,1
Accounting_ Processed Entity. Accounting Book Creation. Date Time,0,1
Accounting_ Processed Entity. Scenario Type. Code,0,1
Accounting_ Processed Entity. Comment. Text,0,1
Accounting_ Processed Entity. Business Process Linkage. Text,0,1
Accounting_ Processed Entity. Audit. Legal_ Organization,0,unbounded
Accounting_ Processed Entity. Representative. Legal_ Organization,0,unbounded
Accounting_ Processed Entity. Billed. Legal_ Organization,0,1
Accounting_ Processed Entity. Preparer. Legal_ Organization,0,1
Accounting_ Processed Entity. Originator. Legal_ Organization,0,1
Accounting_ Processed Entity. Recipient. Legal_ Organization,0,unbounded
Accounting_ Processed Entity. Sender. Legal_ Organization,0,1
Accounting_ Processed Entity. Owner. Legal_ Organization,0,1
Accounting_ Processed Entity. Sender. Production_ Software,0,1
Accounting_ Processed Entity. Recipient. Production_ Software,0,1
Accounting_ Processed Entity. Intermediate. Production_ Software,0,unbounded
Accounting_ Processed Entity. Specified. Payment_ Financial Account,0,1
Accounting_ Processed Entity. Specified. Accounting_ Journal List,0,unbounded
Accounting_ Processed Entity. Specified. Accounting_ Day Book,0,unbounded
Accounting_ Processed Entity. Specified. Chart Of Accounts_ Accounting Account Classification,0,unbounded
Accounting_ Processed Entity. Specified. Accounting_ Bundle Collection,0,unbounded
Accounting_ Processed Entity. Specified. Accounting_ Ledger,0,unbounded
Accounting_ Processed Entity. Specified. Accounting_ Trial Balance,0,unbounded
Accounting_ Processed Entity. Specified. Reporting_ Formality,0,unbounded
Accounting_ Trial Balance. Details,,
Accounting_ Trial Balance. Identification. Identifier,0,1
Accounting_ Trial Balance. Comment. Text,0,1
Accounting_ Trial Balance. Specified. Delimited_ Accounting Period,0,unbounded
ACDR_ Catch. Details,,
ACDR_ Catch. FAO_ Species. Code,1,1
ACDR_ Catch. Unit. Quantity,0,1
ACDR_ Catch. Weight. Measure,0,1
ACDR_ Catch. Usage. Code,0,1
ACDR_ Reported Area. Details,,
ACDR_ Reported Area. FAO_ Identification. Code,1,1
ACDR_ Reported Area. Sovereignty Water. Code,1,1
ACDR_ Reported Area. Landing Country. Code,0,1
ACDR_ Reported Area. Catch Status. Code,1,1
ACDR_ Reported Area. Specified. ACDR_ Catch,1,unbounded
Acknowledgement_ Document. Details,,
Acknowledgement_ Document. Multiple References. Indicator,0,1
Acknowledgement_ Document. Identification. Identifier,0,1
Acknowledgement_ Document. Type. Code,0,unbounded
Acknowledgement_ Document. Name. Text,0,1
Acknowledgement_ Document. Issue. Date Time,0,1
Acknowledgement_ Document. Report_ Submission. Date Time,0,1
Acknowledgement_ Document. Report_ Receipt. Date Time,0,1
Acknowledgement_ Document. Control Requirement. Indicator,0,1
Acknowledgement_ Document. Creation. Date Time,0,1
Acknowledgement_ Document. Status. Code,0,unbounded
Acknowledgement_ Document. Acknowledgement_ Status. Code,0,unbounded
Acknowledgement_ Document. Item Identification. Identifier,0,1
Acknowledgement_ Document. Reason_ Information. Text,0,unbounded
Acknowledgement_ Document. Channel. Code,0,1
Acknowledgement_ Document. Process_ Condition. Code,0,1
Acknowledgement_ Document. Process_ Condition. Text,0,unbounded
Acknowledgement_ Document. Status. Text,0,unbounded
Acknowledgement_ Document. Reference. Referenced_ Document,0,unbounded
Acquisition_ Contract Line Item. Details,,
Acquisition_ Contract Line Item. Total. Quantity,0,1
Acquisition_ Contract Line Item. Billed_ Identified. Amount,0,1
Acquisition_ Contract Line Item. Close Out_ Payment Status. Code,0,1
Acquisition_ Contract Line Item. Estimated_ Unit. Amount,0,1
Acquisition_ Contract Line Item. Identification. Identifier,0,unbounded
Acquisition_ Contract Line Item. Price Break. Quantity,0,1
Acquisition_ Contract Line Item. Unit. Amount,0,1
Acquisition_ Contract Line Item. Variation. Percent,0,1
Acquisition_ Contract Line Item. Actual. Amount,0,1
Acquisition_ Contract Line Item. Latest_ Identified. Amount,0,1
Acquisition_ Contract Line Item. Associated. Exhibit_ Contract Line Item,0,unbounded
Acquisition_ Contract. Details,,
Acquisition_ Contract. Lead Time Day. Numeric,0,1
Acquisition_ Contract. Procurement_ Lead Time Day. Numeric,0,1
Acquisition_ Contract. Contract_ Lead Time Day. Numeric,0,1
Acquisition_ Contract. End. Date Time,0,1
Acquisition_ Contract. Expected_ End. Date Time,0,1
Acquisition_ Contract. Estimated_ End. Date Time,0,1
Acquisition_ Contract. Planned_ End. Date Time,0,1
Acquisition_ Contract. Federal Supply Schedule_ Identification. Identifier,0,1
Acquisition_ Contract. Final Payment. Date Time,0,1
Acquisition_ Contract. Identification. Identifier,0,1
Acquisition_ Contract. Competition_ Type. Code,0,unbounded
Acquisition_ Contract. Last Use. Date Time,0,1
Acquisition_ Contract. Contractor Liability. Indicator,0,1
Acquisition_ Contract. Method. Code,0,unbounded
Acquisition_ Contract. Provisioning_ Identification. Identifier,0,unbounded
Acquisition_ Contract. Status. Code,0,1
Acquisition_ Contract. Type. Code,0,unbounded
Acquisition_ Contract. US DOD_ Identification. Identifier,0,1
Acquisition_ Contract. Issue. Date Time,0,1
Acquisition_ Contract. Close Out_ Status. Code,0,unbounded
Acquisition_ Contract. Close Out. Amount,0,1
Acquisition_ Contract. End_ Close Out. Date Time,0,1
Acquisition_ Contract. Clause. Text,0,unbounded
Acquisition_ Contract. Authorization_ Type. Code,0,unbounded
Acquisition_ Contract. Acquisition_ Type. Code,0,unbounded
Acquisition_ Contract. Close Out_ Type. Code,0,1
Acquisition_ Contract. DPAS_ Type. Code,0,unbounded
Acquisition_ Contract. Delivery Order_ Identification. Identifier,0,unbounded
Acquisition_ Contract. Contractor_ Identified. Trade_ Party,0,1
Acquisition_ Contract. Specified. Acquisition_ Contract Line Item,0,unbounded
Acquisition_ Registration. Details,,
Acquisition_ Registration. Type. Code,0,unbounded
Acquisition_ Registration. Recorded. Date,0,unbounded
Acquisition_ Registration. Identification. Identifier,0,unbounded
Acquisition_ Registration. Category. Code,0,unbounded
Acquisition_ Registration. Validity. Specified_ Period,0,unbounded
Acquisition_ Registration. Identified. Registree_ Party,0,unbounded
Administration_ Party. Details,,
Administration_ Party. Name. Text,0,1
Administration_ Party. Country. Identifier,0,1
Administrative_ Country Sub-Division. Details,,
Administrative_ Country Sub-Division. Identification. Identifier,1,1
Administrative_ Country Sub-Division. Description. Text,0,1
Advance_ Payment. Details,,
Advance_ Payment. Paid. Amount,1,1
Advance_ Payment. Received. Date Time,0,1
Advance_ Payment. Formatted_ Received. Date Time,0,1
Advance_ Payment. Identification. Identifier,0,1
Advance_ Payment. Included. Trade_ Tax,0,unbounded
Advance_ Payment. Invoice_ Specified. Referenced_ Document,0,unbounded
Advance_ Payment. Identified. Trade_ Payment Terms,0,1
Aggregated Catch Report_ Document. Details,,
Aggregated Catch Report_ Document. Effective. Delimited_ Period,1,1
Aggregated Catch Report_ Document. Owner. FLUX_ Party,0,1
Agricultural Extreme_ Weather Condition. Details,,
Agricultural Extreme_ Weather Condition. Characteristic_ Value. Code,0,unbounded
Agricultural Extreme_ Weather Condition. Characteristic_ Value. Text,0,unbounded
Agricultural Input_ Chemical. Details,,
Agricultural Input_ Chemical. Identification. Identifier,0,1
Agricultural Input_ Chemical. Name. Text,0,1
Agricultural Input_ Chemical. Weight. Measure,0,1
Agricultural Input_ Chemical. Type. Code,0,1
Agricultural Input_ Chemical. Description. Text,0,1
Agricultural Input_ Chemical. Presence. Percent,0,1
Agricultural Input_ Material. Details,,
Agricultural Input_ Material. Name. Text,0,1
Agricultural Input_ Material. Type. Code,0,unbounded
Agricultural Input_ Material. Composition Description. Text,0,1
Agricultural Input_ Material. Mass. Measure,0,1
Agricultural Input_ Material. Mass Ratio. Measure,0,1
Agricultural Input_ Material. Volume. Measure,0,1
Agricultural Input_ Material. Volume Ratio. Measure,0,1
Agricultural Input_ Material. Classification. Identifier,0,unbounded
Agricultural Input_ Material. Identification. Identifier,0,unbounded
Agricultural Input_ Material. Information. Text,0,unbounded
Agricultural Input_ Material. Index. Numeric,0,1
Agricultural Input_ Material. Active Ingredient. Indicator,0,1
Agricultural Input_ Material. Description. Text,0,1
Agricultural Input_ Material. Applicable. Agricultural_ Characteristic,0,unbounded
Agricultural Input_ Product. Details,,
Agricultural Input_ Product. Identification. Identifier,0,1
Agricultural Input_ Product. Name. Text,0,1
Agricultural Input_ Product. Description. Text,0,1
Agricultural Input_ Product. Type. Code,0,1
Agricultural Input_ Product. Use. Text,0,1
Agricultural Input_ Product. Species. Code,0,1
Agricultural Input_ Product. Description. Code,0,1
Agricultural Input_ Product. Production Mode. Code,0,1
Agricultural Input_ Product. Applicable. Agricultural_ Characteristic,0,unbounded
Agricultural Input_ Product. Composition. Agricultural Input_ Material,0,unbounded
Agricultural Input_ Product. Specified. Agricultural_ Certificate,0,unbounded
Agricultural Input_ Product. Specified. Agricultural Input_ Chemical,0,unbounded
Agricultural Process_ Condition. Details,,
Agricultural Process_ Condition. Type. Code,0,1
Agricultural Process_ Condition. Subordinate_ Type. Code,0,1
Agricultural Process_ Condition. Value. Measure,0,1
Agricultural Process_ Crop Input. Details,,
Agricultural Process_ Crop Input. Identification. Identifier,1,1
Agricultural Process_ Crop Input. Type. Code,0,1
Agricultural Process_ Crop Input. Description. Text,0,1
Agricultural Process_ Crop Input. Subordinate_ Type. Code,0,1
Agricultural Process_ Crop Input. Weight. Measure,0,1
Agricultural Process_ Crop Input. Volume. Measure,0,1
Agricultural Process_ Crop Input. Expected_ Volume. Measure,0,1
Agricultural Process_ Crop Input. Applied Surface Unit_ Volume. Measure,0,1
Agricultural Process_ Crop Input. Specified. Crop Input_ Batch,0,unbounded
Agricultural Process_ Crop Input. Component. Crop Input_ Chemical,0,unbounded
Agricultural Process_ Crop Input. Applicable. Technical_ Characteristic,0,unbounded
Agricultural Process_ Crop Input. Supplier. Crop Data Sheet_ Party,0,1
Agricultural Process_ Crop Stage. Details,,
Agricultural Process_ Crop Stage. Type. Code,0,1
Agricultural Process_ Crop Stage. Subordinate_ Type. Code,0,1
Agricultural Process_ Crop Stage. Description. Text,0,1
Agricultural Process_ Reason. Details,,
Agricultural Process_ Reason. Type. Code,0,1
Agricultural Process_ Reason. Subordinate_ Type. Code,0,1
Agricultural Process_ Reason. Detail_ Type. Code,0,1
Agricultural Process_ Reason. Identification. Text,0,1
Agricultural Process_ Target Object. Details,,
Agricultural Process_ Target Object. Type. Code,0,1
Agricultural Process_ Target Object. Subordinate_ Type. Code,0,1
Agricultural Process_ Target Object. Identification. Text,0,1
Agricultural Process_ Work Item. Details,,
Agricultural Process_ Work Item. Type. Code,0,1
Agricultural Process_ Work Item. Description. Text,0,1
Agricultural Producer_ Party. Details,,
Agricultural Producer_ Party. Identification. Identifier,0,1
Agricultural Producer_ Party. Name. Text,0,1
Agricultural Producer_ Party. Description. Text,0,1
Agricultural Producer_ Party. Classification. Code,0,unbounded
Agricultural Producer_ Party. Managed. Agricultural_ Production Unit,0,unbounded
Agricultural Producer_ Party. Parent. Agricultural Producer_ Party,0,unbounded
Agricultural Producer_ Party. Designated. Specified_ Party,0,unbounded
Agricultural Sample_ Autopsy. Details,,
Agricultural Sample_ Autopsy. Type. Text,1,1
Agricultural Sample_ Autopsy. Procedure. Text,0,1
Agricultural Sample_ Tissue. Details,,
Agricultural Sample_ Tissue. Anatomical Name. Text,1,1
Agricultural Sample_ Tissue. Anatomical Location. Text,1,1
Agricultural Zone_ Area. Details,,
Agricultural Zone_ Area. Identification. Identifier,1,1
Agricultural Zone_ Area. Name. Text,0,1
Agricultural Zone_ Area. Third Party Issued_ Identification. Identifier,0,unbounded
Agricultural Zone_ Area. Designated Section. Text,0,1
Agricultural Zone_ Area. Multi-Surface_ Type. Code,0,1
Agricultural Zone_ Area. Applicable. Agricultural_ Characteristic,0,unbounded
Agricultural Zone_ Area. Specified. Referenced_ Location,0,1
Agricultural Zone_ Area. Subordinate. Agricultural Zone_ Area,0,unbounded
Agricultural Zone_ Area. Harvested. Crop_ Produce,0,unbounded
Agricultural Zone_ Area. Applied. Specified_ Agricultural Application,0,unbounded
Agricultural Zone_ Area. Specified. Crop_ Plot,0,unbounded
Agricultural_ Analysis. Details,,
Agricultural_ Analysis. Sampling. Date Time,0,1
Agricultural_ Analysis. Result. Analysis_ Referenced_ Document,0,1
Agricultural_ Analysis. Execution. Crop Data Sheet_ Party,0,1
Agricultural_ Area. Details,,
Agricultural_ Area. Type. Code,1,1
Agricultural_ Area. Actual. Measure,1,1
Agricultural_ Area. Boundary. Specified_ Geographical Coordinate,0,unbounded
Agricultural_ Area. Applicable. Technical_ Characteristic,0,unbounded
Agricultural_ Certificate. Details,,
Agricultural_ Certificate. Identification. Identifier,0,1
Agricultural_ Certificate. Issue. Date Time,0,1
Agricultural_ Certificate. Expiry. Date Time,0,1
Agricultural_ Certificate. Issue Reason. Code,0,1
Agricultural_ Certificate. Type. Code,0,1
Agricultural_ Certificate. Requested Effective. Date Time,0,1
Agricultural_ Certificate. Actual Effective. Date Time,0,1
Agricultural_ Certificate. Description. Text,0,1
Agricultural_ Certificate. Applicable_ Object. Code,0,unbounded
Agricultural_ Certificate. Issuing_ Party. Identifier,0,1
Agricultural_ Certificate. Purpose. Code,0,unbounded
Agricultural_ Certificate. Applicable. Sustainability_ Characteristic,0,unbounded
Agricultural_ Certificate. Applicable. Sustainability_ Assertion,0,unbounded
Agricultural_ Certificate. Applicable. Referenced_ Standard,0,unbounded
Agricultural_ Certificate. Attached. Specified_ Binary File,0,unbounded
Agricultural_ Characteristic. Details,,
Agricultural_ Characteristic. Identification. Identifier,0,1
Agricultural_ Characteristic. Type. Code,0,1
Agricultural_ Characteristic. Description. Text,0,1
Agricultural_ Characteristic. Value. Measure,0,1
Agricultural_ Characteristic. Value. Text,0,1
Agricultural_ Characteristic. Value. Code,0,1
Agricultural_ Characteristic. Value. Date Time,0,1
Agricultural_ Characteristic. Value. Indicator,0,1
Agricultural_ Characteristic. Value. Numeric,0,1
Agricultural_ Characteristic. Value. Amount,0,1
Agricultural_ Characteristic. Value. Specified_ Method,0,unbounded
Agricultural_ Characteristic. Value. Specified_ Parameter,0,unbounded
Agricultural_ Characteristic. Value. Specified_ Range,0,unbounded
Agricultural_ Characteristic. Value. Specified_ Tolerance,0,unbounded
Agricultural_ Construction. Details,,
Agricultural_ Construction. Identification. Identifier,0,1
Agricultural_ Construction. Name. Text,0,1
Agricultural_ Construction. Description. Code,0,unbounded
Agricultural_ Construction. Type. Code,0,unbounded
Agricultural_ Construction. Subordinate_ Type. Code,0,unbounded
Agricultural_ Construction. Coverage_ Type. Code,0,1
Agricultural_ Construction. Certification. Code,0,unbounded
Agricultural_ Construction. Function. Code,0,unbounded
Agricultural_ Construction. Licence. Text,0,1
Agricultural_ Construction. Completion. Date Time,0,1
Agricultural_ Construction. Renovation. Date Time,0,unbounded
Agricultural_ Construction. Capacity. Measure,0,unbounded
Agricultural_ Construction. Input_ Capacity. Measure,0,1
Agricultural_ Construction. Output_ Capacity. Measure,0,1
Agricultural_ Construction. Buffer_ Capacity. Measure,0,1
Agricultural_ Construction. Specified. Referenced_ Location,0,1
Agricultural_ Construction. Specified. Crop_ Plot,0,unbounded
Agricultural_ Construction. Subordinate. Agricultural_ Construction,0,unbounded
Agricultural_ Contract. Details,,
Agricultural_ Contract. Identification. Identifier,0,1
Agricultural_ Contract. Third Party Issued_ Identification. Identifier,0,unbounded
Agricultural_ Contract. Signed. Date Time,0,unbounded
Agricultural_ Contract. Buyer. Specified_ Party,0,1
Agricultural_ Contract. Seller. Specified_ Party,0,1
Agricultural_ Contract. Additional_ Identified. Specified_ Party,0,unbounded
Agricultural_ Country Sub-Division. Details,,
Agricultural_ Country Sub-Division. Identification. Identifier,1,1
Agricultural_ Country Sub-Division. Type. Code,1,1
Agricultural_ Country Sub-Division. Description. Text,0,1
Agricultural_ Country Sub-Division. Applicable. Technical_ Characteristic,0,unbounded
Agricultural_ Country Sub-Division. Included. Agricultural_ Area,0,unbounded
Agricultural_ Country Sub-Division. Owner. Crop Data Sheet_ Party,0,1
Agricultural_ Crop Production Cycle. Details,,
Agricultural_ Crop Production Cycle. Sequence. Numeric,1,1
Agricultural_ Crop Production Cycle. Start. Date Time,1,1
Agricultural_ Crop Production Cycle. End. Date Time,0,1
Agricultural_ Crop Production Cycle. Production_ Year. Date Time,0,1
Agricultural_ Crop Production Cycle. Applicable. Plot_ Agricultural Process,0,unbounded
Agricultural_ Crop Production Cycle. Applicable. Technical_ Characteristic,0,unbounded
Agricultural_ Crop Production Cycle. Used. Agricultural_ Area,0,unbounded
Agricultural_ Crop. Details,,
Agricultural_ Crop. Botanical Species. Code,1,1
Agricultural_ Crop. Supplementary_ Botanical Species. Code,0,1
Agricultural_ Crop. Sowing Period. Code,0,1
Agricultural_ Crop. Purpose. Code,0,1
Agricultural_ Crop. Planting Reason. Code,0,1
Agricultural_ Crop. Description. Text,0,1
Agricultural_ Crop. Development Stage. Code,0,1
Agricultural_ Crop. Sown. Crop_ Species Variety,0,unbounded
Agricultural_ Man Machine System. Details,,
Agricultural_ Man Machine System. Specified. Crop Production_ Agricultural Process,0,unbounded
Agricultural_ Plot. Details,,
Agricultural_ Plot. Identification. Identifier,1,1
Agricultural_ Plot. Previous_ Identification. Identifier,0,1
Agricultural_ Plot. Description. Text,0,1
Agricultural_ Plot. Data Sheet Start. Date Time,1,1
Agricultural_ Plot. Data Sheet End. Date Time,0,1
Agricultural_ Plot. Sequence. Numeric,1,1
Agricultural_ Plot. Divided. Indicator,0,1
Agricultural_ Plot. Issuer Internal_ Identification. Identifier,0,1
Agricultural_ Plot. Recipient Internal_ Identification. Identifier,0,unbounded
Agricultural_ Plot. Harvest Year. Date Time,0,1
Agricultural_ Plot. CAP_ Identification. Identifier,0,1
Agricultural_ Plot. Included In. Agricultural_ Country Sub-Division,0,unbounded
Agricultural_ Plot. Applicable. Technical_ Characteristic,0,unbounded
Agricultural_ Plot. Applied. Plot_ Soil Occupation,0,unbounded
Agricultural_ Plot. Included. Agricultural_ Area,0,unbounded
Agricultural_ Plot. Soil. Agricultural_ Analysis,0,unbounded
Agricultural_ Plot. Owner. Agronomical Observation_ Party,0,unbounded
Agricultural_ Produce. Details,,
Agricultural_ Produce. Type. Code,0,1
Agricultural_ Produce. Subordinate_ Type. Code,0,1
Agricultural_ Produce. Name. Text,0,1
Agricultural_ Produce. Weight. Measure,0,1
Agricultural_ Produce. Use. Code,0,1
Agricultural_ Produce. Calculated_ Yield. Measure,0,1
Agricultural_ Produce. Estimated_ Yield. Measure,0,1
Agricultural_ Produce. Applicable. Technical_ Characteristic,0,unbounded
Agricultural_ Produce. Specified. Produce_ Batch,0,unbounded
Agricultural_ Production Unit. Details,,
Agricultural_ Production Unit. Identification. Identifier,0,1
Agricultural_ Production Unit. Type. Code,0,unbounded
Agricultural_ Production Unit. Name. Text,0,1
Agricultural_ Production Unit. Dedicated. Agricultural_ Construction,0,unbounded
Agricultural_ Production Unit. Specified. Crop_ Plot,0,unbounded
Agricultural_ Production Unit. Declared. Complaint_ Issue,0,unbounded
Agricultural_ Production Unit. Specified. Crop Produce_ Batch,0,unbounded
Agricultural_ Production Unit. Grown. Field_ Crop,0,unbounded
Agricultural_ Production Unit. Specified. Agricultural_ Certificate,0,unbounded
Agricultural_ Production Unit. Specified. Agricultural_ Contract,0,1
Agricultural_ Production Unit. Specified. Structured_ Address,0,1
Agricultural_ Production Unit. Related. Specified_ Party,0,unbounded
Agricultural_ Production Unit. Related. Agricultural Producer_ Party,0,unbounded
Agricultural_ Sample Type. Details,,
Agricultural_ Sample Type. Local_ Type. Code,0,1
Agricultural_ Sample Type. Standard_ Type. Code,0,1
Agricultural_ Sample Type. Material_ Type. Text,0,1
Agricultural_ Sample Type. Material_ Type. Code,0,1
Agricultural_ Sample Type. Specified. Agricultural Sample_ Tissue,0,1
Agricultural_ Sample Type. Specified. Agricultural Sample_ Autopsy,0,1
Agricultural_ Sample. Details,,
Agricultural_ Sample. Intake_ Identification. Identifier,0,1
Agricultural_ Sample. Serial_ Identification. Identifier,0,1
Agricultural_ Sample. LIMS_ Registration. Date Time,0,1
Agricultural_ Sample. Sampling. Date Time,0,1
Agricultural_ Sample. Sealed. Indicator,0,1
Agricultural_ Sample. Sealed. Date Time,0,1
Agricultural_ Sample. Packaging Type. Text,0,1
Agricultural_ Sample. Sender Assigned_ Identification. Identifier,0,1
Agricultural_ Sample. Receipt. Date Time,0,1
Agricultural_ Sample. Type Name. Text,0,1
Agricultural_ Sample. Information. Text,0,1
Agricultural_ Sample. Size. Measure,0,unbounded
Agricultural_ Sample. Storage_ Temperature. Measure,0,1
Agricultural_ Sample. Microbiology_ Start. Date Time,0,1
Agricultural_ Sample. Preservation_ End. Date Time,0,1
Agricultural_ Sample. Interpretation Result. Text,0,1
Agricultural_ Sample. Processing Status. Code,0,1
Agricultural_ Sample. Sampler Assigned_ Identification. Identifier,0,1
Agricultural_ Sample. Sampling. Referenced_ Location,0,unbounded
Agricultural_ Sample. Sampling. Laboratory Observation_ Party,0,1
Agricultural_ Sample. Specified. Sample_ Observation Result,0,unbounded
Agricultural_ Sample. Specified. Laboratory Observation_ Contract,0,1
Agricultural_ Sample. Specified. Agricultural_ Sampled Object,0,1
Agricultural_ Sample. Specified. Agricultural_ Sample Type,0,1
Agricultural_ Sample. Specified. Laboratory Observation_ Reference,0,unbounded
Agricultural_ Sample. Specified. Laboratory Observation_ Instructions,0,unbounded
Agricultural_ Sample. Specified. Sample_ Observation Request,0,unbounded
Agricultural_ Sample. Interpretation Result. Observation Objective_ Parameter,0,unbounded
Agricultural_ Sample. Attached. Photographic_ Picture,0,unbounded
Agricultural_ Sample. Attached. Specified_ Binary File,0,unbounded
Agricultural_ Sample. Specified. Referenced_ Logistics_ Package,0,unbounded
Agricultural_ Sample. Sender. Laboratory Observation_ Party,0,1
Agricultural_ Sampled Object. Details,,
Agricultural_ Sampled Object. Identification. Identifier,1,1
Agricultural_ Sampled Object. Name. Text,0,1
Agricultural_ Sampled Object. Standard_ Type. Code,0,1
Agricultural_ Sampled Object. Local_ Type. Code,0,1
Agricultural_ Sampled Object. Type Name. Text,0,1
Agricultural_ Sampled Object. Production. Date Time,0,1
Agricultural_ Sampled Object. Sampling Procedure Type. Code,0,1
Agricultural_ Sampled Object. Sampling Procedure. Identifier,0,1
Agricultural_ Sampled Object. Country Of Origin_ Identification. Identifier,0,1
Agricultural_ Sampled Object. Country Of Origin Sub Division_ Name. Text,0,1
Agricultural_ Sampled Object. Size. Measure,0,1
Agricultural_ Sampled Object. Batch. Quantity,0,1
Agricultural_ Sampled Object. Batch_ Population Size. Measure,0,1
Agricultural_ Sampled Object. Treatment. Text,0,1
Agricultural_ Sampled Object. Batch Identification. Identifier,0,1
Agricultural_ Sampled Object. Conclusion_ Specified. Laboratory Observation_ Note,0,1
Agricultural_ Sampled Object. Additional Information_ Specified. Laboratory Observation_ Note,0,1
Agricultural_ Sampled Object. Authorized. Laboratory Observation_ Party,0,unbounded
Agricultural_ Sampled Object. Producer. Laboratory Observation_ Party,0,1
Agricultural_ Sampled Object. Carrier. Laboratory Observation_ Party,0,1
Agricultural_ Sampled Object. Customer. Laboratory Observation_ Party,0,1
Agricultural_ Sampled Object. Packer. Laboratory Observation_ Party,0,1
Agricultural_ Sampled Object. Supplier. Laboratory Observation_ Party,0,1
Agricultural_ Sampled Object. Owner. Laboratory Observation_ Party,0,1
Agricultural_ Sampled Object. Trader. Laboratory Observation_ Party,0,unbounded
Agricultural_ Sampled Object. Applied. Sampled Object_ Additive,0,unbounded
Agricultural_ Sampled Object. Specified. Sampled Object_ Crop,0,1
Agricultural_ Sampled Object. Specified. Sampled Object_ Contract,0,unbounded
Agricultural_ Sampled Object. Specified. Sampled Object_ Illness,0,1
Agricultural_ Sampled Object. Containing. Milk_ Tank,0,1
Agricultural_ Sampled Object. Specified. Sampled Object_ Cargo,0,1
Agricultural_ Sampled Object. Specified As. Sampled Object_ Soil,0,1
Agricultural_ Sampled Object. Specified As. Sampled Object_ Silage,0,unbounded
Agricultural_ Sampled Object. Specified As. Sampled Object_ Animal,0,1
Agricultural_ Sampled Object. Specified. Sampled Object_ Water Location,0,1
Agricultural_ Sampled Object. Specified. Laboratory Observation_ Instructions,0,unbounded
Agricultural_ Sampled Object. Specified. Laboratory Observation_ Reference,0,unbounded
Agricultural_ Sampled Object. Conclusion_ Related. Photographic_ Picture,0,unbounded
Agricultural_ Sampled Object. Conclusion_ Related. Specified_ Binary File,0,unbounded
Agricultural_ Sampled Object. Information_ Related. Photographic_ Picture,0,unbounded
Agricultural_ Sampled Object. Information_ Related. Specified_ Binary File,0,unbounded
Agricultural_ Sampled Object. Used. Referenced_ Transport Means,0,unbounded
Agronomical Observation_ Document. Details,,
Agronomical Observation_ Document. Identification. Identifier,1,1
Agronomical Observation_ Document. Creation. Date Time,0,1
Agronomical Observation_ Document. Status. Code,0,1
Agronomical Observation_ Document. Issuer. Agronomical Observation_ Party,1,1
Agronomical Observation_ Document. Recipient. Agronomical Observation_ Party,1,unbounded
Agronomical Observation_ Document. Submitter. Agronomical Observation_ Party,0,1
Agronomical Observation_ Party. Details,,
Agronomical Observation_ Party. Identification. Identifier,1,1
Agronomical Observation_ Party. Name. Text,0,1
Agronomical Observation_ Party. Description. Text,0,1
Agronomical Observation_ Party. Defined. Party_ Contact,0,1
Agronomical Observation_ Party. Postal. Unstructured_ Address,0,1
Agronomical Observation_ Party. Used. Production_ Software,0,1
Agronomical Observation_ Plot. Details,,
Agronomical Observation_ Plot. Identification. Identifier,1,1
Agronomical Observation_ Plot. Previous_ Identification. Identifier,0,unbounded
Agronomical Observation_ Plot. Description. Text,0,1
Agronomical Observation_ Plot. Data Sheet Start. Date Time,0,1
Agronomical Observation_ Plot. Data Sheet End. Date Time,0,1
Agronomical Observation_ Plot. Issuer Assigned_ Identification. Identifier,0,1
Agronomical Observation_ Plot. Recipient Assigned_ Identification. Identifier,0,unbounded
Agronomical Observation_ Plot. Harvest Year. Date Time,0,1
Agronomical Observation_ Plot. European CAP_ Identification. Identifier,0,1
Agronomical Observation_ Plot. Applicable. Technical_ Characteristic,0,unbounded
Agronomical Observation_ Plot. Owner. Agronomical Observation_ Party,0,unbounded
Agronomical Observation_ Scope. Details,,
Agronomical Observation_ Scope. Type. Code,0,1
Agronomical Observation_ Scope. Subtype. Code,0,1
Agronomical Observation_ Target Object. Details,,
Agronomical Observation_ Target Object. Type. Code,0,1
Agronomical Observation_ Target Object. Subtype. Code,0,1
Agronomical Observation_ Target Object. Development Stage. Code,0,1
Agronomical Observation_ Target Object. Description. Text,0,1
Agronomical Observation_ Target Object. Observation Basis. Agronomical Observation_ Scope,0,unbounded
Agronomical Observation_ Target Object. Used. Observation_ Process,0,1
Allowance Charge_ Currency Exchange. Details,,
Allowance Charge_ Currency Exchange. Source Currency. Code,1,1
Allowance Charge_ Currency Exchange. Source Unit Basis. Numeric,0,1
Allowance Charge_ Currency Exchange. Target Currency. Code,1,1
Allowance Charge_ Currency Exchange. Target Unit Base. Numeric,0,1
Allowance Charge_ Currency Exchange. Market. Identifier,0,1
Allowance Charge_ Currency Exchange. Conversion. Rate,1,1
Allowance Charge_ Currency Exchange. Conversion Rate. Date Time,0,1
Allowance Charge_ Currency Exchange. Applicable. Trade_ Contract,0,1
Alternative Payment_ Currency Exchange. Details,,
Alternative Payment_ Currency Exchange. Source Currency. Code,1,1
Alternative Payment_ Currency Exchange. Source Unit Basis. Numeric,0,1
Alternative Payment_ Currency Exchange. Target Currency. Code,1,1
Alternative Payment_ Currency Exchange. Target Unit Base. Numeric,0,1
Alternative Payment_ Currency Exchange. Market. Identifier,0,1
Alternative Payment_ Currency Exchange. Conversion. Rate,1,1
Alternative Payment_ Currency Exchange. Conversion Rate. Date Time,0,1
Alternative Payment_ Currency Exchange. Applicable. Trade_ Contract,0,1
Analysis_ Referenced_ Document. Details,,
Analysis_ Referenced_ Document. Issuer Assigned_ Identification. Identifier,1,1
Analysis_ Referenced_ Document. Issue. Date Time,1,1
Animal Holding_ Event. Details,,
Animal Holding_ Event. Location. Identifier,0,1
Animal Holding_ Event. Type. Code,1,1
Animal Holding_ Event. Occurrence. Date Time,1,1
Animal Holding_ Event. Arrival_ Specified. Animal Movement_ Event,0,1
Animal Holding_ Event. Departure_ Specified. Animal Movement_ Event,0,1
Animal Holding_ Event. Related. TT_ Location,0,unbounded
Animal Holding_ Event. Related. Technical_ Characteristic,0,unbounded
Animal Movement_ Event. Details,,
Animal Movement_ Event. Occurrence. Date Time,0,1
Animal Movement_ Event. National_ Applicable. Specified_ Classification,0,1
Animal Movement_ Event. Unified_ Applicable. Specified_ Classification,0,1
Animal Passport_ Document. Details,,
Animal Passport_ Document. Issue. Date Time,1,1
Animal Passport_ Document. Identification. Identifier,1,1
Animal Passport_ Document. Version_ Identification. Identifier,1,1
Animal Passport_ Document. National Authority_ Issuer. Specified_ Party,1,1
Animal Passport_ Document. Office_ Issuer. Specified_ Party,1,1
Animal_ Batch. Details,,
Animal_ Batch. Identification. Identifier,1,1
Animal_ Batch. Creation. Date Time,1,1
Animal_ Batch. Break Up. Date Time,0,1
Animal_ Batch. Sale. Date Time,0,1
Animal_ Batch. Sales Note. Identifier,0,1
Animal_ Batch. FLUX_ Identification. Identifier,0,unbounded
Animal_ Batch. Minimum_ Size. Measure,0,1
Animal_ Batch. Maximum_ Size. Measure,0,1
Animal_ Batch. Unit. Quantity,0,1
Animal_ Batch. Weight. Measure,0,1
Animal_ Batch. Specified. Delimited_ Period,0,1
Animal_ Batch. Specified. Species Additional_ TT_ Product,0,unbounded
Animal_ Batch. Aggregated_ Specified. TT_ Batch History Record,0,unbounded
Animal_ Batch. Specified. TT_ Batch History Record,0,unbounded
Animal_ Batch. Specified. Fish Catch_ Characteristic,0,unbounded
Animal_ Batch. Specified. Batch_ Catch,0,unbounded
Animal_ Batch. Specified. Species Additional_ TT_ Production,0,unbounded
Animal_ Certificate. Details,,
Animal_ Certificate. Identification. Identifier,1,1
Animal_ Certificate. Type. Code,1,1
Animal_ Certificate. Applicable. Sustainability_ Characteristic,0,unbounded
Animal_ Certificate. Applicable. Sustainability_ Assertion,0,unbounded
Animal_ Certificate. Applicable. Animal_ Certification,0,unbounded
Animal_ Certificate. Applicable. Referenced_ Standard,0,unbounded
Animal_ Certification. Details,,
Animal_ Certification. Assertion. Code,0,1
Animal_ Certification. Assertion. Text,0,unbounded
Animal_ Certification. Standard. Text,0,unbounded
Animal_ Certification. Responsible Agency. Text,0,unbounded
Animal_ Certification. Specified. Sustainability_ Assertion,0,unbounded
Animal_ Certification. Related. Referenced_ Location,0,unbounded
Animal_ Examination Result. Details,,
Animal_ Examination Result. Approval. Date Time,1,1
Animal_ Examination Result. Statement. Text,1,unbounded
Animal_ Grant. Details,,
Animal_ Grant. Allocation. Date Time,1,1
Animal_ Grant. Application_ Type. Text,1,1
Animal_ Grant. Awarding. Specified_ Party,1,1
Animal_ Grant. Receiver. Specified_ Party,1,1
Animal_ Identity. Details,,
Animal_ Identity. Identification. Identifier,1,1
Animal_ Identity. Legal Basis. Text,1,1
Animal_ Identity. Issuer Party Name. Text,1,1
Animal_ Identity. Version. Identifier,0,1
Animal_ Identity. Identifier Length. Numeric,1,1
Animal_ Identity. Specified. Animal_ Label,0,unbounded
Animal_ Inspection. Details,,
Animal_ Inspection. Execution. Specified_ Party,0,1
Animal_ Inspection. Execution. Inspection_ Person,0,1
Animal_ Inspection. Specified. Inspection_ Event,0,1
Animal_ Inspection. Specified. Animal_ Examination Result,0,1
Animal_ Label. Details,,
Animal_ Label. Attachment. Date Time,1,1
Animal_ Label. Type. Text,1,1
Animal_ Trade Delivery. Details,,
Animal_ Trade Delivery. Identification. Identifier,0,1
Animal_ Trade Delivery. Responsible. TT_ Party,0,1
Animal_ Trade Delivery. Included. TT_ Animal,0,unbounded
Animal_ Trade Delivery. Related. TT_ Consignment,0,unbounded
Animal_ Trade Delivery. Delivery. TT_ Event,0,unbounded
Animal_ Trade Delivery. Despatch. TT_ Event,0,unbounded
Announced_ Package. Details,,
Announced_ Package. Item. Quantity,0,1
Announced_ Package. Type. Code,0,unbounded
Announced_ Package. Description. Text,0,1
Application_ Examination Result. Details,,
Application_ Examination Result. Business Administration Capability_ Evaluation Point. Numeric,0,1
Application_ Examination Result. Technical Capability_ Evaluation Point. Numeric,0,1
Application_ Examination Result. Total Capability_ Evaluation Point. Numeric,0,1
Application_ Examination Result. Disqualification_ Reason. Text,0,1
Application_ Examination Result. Status. Code,0,1
Application_ Examination Result. Business Type. Code,0,1
Application_ Examination Result. Approval. Indicator,0,1
Application_ Examination Result. Condition. Text,0,1
Application_ Organization. Details,,
Application_ Organization. Business Type. Code,0,1
Application_ Organization. Name. Text,1,1
Application_ Organization. International_ Name. Text,0,1
Application_ Organization. Identification. Identifier,0,1
Application_ Organization. Contact Required. Indicator,0,1
Application_ Organization. Authorized. Business Licence_ Registration,0,1
Application_ Organization. Designated. Tendering_ Contact,0,unbounded
Application_ Organization. Subordinate. Local_ Organization,0,unbounded
Application_ Organization. Postal. Tendering_ Address,0,1
Applied_ Allowance Charge. Details,,
Applied_ Allowance Charge. Actual. Amount,0,1
Applied_ Allowance Charge. Description. Text,0,1
Applied_ Allowance Charge. Reason. Code,0,1
Applied_ Allowance Charge. Calculation. Percent,0,1
Applied_ Allowance Charge. Basis. Amount,0,1
Applied_ Allowance Charge. Charge. Indicator,1,1
Applied_ Allowance Charge. Category. Applied_ Tax,0,1
Applied_ Chemical Treatment. Details,,
Applied_ Chemical Treatment. Name. Text,0,unbounded
Applied_ Chemical Treatment. Method Name. Text,0,1
Applied_ Chemical Treatment. Occurrence. Date Time,0,1
Applied_ Chemical Treatment. Chemical Concentration. Measure,0,unbounded
Applied_ Chemical Treatment. Used. Distinct_ Chemical,0,unbounded
Applied_ Chemical Treatment. Applied. Specified_ Period,0,unbounded
Applied_ Chemical Treatment. Applicable. Specified_ Temperature,0,1
Applied_ Chemical Treatment. Result. Document_ Authentication,0,1
Applied_ Chemical Treatment. Result. Note,0,1
Applied_ Tax. Details,,
Applied_ Tax. Calculated. Amount,0,1
Applied_ Tax. Type. Code,0,1
Applied_ Tax. Calculated. Rate,0,1
Applied_ Tax. Basis. Amount,0,1
Applied_ Tax. Tax Point. Date,0,1
Appropriating_ Party. Details,,
Appropriating_ Party. Identification. Identifier,0,1
Appropriating_ Party. Name. Text,0,1
Appropriating_ Party. Description. Text,0,1
Appropriating_ Party. Access Rights. Code,0,1
Appropriating_ Party. Language. Code,0,unbounded
Appropriating_ Party. Specified. Project_ Organization,0,1
Appropriating_ Party. Specified. Project_ Person,0,1
Appropriating_ Party. Specified. Unstructured_ Address,0,1
Approving_ Party. Details,,
Approving_ Party. Identification. Identifier,0,unbounded
Approving_ Party. Type. Code,0,1
Approving_ Party. Name. Text,0,1
Approving_ Party. Description. Text,0,1
Approving_ Party. Access Rights. Code,0,1
Approving_ Party. Language. Code,0,unbounded
Approving_ Party. Specified. Project_ Organization,0,1
Approving_ Party. Specified. Project_ Person,0,1
Asset Expense_ Accounting Account. Details,,
Asset Expense_ Accounting Account. Identification. Identifier,1,1
Asset Expense_ Accounting Account. Set Trigger. Code,0,1
Asset Expense_ Accounting Account. Type. Code,0,1
Asset Expense_ Accounting Account. Amount Type. Code,0,1
Associated_ Transport Equipment. Details,,
Associated_ Transport Equipment. Identification. Identifier,0,unbounded
Associated_ Transport Equipment. Category. Code,0,unbounded
Associated_ Transport Equipment. Characteristic. Code,0,1
Associated_ Transport Equipment. Characteristic. Text,0,1
Associated_ Transport Equipment. Gross Weight. Measure,0,1
Associated_ Transport Equipment. Tare Weight. Measure,0,1
Associated_ Transport Equipment. Gross Volume. Measure,0,1
Associated_ Transport Equipment. Loaded Package. Quantity,0,1
Associated_ Transport Equipment. Unit. Quantity,0,1
Associated_ Transport Equipment. Used Capacity. Code,0,1
Associated_ Transport Equipment. Sealed. Indicator,0,1
Associated_ Transport Equipment. Seal. Quantity,0,unbounded
Associated_ Transport Equipment. Cargo Residue Status. Code,0,unbounded
Associated_ Transport Equipment. Sequence. Numeric,0,1
Associated_ Transport Equipment. Verified_ Gross Weight. Measure,0,unbounded
Associated_ Transport Equipment. Net Weight. Measure,0,unbounded
Associated_ Transport Equipment. Gross_ Goods Weight. Measure,0,unbounded
Associated_ Transport Equipment. Net_ Goods Weight. Measure,0,unbounded
Associated_ Transport Equipment. Gross_ Goods Volume. Measure,0,unbounded
Associated_ Transport Equipment. Net_ Goods Volume. Measure,0,unbounded
Associated_ Transport Equipment. Goods Item_ Unit. Quantity,0,unbounded
Associated_ Transport Equipment. Reportable. Quantity,0,unbounded
Associated_ Transport Equipment. Stowage Position. Identifier,0,1
Associated_ Transport Equipment. Contained. Supply Chain_ Consignment,0,unbounded
Associated_ Transport Equipment. Loaded. Transport_ Dangerous Goods,0,unbounded
Associated_ Transport Equipment. Affixed. Logistics_ Seal,0,unbounded
Associated_ Transport Equipment. Setting. Transport Setting_ Temperature,0,unbounded
Associated_ Transport Equipment. Registration. Trade_ Country,0,unbounded
Attached_ Transport Equipment. Details,,
Attached_ Transport Equipment. Identification. Identifier,0,unbounded
Attached_ Transport Equipment. Category. Code,0,unbounded
Attached_ Transport Equipment. Characteristic. Code,0,1
Attached_ Transport Equipment. Characteristic. Text,0,1
Attached_ Transport Equipment. Unit. Quantity,0,1
Authoritative Signatory_ Person. Details,,
Authoritative Signatory_ Person. Name. Text,0,1
Authoritative Signatory_ Person. Attained. Academic_ Qualification,0,unbounded
Authority_ Tax. Details,,
Authority_ Tax. Creditor_ Identification. Text,0,1
Authority_ Tax. Creditor Tax Type_ Identification. Text,0,1
Authority_ Tax. Debtor_ Identification. Text,0,1
Authority_ Tax. Reference_ Identification. Text,0,1
Authority_ Tax. Total Taxable_ Basis. Amount,0,1
Authority_ Tax. Total Tax_ Calculated. Amount,0,1
Authority_ Tax. Due. Date Time,0,1
Authority_ Tax. Certificate_ Identification. Text,0,1
Authority_ Tax. Category_ Description. Text,0,1
Authority_ Tax. Calculated. Rate,0,1
Authority_ Tax. Taxable_ Basis. Amount,0,1
Authorization_ Status. Details,,
Authorization_ Status. Condition. Code,1,1
Authorization_ Status. Changed. Date Time,0,1
Authorization_ Status. Description. Text,0,unbounded
Autoignition Range_ Measurement. Details,,
Autoignition Range_ Measurement. Lower Limit_ Comparison Operator. Code,0,1
Autoignition Range_ Measurement. Upper Limit_ Comparison Operator. Code,0,1
Autoignition Range_ Measurement. Lower Limit_ Actual. Measure,0,1
Autoignition Range_ Measurement. Upper Limit_ Actual. Measure,0,1
Autoignition Range_ Measurement. Lower Limit_ Condition. Measure,0,unbounded
Autoignition Range_ Measurement. Upper Limit_ Condition. Measure,0,unbounded
Available_ Period. Details,,
Available_ Period. Start. Date Time,0,1
Available_ Period. End. Date Time,0,1
Available_ Period. Description. Text,0,1
Awarded_ Contract Change. Details,,
Awarded_ Contract Change. Identification. Identifier,1,1
Awarded_ Contract Change. Name. Text,0,1
Awarded_ Contract Change. Description. Text,0,1
Awarded_ Contract Change. Estimated Cost Difference. Amount,0,1
Awarded_ Contract Change. Actual Cost Difference. Amount,0,1
Awarded_ Contract Change. Negotiated_ Status. Code,0,1
Awarded_ Contract Change. Effective. Date,0,1
Awarded_ Contract Change. Completed Negotiations_ Effective. Date,0,1
Awarded_ Contract Change. Identified. Requesting_ Party,0,1
Awarded_ Contract Change. Identified. Approving_ Party,0,1
Base_ Period. Details,,
Base_ Period. Inclusive. Indicator,0,1
Base_ Period. Start. Date Time,0,1
Base_ Period. End. Date Time,0,1
Base_ Period. Description. Text,0,1
Basic_ Geographical Coordinate. Details,,
Basic_ Geographical Coordinate. Altitude. Measure,0,1
Basic_ Geographical Coordinate. Latitude. Measure,0,1
Basic_ Geographical Coordinate. Longitude. Measure,0,1
Basic_ Note. Details,,
Basic_ Note. Content. Text,1,unbounded
Basic_ Price. Details,,
Basic_ Price. Type. Code,0,1
Basic_ Price. Type. Text,0,1
Basic_ Price. Seasonal_ Rank. Code,0,1
Basic_ Price. Bracket_ Type. Code,0,1
Basic_ Price. Basis. Quantity,0,1
Basic_ Price. Net Price. Indicator,0,1
Basic_ Price. Charge. Amount,0,1
Basic_ Price. Service_ Charge Applicable. Indicator,0,1
Basic_ Price. Tax_ Charge Applicable. Indicator,0,1
Basic_ Price. Cancellation_ Charge Applicable. Indicator,0,1
Basic_ Price. Commission Paid. Indicator,0,1
Basic_ Price. Validity. Travel Product_ Period,0,unbounded
Basic_ Price. Validity. Seasonal_ Period,0,unbounded
Basic_ Price. Additional Information. Travel Product_ Note,0,unbounded
Basic_ Price. Applicable. Customer Class,0,unbounded
Basic_ Price. Applicable. Lodging House_ Customer Class,0,unbounded
Basic_ Work Item. Details,,
Basic_ Work Item. Identification. Identifier,1,1
Basic_ Work Item. Reference_ Identification. Identifier,0,1
Basic_ Work Item. Primary_ Classification. Code,0,unbounded
Basic_ Work Item. Alternative_ Classification. Code,0,unbounded
Basic_ Work Item. Type. Code,0,unbounded
Basic_ Work Item. Comment. Text,0,unbounded
Basic_ Work Item. Total. Quantity,0,1
Basic_ Work Item. Total Quantity Classification. Code,0,1
Basic_ Work Item. Index. Value,0,1
Basic_ Work Item. Status. Code,0,unbounded
Basic_ Work Item. Reference File. Binary Object,0,unbounded
Basic_ Work Item. Index. Text,0,1
Basic_ Work Item. Requested Action. Code,0,unbounded
Basic_ Work Item. Price List Item_ Identification. Identifier,0,1
Basic_ Work Item. Contractual Language. Code,0,1
Basic_ Work Item. Actual. Work Item_ Complex Description,0,unbounded
Basic_ Work Item. Total Quantity. Work Item_ Quantity Analysis,0,unbounded
Basic_ Work Item. Unit. Calculated_ Price,0,unbounded
Basic_ Work Item. Total. Calculated_ Price,0,unbounded
Basic_ Work Item. Subordinate. Basic_ Work Item,0,unbounded
Basic_ Work Item. Changed. Recorded_ Status,0,unbounded
Basic_ Work Item. Referenced. Identified_ Binary File,0,unbounded
Basic_ Work Item. Item. Basic_ Work Item,0,unbounded
Basic_ Work Item. Referenced. Specified_ Binary File,0,unbounded
Batch_ Catch. Details,,
Batch_ Catch. Identification. Identifier,0,1
Batch_ Catch. Species. Code,1,1
Batch_ Catch. Unit. Quantity,0,1
Batch_ Catch. Weight. Measure,0,1
Batch_ Catch. Specified. TT_ Transport Means,0,1
Batch_ Catch. Specified. Delimited_ Period,0,1
Batch_ Catch. Specified. TT_ Location,0,unbounded
Batch_ Catch. Used. Fishing_ Gear,0,1
Bathing_ Facility. Details,,
Bathing_ Facility. Identification. Identifier,1,1
Bathing_ Facility. Description. Text,0,1
Bathing_ Facility. Architectural_ Style. Text,0,1
Bathing_ Facility. Name. Text,0,1
Bathing_ Facility. Construction. Date,0,1
Bathing_ Facility. Latest_ Renovation. Date,0,1
Bathing_ Facility. Marketing Phrase. Text,0,1
Bathing_ Facility. Physical. Lodging House_ Location,0,1
Bathing_ Facility. Specified. Lodging House_ Usage Condition,0,unbounded
Bathing_ Facility. Operating. Specified_ Period,0,unbounded
Bathing_ Facility. Situated At. Hot Springs_ Source,0,unbounded
Bathing_ Facility. Actual. Lodging House_ Picture,0,unbounded
Bathing_ Facility. Distinctive. Lodging House_ Feature,0,unbounded
Bathing_ Facility. Offered. Supplemental_ Service,0,unbounded
Bearer_ Service Charge. Details,,
Bearer_ Service Charge. Category. Code,0,1
Bid Bond_ Guarantee. Details,,
Bid Bond_ Guarantee. Description. Text,1,1
Bid Bond_ Guarantee. Liability. Amount,1,1
Bid Bond_ Guarantee. Amount. Rate,1,1
Bid Bond_ Guarantee. Credit Charge. Guarantee Creditor_ Organization,1,1
Bid Bond_ Guarantee. Effective. Tendering_ Period,1,1
Bid Bond_ Guarantee. Subscriber. Guarantee Requesting_ Organization,1,1
Bid_ Price. Details,,
Bid_ Price. Charge. Amount,1,1
Billed_ Delivery. Details,,
Billed_ Delivery. Delivered. Date Time,0,1
Billed_ Delivery. Despatched. Date Time,0,1
Billed_ Delivery. Tax Point. Date,0,1
Billed_ Delivery. Despatched. Quantity,0,unbounded
Billed_ Delivery. Billed. Quantity,0,1
Billed_ Delivery. Gross_ Weight. Measure,0,1
Billed_ Delivery. Net_ Weight. Measure,0,1
Billed_ Delivery. Theoretical_ Weight. Measure,0,1
Billed_ Delivery. Product_ Unit. Quantity,0,1
Billed_ Delivery. Package_ Unit. Quantity,0,1
Billed_ Delivery. Shipping Marks. Text,0,1
Billing Line_ Monetary Summation. Details,,
Billing Line_ Monetary Summation. Line Total. Amount,0,1
Billing Line_ Monetary Summation. Charge Total. Amount,0,1
Billing Line_ Monetary Summation. Allowance Total. Amount,0,1
Billing Line_ Monetary Summation. Tax Basis Total. Amount,0,1
Billing Line_ Monetary Summation. Tax Total. Amount,0,1
Billing Line_ Monetary Summation. Rounding. Amount,0,1
Billing Line_ Monetary Summation. Grand Total. Amount,1,1
Billing_ Adjustment. Details,,
Billing_ Adjustment. Reason. Code,0,1
Billing_ Adjustment. Reason. Text,0,1
Billing_ Adjustment. Actual. Amount,0,1
Billing_ Adjustment. Reference. Referenced_ Document,0,unbounded
Billing_ Currency Exchange. Details,,
Billing_ Currency Exchange. Source Currency. Code,1,1
Billing_ Currency Exchange. Source Unit Basis. Numeric,0,1
Billing_ Currency Exchange. Target Currency. Code,1,1
Billing_ Currency Exchange. Target Unit Base. Numeric,0,1
Billing_ Currency Exchange. Market. Identifier,0,1
Billing_ Currency Exchange. Conversion. Rate,1,1
Billing_ Currency Exchange. Conversion Rate. Date Time,0,1
Billing_ Currency Exchange. Applicable. Trade_ Contract,0,1
Billing_ Document. Details,,
Billing_ Document. Issuer Assigned_ Identification. Identifier,1,1
Billing_ Document. Issue. Date Time,1,1
Billing_ Document. Type. Code,0,1
Billing_ Document. Copy. Indicator,0,1
Billing_ Document. Language. Identifier,0,1
Billing_ Document. Billing_ Currency. Code,0,1
Billing_ Document. Price_ Currency. Code,0,1
Billing_ Document. Payment_ Currency. Code,0,1
Billing_ Document. Alternative Payment_ Currency. Code,0,1
Billing_ Document. Line Count. Numeric,0,1
Billing_ Monetary Summation. Details,,
Billing_ Monetary Summation. Line Total. Amount,0,1
Billing_ Monetary Summation. Charge Total. Amount,0,1
Billing_ Monetary Summation. Allowance Total. Amount,0,1
Billing_ Monetary Summation. Tax Basis Total. Amount,0,1
Billing_ Monetary Summation. Tax Total. Amount,0,1
Billing_ Monetary Summation. Rounding. Amount,0,1
Billing_ Monetary Summation. Grand Total. Amount,1,1
Billing_ Monetary Summation. Transport Tax Basis_ Information. Amount,0,1
Billing_ Monetary Summation. Transport Tax_ Information. Amount,0,1
Billing_ Monetary Summation. Transport Cost_ Information. Amount,0,1
Billing_ Monetary Summation. Insurance Cost_ Information. Amount,0,1
Billing_ Payment. Details,,
Billing_ Payment. Paid. Amount,1,1
Billing_ Payment. Due. Date Time,0,1
Billing_ Payment. Discount. Percent,0,1
Billing_ Payment. Penalty. Percent,0,1
Billing_ Payment. Identified. Trade_ Payment Terms,0,1
Billing_ Payment. Identified. Trade_ Payment Means,0,unbounded
Billing_ Period. Details,,
Billing_ Period. Start. Date Time,0,1
Billing_ Period. End. Date Time,0,1
Birth_ Address. Details,,
Birth_ Address. Country Sub-Division Name. Text,0,1
Birth_ Address. City Name. Text,0,1
Birth_ Address. Country. Identifier,0,1
Boiling Point Range_ Measurement. Details,,
Boiling Point Range_ Measurement. Lower Limit_ Comparison Operator. Code,0,1
Boiling Point Range_ Measurement. Upper Limit_ Comparison Operator. Code,0,1
Boiling Point Range_ Measurement. Lower Limit_ Actual. Measure,0,1
Boiling Point Range_ Measurement. Upper Limit_ Actual. Measure,0,1
Boiling Point Range_ Measurement. Test_ Method. Text,0,1
Boiling Point Range_ Measurement. Description. Text,0,1
Booked_ Accounting Account. Details,,
Booked_ Accounting Account. Identification. Identifier,1,1
Booked_ Accounting Account. Sub Account. Identifier,0,1
Booked_ Accounting Account. Name. Text,0,1
Booked_ Accounting Account. Abbreviated Name. Text,0,1
Booked_ Accounting Account. Set Trigger. Code,0,1
Booked_ Accounting Account. Type. Code,0,1
Booked_ Accounting Account. Amount Type. Code,0,1
Booked_ Accounting Account. Main Accounts Chart. Identifier,0,1
Booked_ Accounting Account. Main Accounts Chart Reference. Identifier,0,1
Booked_ Accounting Account. Status. Code,0,1
Booked_ Accounting Account. Group Rank. Code,0,1
Booked_ Accounting Account. Opening. Date Time,0,1
Booked_ Accounting Account. Opening Responsible Person. Text,0,1
Booked_ Accounting Account. Aggregation Nomenclature. Identifier,0,1
Booked_ Accounting Account. Balance Normal Sign. Code,0,1
Booked_ Accounting Account. Balance Reopening Mode. Code,0,1
Booked_ Accounting Account. Locking. Date Time,0,1
Booked_ Accounting Account. Locking Responsible Person. Text,0,1
Booked_ Accounting Account. Closing. Date Time,0,1
Booked_ Accounting Account. Closing Responsible Person. Text,0,1
Booked_ Accounting Account. Nature. Code,0,1
Booked_ Accounting Account. Mandatory Secondary Accounting. Indicator,0,1
Booked_ Accounting Account. Latest Debit Posting. Date Time,0,1
Booked_ Accounting Account. Latest Debit Posting Responsible Person. Text,0,1
Booked_ Accounting Account. Latest Credit Posting. Date Time,0,1
Booked_ Accounting Account. Latest Credit Posting Responsible Person. Text,0,1
Booked_ Accounting Account. Matching Mark. Indicator,0,1
Booked_ Accounting Account. Latest Matching Mark. Text,0,1
Booked_ Accounting Account. Ticking Mark. Indicator,0,1
Booked_ Accounting Account. Latest Ticking Mark. Text,0,1
Booked_ Accounting Account. Language. Code,0,1
Booked_ Accounting Account. Currency. Code,0,1
Booked_ Accounting Account. Electronic Invoice URI. Identifier,0,1
Booked_ Accounting Account. Accounting Year End. Date Time,0,1
Booked_ Accounting Account. Derived. Linked_ Report,0,unbounded
Booked_ Accounting Account. Update Authorized. Responsible_ Person,0,unbounded
Booked_ Accounting Account. Related. Chart Of Accounts_ Accounting Account Classification,0,1
Booked_ Accounting Account. Inclusive. Chart Of Accounts_ Accounting Account Boundary,0,unbounded
Booked_ Accounting Account. Main. Chart Of Accounts_ Accounting Account Pattern,0,1
Booked_ Accounting Account. Subordinate. Chart Of Accounts_ Accounting Account Pattern,0,1
Booked_ Accounting Account. Specified. Fiscal_ Tax,0,1
Booked_ Accounting Account. Specified. Payment_ Financial Account,0,1
Booked_ Accounting Account. Specified. Payment Transaction_ Payment Instruction,0,1
Booked_ Accounting Account. Related. Chart Of Accounts_ Accounting Account Credit Risk,0,1
Booked_ Accounting Account. Linked. Booked_ Accounting Account,0,unbounded
Booked_ Accounting Account. Related. Legal_ Organization,0,1
Booked_ Accounting Account. Exclusive. Chart Of Accounts_ Accounting Account Boundary,0,unbounded
Booked_ Accounting Account. Fiscal. AAA Entry_ Capital Asset,0,1
Booked_ Accounting Account. Economic. AAA Entry_ Capital Asset,0,1
Booked_ Accounting Account. IFRS. AAA Entry_ Capital Asset,0,1
Botanical_ Crop. Details,,
Botanical_ Crop. Botanical Identification. Identifier,0,1
Botanical_ Crop. Botanical Species. Code,0,1
Botanical_ Crop. Purpose. Code,0,1
Botanical_ Crop. Botanical Genus. Code,0,1
Botanical_ Crop. Botanical Name. Text,0,1
Botanical_ Crop. Sown. Crop_ Species Variety,0,unbounded
Branch_ Financial Institution. Details,,
Branch_ Financial Institution. Identification. Identifier,0,1
Branch_ Financial Institution. Name. Text,0,1
Branch_ Financial Institution. Location. Financial Institution_ Address,0,1
Business Licence_ Registration. Details,,
Business Licence_ Registration. Type. Code,1,1
Business Licence_ Registration. Recorded. Date,0,1
Business Licence_ Registration. Licence. Identifier,0,1
Business Support Room_ Facility. Details,,
Business Support Room_ Facility. Identification. Identifier,1,1
Business Support Room_ Facility. Description. Text,0,1
Business Support Room_ Facility. Architectural_ Style. Text,0,1
Business Support Room_ Facility. Name. Text,0,1
Business Support Room_ Facility. Construction. Date,0,1
Business Support Room_ Facility. Latest_ Renovation. Date,0,1
Business Support Room_ Facility. Physical. Lodging House_ Location,0,1
Business Support Room_ Facility. Specified. Lodging House_ Usage Condition,0,unbounded
Business Support Room_ Facility. Operating. Specified_ Period,0,unbounded
Business Support Room_ Facility. Actual. Lodging House_ Picture,0,unbounded
Business Support Room_ Facility. Distinctive. Lodging House_ Feature,0,unbounded
Business Support Room_ Facility. Offered. Supplemental_ Service,0,unbounded
Buyer_ Party. Details,,
Buyer_ Party. Primary_ Identification. Identifier,1,1
Buyer_ Party. Additional_ Identification. Identifier,0,unbounded
Buyer_ Party. Tax_ Identification. Identifier,0,unbounded
Buyer_ Party. Name. Text,0,1
Buyer_ Party. Postal. Structured_ Address,0,1
Buyer_ Party. Postal. Unstructured_ Address,0,1
Buyer_ Party. Postal. Post Box_ Address,0,1
Buyer_ Party. Defined. Trade_ Contact,0,unbounded
Calculated_ Emission. Details,,
Calculated_ Emission. Type. Code,0,1
Calculated_ Emission. Affected_ Distance. Measure,0,1
Calculated_ Emission. Weight. Measure,0,unbounded
Calculated_ Emission. Pollution. Measure,0,unbounded
Calculated_ Price. Details,,
Calculated_ Price. Type. Code,0,unbounded
Calculated_ Price. Charge. Amount,0,unbounded
Calculated_ Price. Related. Applied_ Allowance Charge,0,unbounded
Calculated_ Tax. Details,,
Calculated_ Tax. Calculation Sequence. Numeric,1,1
Calculated_ Tax. Category. Code,0,1
Calculated_ Tax. Currency. Code,0,1
Calculated_ Tax. Customs Duty. Indicator,0,1
Calculated_ Tax. Type. Code,0,1
Calculated_ Tax. Calculated. Rate,0,1
Calculated_ Tax. Allowance Rate_ Calculated. Rate,0,1
Calculated_ Tax. Exemption Reason. Text,0,1
Calculated_ Tax. Exemption Reason. Code,0,1
Calculated_ Tax. Jurisdiction. Text,0,1
Calculated_ Tax. Basis. Amount,0,1
Calculated_ Tax. Tax Basis Allowance. Rate,0,1
Calculated_ Tax. Calculated. Amount,0,1
Calibrated_ Measurement. Details,,
Calibrated_ Measurement. Identification. Identifier,0,1
Calibrated_ Measurement. Version. Identifier,0,1
Calibrated_ Measurement. Quantification Type. Code,0,1
Calibrated_ Measurement. Value. Code,0,1
Calibrated_ Measurement. Value. Measure,0,1
Calibrated_ Measurement. Tolerance. Measure,0,1
Calibrated_ Measurement. Tolerance. Percent,0,1
Calibrated_ Measurement. Type. Code,0,unbounded
Cancellation_ Price. Details,,
Cancellation_ Price. Seasonal_ Rank. Code,0,1
Cancellation_ Price. Determination. Code,0,1
Cancellation_ Price. Basis. Quantity,0,1
Cancellation_ Price. Net Price. Indicator,0,1
Cancellation_ Price. Charge. Amount,0,1
Cancellation_ Price. Calculation. Percent,0,1
Cancellation_ Price. Validity. Travel Product_ Period,0,unbounded
Cancellation_ Price. Validity. Seasonal_ Period,0,unbounded
Cancellation_ Price. Additional Information. Travel Product_ Note,0,unbounded
Cancellation_ Price. Applicable. Customer Class,0,unbounded
Cancellation_ Price. Applicable. Lodging House_ Customer Class,0,unbounded
Cancellation_ Status. Details,,
Cancellation_ Status. Condition. Code,0,1
Cancellation_ Status. Reason. Code,0,1
Cancellation_ Status. Reason. Text,0,unbounded
Cancellation_ Status. Reason_ Information. Text,0,unbounded
Cancelled_ Document. Details,,
Cancelled_ Document. Identification. Identifier,0,1
Cancelled_ Document. Cancellation Reason. Code,0,1
Cancelled_ Document. Cancellation Reason. Text,0,1
Catalogue_ Product Group. Details,,
Catalogue_ Product Group. Identification. Identifier,0,unbounded
Catalogue_ Product Group. Name. Text,0,unbounded
Catalogue_ Product Group. Included. Supply Chain_ Trade Line Item,0,unbounded
Catalogue_ Trade_ Product. Details,,
Catalogue_ Trade_ Product. Identification. Identifier,0,unbounded
Catalogue_ Trade_ Product. Global_ Identification. Identifier,0,unbounded
Catalogue_ Trade_ Product. Seller Assigned_ Identification. Identifier,0,1
Catalogue_ Trade_ Product. Buyer Assigned_ Identification. Identifier,0,1
Catalogue_ Trade_ Product. Manufacturer Assigned_ Identification. Identifier,0,unbounded
Catalogue_ Trade_ Product. Industry Assigned_ Identification. Identifier,0,unbounded
Catalogue_ Trade_ Product. Tracking System. Identifier,0,unbounded
Catalogue_ Trade_ Product. Name. Text,0,unbounded
Catalogue_ Trade_ Product. Gross Weight. Measure,0,unbounded
Catalogue_ Trade_ Product. Drained_ Net Weight. Measure,0,1
Catalogue_ Trade_ Product. From Opening_ Life Span. Measure,0,1
Catalogue_ Trade_ Product. From Delivery_ Life Span. Measure,0,1
Catalogue_ Trade_ Product. Area Density. Measure,0,1
Catalogue_ Trade_ Product. From Production_ Life Span. Measure,0,1
Catalogue_ Trade_ Product. Unit_ Type. Code,0,unbounded
Catalogue_ Trade_ Product. Production Discontinued. Date Time,0,1
Catalogue_ Trade_ Product. Cancellation_ Announced Launch. Date Time,0,1
Catalogue_ Trade_ Product. Batch_ Identification. Identifier,0,unbounded
Catalogue_ Trade_ Product. Latest_ Product Data Change. Date Time,0,1
Catalogue_ Trade_ Product. Function_ Description. Text,0,unbounded
Catalogue_ Trade_ Product. Concise_ Description. Text,0,unbounded
Catalogue_ Trade_ Product. Variant_ Description. Text,0,unbounded
Catalogue_ Trade_ Product. Additional_ Description. Text,0,unbounded
Catalogue_ Trade_ Product. Physical Form_ Description. Text,0,unbounded
Catalogue_ Trade_ Product. Brand_ Name. Text,0,1
Catalogue_ Trade_ Product. Sub-Brand_ Name. Text,0,1
Catalogue_ Trade_ Product. Common_ Name. Text,0,1
Catalogue_ Trade_ Product. Scientific_ Name. Text,0,1
Catalogue_ Trade_ Product. Content_ Variable Measure. Indicator,0,1
Catalogue_ Trade_ Product. Configurable. Indicator,0,1
Catalogue_ Trade_ Product. Marked_ Serial Number. Indicator,0,1
Catalogue_ Trade_ Product. Pre-Packaged. Indicator,0,1
Catalogue_ Trade_ Product. Colour. Code,0,1
Catalogue_ Trade_ Product. Colour_ Description. Text,0,unbounded
Catalogue_ Trade_ Product. Content_ Unit. Quantity,0,1
Catalogue_ Trade_ Product. Inner Pack Content_ Unit. Quantity,0,1
Catalogue_ Trade_ Product. Inner Pack. Quantity,0,1
Catalogue_ Trade_ Product. Included Product Content_ Unit. Quantity,0,1
Catalogue_ Trade_ Product. Included Product Type. Quantity,0,1
Catalogue_ Trade_ Product. Promotional Variant_ Identification. Identifier,0,1
Catalogue_ Trade_ Product. Consumer Age_ Description. Text,0,unbounded
Catalogue_ Trade_ Product. Consumer Gender_ Description. Text,0,unbounded
Catalogue_ Trade_ Product. Marketing_ Description. Text,0,unbounded
Catalogue_ Trade_ Product. Season_ Description. Text,0,unbounded
Catalogue_ Trade_ Product. Size_ Description. Text,0,unbounded
Catalogue_ Trade_ Product. Brand Range_ Name. Text,0,1
Catalogue_ Trade_ Product. Model_ Name. Text,0,1
Catalogue_ Trade_ Product. Season. Code,0,unbounded
Catalogue_ Trade_ Product. Regulation Conformity. Identifier,0,unbounded
Catalogue_ Trade_ Product. Manufacturer. CI_ Trade_ Party,0,unbounded
Catalogue_ Trade_ Product. Legal Rights Owner. CI_ Trade_ Party,0,1
Catalogue_ Trade_ Product. Brand Owner. CI_ Trade_ Party,0,1
Catalogue_ Trade_ Product. Applicable. CI_ Product_ Characteristic,0,unbounded
Catalogue_ Trade_ Product. Applicable. CI_ Material_ Goods Characteristic,0,unbounded
Catalogue_ Trade_ Product. Designated. CI_ Product_ Classification,0,unbounded
Catalogue_ Trade_ Product. Individual. CI_ Trade_ Product Instance,0,unbounded
Catalogue_ Trade_ Product. Included. CI_ Referenced_ Product,0,unbounded
Catalogue_ Trade_ Product. Origin. CI_ Trade_ Country,0,unbounded
Catalogue_ Trade_ Product. Supplied From. CI_ Trade_ Country,0,unbounded
Catalogue_ Trade_ Product. Final_ Assembly. CI_ Trade_ Country,0,unbounded
Catalogue_ Trade_ Product. Linear. CI_ Spatial_ Dimension,0,unbounded
Catalogue_ Trade_ Product. Minimum_ Linear. CI_ Spatial_ Dimension,0,unbounded
Catalogue_ Trade_ Product. Maximum_ Linear. CI_ Spatial_ Dimension,0,unbounded
Catalogue_ Trade_ Product. Applicable. Trade Product_ Supply Chain_ Packaging,0,unbounded
Catalogue_ Trade_ Product. Marketing Campaign_ Reference. CI_ Referenced_ Document,0,unbounded
Catalogue_ Trade_ Product. Presentation. Specified_ Binary File,0,unbounded
Catalogue_ Trade_ Product. Applicable. Keyword,0,unbounded
Catalogue_ Trade_ Product. Attached. Product_ Security Tag,0,unbounded
Catalogue_ Trade_ Product. Marketing. Trade Product_ Feature,0,unbounded
Catalogue_ Trade_ Product. MSDS_ Reference. CI_ Referenced_ Document,0,unbounded
Catalogue_ Trade_ Product. Additional_ Reference. CI_ Referenced_ Document,0,unbounded
Catalogue_ Trade_ Product. Information. CI_ Note,0,unbounded
Catalogue_ Trade_ Product. Applicable. Trade Product_ Certification,0,unbounded
Catalogue_ Trade_ Product. Applicable. CI_ Disposal_ Instructions,0,unbounded
Category Subtotal_ Tax. Details,,
Category Subtotal_ Tax. Customs Duty. Indicator,0,1
Category Subtotal_ Tax. Category. Code,0,1
Category Subtotal_ Tax. Type. Code,0,1
Category Subtotal_ Tax. Calculated. Rate,0,1
Category Subtotal_ Tax. Basis. Amount,0,1
Category Subtotal_ Tax. Calculated. Amount,0,1
Category Subtotal_ Tax. Exemption Reason. Text,0,1
Category Subtotal_ Tax. Exemption Reason. Code,0,1
Category Subtotal_ Tax. Specified. Invoice Issuer Tax_ Accounting Account,0,unbounded
Category Subtotal_ Tax. Specified. Invoicee Tax_ Accounting Account,0,unbounded
Certification_ Test Specification Report. Details,,
Certification_ Test Specification Report. Test Name. Text,0,unbounded
Certification_ Test Specification Report. Result. Text,0,unbounded
Certification_ Test Specification Report. Standard Name. Text,0,1
Certified_ Accreditation. Details,,
Certified_ Accreditation. Category. Code,0,1
Certified_ Accreditation. Type. Code,0,1
Certified_ Accreditation. Obtained. Date Time,0,1
Certified_ Accreditation. Accrediting Body Name. Text,0,1
Certified_ Accreditation. Description. Text,0,1
Certified_ Accreditation. Identification. Identifier,0,unbounded
Certified_ Accreditation. Authentication Method. Code,0,unbounded
Certified_ Accreditation. Expiry. Date Time,0,1
Charges Account_ Financial Institution. Details,,
Charges Account_ Financial Institution. BIC. Identifier,0,1
Charges Account_ Financial Institution. CHIPS Universal_ Identification. Identifier,0,1
Charges Account_ Financial Institution. New Zealand NCC_ Identification. Identifier,0,1
Charges Account_ Financial Institution. Irish NSC_ Identification. Identifier,0,1
Charges Account_ Financial Institution. UK Sort Code_ Identification. Identifier,0,1
Charges Account_ Financial Institution. CHIPS Participant_ Identification. Identifier,0,1
Charges Account_ Financial Institution. Swiss BC_ Identification. Identifier,0,1
Charges Account_ Financial Institution. Fedwire Routing Number_ Identification. Identifier,0,1
Charges Account_ Financial Institution. Portuguese NCC_ Identification. Identifier,0,1
Charges Account_ Financial Institution. Russian Central Bank_ Identification. Identifier,0,1
Charges Account_ Financial Institution. Italian Domestic_ Identification. Identifier,0,1
Charges Account_ Financial Institution. Austrian Bankleitzahl_ Identification. Identifier,0,1
Charges Account_ Financial Institution. Canadian Payments Association_ Identification. Identifier,0,1
Charges Account_ Financial Institution. SIC_ Identification. Identifier,0,1
Charges Account_ Financial Institution. German Bankleitzahl_ Identification. Identifier,0,1
Charges Account_ Financial Institution. Spanish Domestic Interbanking_ Identification. Identifier,0,1
Charges Account_ Financial Institution. South African NCC_ Identification. Identifier,0,1
Charges Account_ Financial Institution. Hong Kong Bank_ Identification. Identifier,0,1
Charges Account_ Financial Institution. Australian BSB_ Identification. Identifier,0,1
Charges Account_ Financial Institution. Indian Financial System_ Identification. Identifier,0,1
Charges Account_ Financial Institution. Hellenic Bank_ Identification. Identifier,0,1
Charges Account_ Financial Institution. Polish National Clearing_ Identification. Identifier,0,1
Charges Account_ Financial Institution. Name. Text,0,1
Charges Account_ Financial Institution. Clearing System Name. Text,0,1
Charges Account_ Financial Institution. Japan Financial Institution Common_ Identification. Identifier,0,1
Charges Account_ Financial Institution. Location. Financial Institution_ Address,0,1
Charges Account_ Financial Institution. Sub-Division. Branch_ Financial Institution,0,1
Charges_ Financial Account. Details,,
Charges_ Financial Account. IBAN_ Identification. Identifier,0,1
Charges_ Financial Account. BBAN_ Identification. Identifier,0,1
Charges_ Financial Account. UPIC_ Identification. Identifier,0,1
Charges_ Financial Account. Proprietary_ Account Name. Text,0,1
Charges_ Financial Account. Type. Code,0,1
Charges_ Financial Account. Proprietary_ Type. Text,0,1
Charges_ Financial Account. Currency. Code,0,1
Charges_ Financial Account. Account Name. Text,0,1
Charges_ Financial Account. Proprietary_ Identification. Identifier,0,1
Chart Of Accounts_ Accounting Account Boundary. Details,,
Chart Of Accounts_ Accounting Account Boundary. First Account Identification. Identifier,0,1
Chart Of Accounts_ Accounting Account Boundary. Last Account Identification. Identifier,0,1
Chart Of Accounts_ Accounting Account Boundary. First Sub-Account Identification. Identifier,0,1
Chart Of Accounts_ Accounting Account Boundary. Last Sub-Account Identification. Identifier,0,1
Chart Of Accounts_ Accounting Account Classification. Details,,
Chart Of Accounts_ Accounting Account Classification. Identification. Identifier,0,1
Chart Of Accounts_ Accounting Account Classification. First Use. Date Time,0,1
Chart Of Accounts_ Accounting Account Classification. Internal Reference. Text,0,1
Chart Of Accounts_ Accounting Account Classification. Using Country. Code,0,1
Chart Of Accounts_ Accounting Account Classification. Currency. Code,0,1
Chart Of Accounts_ Accounting Account Classification. Type. Code,0,1
Chart Of Accounts_ Accounting Account Classification. Version. Text,0,1
Chart Of Accounts_ Accounting Account Classification. Revision. Text,0,1
Chart Of Accounts_ Accounting Account Classification. Related. Booked_ Accounting Account,0,1
Chart Of Accounts_ Accounting Account Classification. Specified. Delimited_ Accounting Period,0,unbounded
Chart Of Accounts_ Accounting Account Credit Risk. Details,,
Chart Of Accounts_ Accounting Account Credit Risk. Cap Limitation. Amount,0,1
Chart Of Accounts_ Accounting Account Credit Risk. Current. Amount,0,1
Chart Of Accounts_ Accounting Account Dimension. Details,,
Chart Of Accounts_ Accounting Account Dimension. Ranking. Numeric,0,1
Chart Of Accounts_ Accounting Account Dimension. Identification. Identifier,0,1
Chart Of Accounts_ Accounting Account Dimension. Name. Text,0,1
Chart Of Accounts_ Accounting Account Dimension. Field Length. Numeric,0,1
Chart Of Accounts_ Accounting Account Pattern. Details,,
Chart Of Accounts_ Accounting Account Pattern. Identification. Identifier,0,1
Chart Of Accounts_ Accounting Account Pattern. Name. Text,0,1
Chart Of Accounts_ Accounting Account Pattern. Country. Code,0,1
Chart Of Accounts_ Accounting Account Pattern. Template. Text,0,1
Chart Of Accounts_ Accounting Account Pattern. Opening. Date Time,0,1
Chart Of Accounts_ Accounting Account Pattern. Closing. Date Time,0,1
Chart Of Accounts_ Accounting Account Pattern. Specified. Chart Of Accounts_ Accounting Account Dimension,0,unbounded
Chemical Reactivity_ Instructions. Details,,
Chemical Reactivity_ Instructions. Material To Avoid_ Item Name. Text,0,1
Chemical Reactivity_ Instructions. Incompatibility_ Description. Text,0,1
Chemical Stability_ Instructions. Details,,
Chemical Stability_ Instructions. Risk Mitigation Storage_ Requirement. Indicator,1,1
Chemical Stability_ Instructions. Hazardous Polymerization Risk Mitigation Storage_ Requirement. Indicator,1,1
Chemical Stability_ Instructions. Description. Text,0,1
Chemical Stability_ Instructions. Condition To Avoid_ Description. Text,0,1
Chemical Stability_ Instructions. Hazardous Decomposition Product_ Item Name. Text,0,1
Chemical Stability_ Instructions. Hazardous Polymerization_ Item Name. Text,0,1
Cheque_ Party. Details,,
Cheque_ Party. Name. Text,0,1
Cheque_ Party. Postal. Financial Institution_ Address,0,1
CICH_ Catalogue_ Product Group. Details,,
CICH_ Catalogue_ Product Group. Identification. Identifier,0,1
CICH_ Catalogue_ Product Group. Name. Text,0,1
CICH_ Catalogue_ Product Group. Included. CICL_ Supply Chain_ Trade Line Item,0,unbounded
CICH_ Exchanged_ Document. Details,,
CICH_ Exchanged_ Document. Identification. Identifier,1,1
CICH_ Exchanged_ Document. Name. Text,0,unbounded
CICH_ Exchanged_ Document. Type. Code,0,1
CICH_ Exchanged_ Document. Issue. Date Time,0,1
CICH_ Exchanged_ Document. Copy. Indicator,0,1
CICH_ Exchanged_ Document. Language. Identifier,0,unbounded
CICH_ Exchanged_ Document. Line Count. Numeric,0,1
CICH_ Exchanged_ Document. Purpose. Code,1,1
CICH_ Exchanged_ Document. Revision. Date Time,0,1
CICH_ Exchanged_ Document. Global_ Identification. Identifier,0,1
CICH_ Exchanged_ Document. Revision_ Identification. Identifier,0,1
CICH_ Exchanged_ Document. Previous Revision_ Identification. Identifier,0,1
CICH_ Exchanged_ Document. Included. CI_ Note,0,unbounded
CICH_ Exchanged_ Document. Effective. CI_ Specified_ Period,0,1
CICH_ Supply Chain_ Trade Agreement. Details,,
CICH_ Supply Chain_ Trade Agreement. Catalogue_ Information Receiver. CI_ Trade_ Party,1,1
CICH_ Supply Chain_ Trade Agreement. Catalogue_ Information Provider. CI_ Trade_ Party,1,1
CICH_ Supply Chain_ Trade Agreement. Seller. CI_ Trade_ Party,0,1
CICH_ Supply Chain_ Trade Agreement. Procurement. CI_ Trade_ Party,0,1
CICH_ Supply Chain_ Trade Agreement. Applicable. CI_ Trade_ Payment Terms,0,1
CICH_ Supply Chain_ Trade Agreement. Contract_ Referenced. CI_ Referenced_ Document,0,unbounded
CICH_ Supply Chain_ Trade Agreement. Price List_ Referenced. CI_ Referenced_ Document,0,1
CICH_ Supply Chain_ Trade Agreement. Catalogue_ Referenced. CI_ Referenced_ Document,0,1
CICH_ Supply Chain_ Trade Agreement. Purchase Conditions_ Referenced. CI_ Referenced_ Document,0,unbounded
CICH_ Supply Chain_ Trade Agreement. Sales Conditions_ Referenced. CI_ Referenced_ Document,0,unbounded
CICH_ Supply Chain_ Trade Agreement. Target Market. CI_ Trade_ Country,0,unbounded
CICH_ Supply Chain_ Trade Agreement. Applicable. CI_ Logistics_ Location,0,unbounded
CICH_ Supply Chain_ Trade Agreement. Shipping. CI_ Specified_ Period,0,1
CICH_ Supply Chain_ Trade Agreement. Catalogue Request_ Referenced. CI_ Referenced_ Document,0,unbounded
CICH_ Supply Chain_ Trade Agreement. Catalogue Subscription_ Referenced. CI_ Referenced_ Document,0,unbounded
CICH_ Supply Chain_ Trade Transaction. Details,,
CICH_ Supply Chain_ Trade Transaction. Applicable. CICH_ Supply Chain_ Trade Agreement,0,1
CICH_ Supply Chain_ Trade Transaction. Included. CICH_ Catalogue_ Product Group,0,unbounded
CICH_ Supply Chain_ Trade Transaction. Included. CICL_ Supply Chain_ Trade Line Item,0,unbounded
CICL_ Document Line_ Document. Details,,
CICL_ Document Line_ Document. Line. Identifier,1,1
CICL_ Document Line_ Document. Line Status. Code,1,1
CICL_ Document Line_ Document. Latest_ Revision. Date Time,0,1
CICL_ Document Line_ Document. Included. CI_ Note,0,unbounded
CICL_ Document Line_ Document. Effective. CI_ Specified_ Period,0,1
CICL_ Supply Chain_ Trade Agreement. Details,,
CICL_ Supply Chain_ Trade Agreement. Product Availability. Code,0,1
CICL_ Supply Chain_ Trade Agreement. Product Orderable. Indicator,0,1
CICL_ Supply Chain_ Trade Agreement. Product Reorderable. Indicator,0,1
CICL_ Supply Chain_ Trade Agreement. Product Made To Order. Indicator,0,1
CICL_ Supply Chain_ Trade Agreement. Delivery_ Order Fulfilment Lead Time. Measure,0,1
CICL_ Supply Chain_ Trade Agreement. Pick-Up_ Order Fulfilment Lead Time. Measure,0,1
CICL_ Supply Chain_ Trade Agreement. Minimum_ Product Orderable. Quantity,0,1
CICL_ Supply Chain_ Trade Agreement. Maximum_ Product Orderable. Quantity,0,1
CICL_ Supply Chain_ Trade Agreement. Incremental_ Product Orderable. Quantity,0,1
CICL_ Supply Chain_ Trade Agreement. Order_ Product Unit Measure. Code,0,1
CICL_ Supply Chain_ Trade Agreement. Resale_ Product Unit Measure. Code,0,1
CICL_ Supply Chain_ Trade Agreement. Information Use Restriction. Indicator,0,1
CICL_ Supply Chain_ Trade Agreement. Seller. CI_ Trade_ Party,0,1
CICL_ Supply Chain_ Trade Agreement. Procurement. CI_ Trade_ Party,0,1
CICL_ Supply Chain_ Trade Agreement. Catalogue_ Information Provider. CI_ Trade_ Party,0,1
CICL_ Supply Chain_ Trade Agreement. Support Centre. CI_ Trade_ Party,0,1
CICL_ Supply Chain_ Trade Agreement. Carrier. CI_ Trade_ Party,0,1
CICL_ Supply Chain_ Trade Agreement. Applicable. CI_ Trade_ Delivery Terms,0,1
CICL_ Supply Chain_ Trade Agreement. Gross Price_ Product. CI_ Trade_ Price,0,unbounded
CICL_ Supply Chain_ Trade Agreement. Net Price_ Product. CI_ Trade_ Price,0,unbounded
CICL_ Supply Chain_ Trade Agreement. Target Market. CI_ Trade_ Country,0,unbounded
CICL_ Supply Chain_ Trade Agreement. Ordering. CI_ Specified_ Period,0,1
CICL_ Supply Chain_ Trade Agreement. Minimum Order Quantity_ Ordering. CI_ Specified_ Period,0,1
CICL_ Supply Chain_ Trade Agreement. Maximum Order Quantity_ Ordering. CI_ Specified_ Period,0,1
CICL_ Supply Chain_ Trade Agreement. Exclusivity. CI_ Specified_ Period,0,1
CICL_ Supply Chain_ Trade Agreement. Resale. CI_ Specified_ Period,0,1
CICL_ Supply Chain_ Trade Agreement. Guaranteed Product Life Span. CI_ Specified_ Period,0,1
CICL_ Supply Chain_ Trade Agreement. Immediate_ Previous Price List_ Referenced. CI_ Referenced_ Document,0,1
CICL_ Supply Chain_ Trade Agreement. Contract_ Referenced. CI_ Referenced_ Document,0,unbounded
CICL_ Supply Chain_ Trade Agreement. Price List_ Referenced. CI_ Referenced_ Document,0,1
CICL_ Supply Chain_ Trade Agreement. Sales Conditions_ Referenced. CI_ Referenced_ Document,0,unbounded
CICL_ Supply Chain_ Trade Delivery. Details,,
CICL_ Supply Chain_ Trade Delivery. Handling. CI_ Handling_ Instructions,0,1
CICL_ Supply Chain_ Trade Delivery. Applicable. CI_ Transport_ Dangerous Goods,0,1
CICL_ Supply Chain_ Trade Delivery. Included. CI_ Supply Chain_ Packaging,0,unbounded
CICL_ Supply Chain_ Trade Line Item. Details,,
CICL_ Supply Chain_ Trade Line Item. Associated. CICL_ Document Line_ Document,0,1
CICL_ Supply Chain_ Trade Line Item. Specified. CICL_ Supply Chain_ Trade Agreement,0,1
CICL_ Supply Chain_ Trade Line Item. Specified. CICL_ Supply Chain_ Trade Delivery,0,1
CICL_ Supply Chain_ Trade Line Item. Specified. CICL_ Supply Chain_ Trade Settlement,0,1
CICL_ Supply Chain_ Trade Line Item. Specified. Catalogue_ Trade_ Product,1,1
CICL_ Supply Chain_ Trade Line Item. Substitute_ Applicable. CI_ Referenced_ Product,0,unbounded
CICL_ Supply Chain_ Trade Line Item. Accessory_ Applicable. CI_ Referenced_ Product,0,unbounded
CICL_ Supply Chain_ Trade Line Item. Component_ Applicable. CI_ Referenced_ Product,0,unbounded
CICL_ Supply Chain_ Trade Line Item. Complementary_ Applicable. CI_ Referenced_ Product,0,unbounded
CICL_ Supply Chain_ Trade Line Item. Additional_ Applicable. CI_ Referenced_ Product,0,unbounded
CICL_ Supply Chain_ Trade Line Item. Required_ Applicable. CI_ Referenced_ Product,0,unbounded
CICL_ Supply Chain_ Trade Settlement. Details,,
CICL_ Supply Chain_ Trade Settlement. Applicable. CI_ Trade_ Tax,0,unbounded
CIDDH_ Exchanged_ Document. Details,,
CIDDH_ Exchanged_ Document. Identification. Identifier,1,1
CIDDH_ Exchanged_ Document. Name. Text,0,unbounded
CIDDH_ Exchanged_ Document. Type. Code,0,1
CIDDH_ Exchanged_ Document. Status. Code,0,1
CIDDH_ Exchanged_ Document. Issue. Date Time,1,1
CIDDH_ Exchanged_ Document. Copy. Indicator,0,1
CIDDH_ Exchanged_ Document. Purpose. Text,0,1
CIDDH_ Exchanged_ Document. Control Requirement. Indicator,0,1
CIDDH_ Exchanged_ Document. Purpose. Code,0,unbounded
CIDDH_ Exchanged_ Document. Requested_ Response Type. Code,0,unbounded
CIDDH_ Exchanged_ Document. Version_ Identification. Identifier,0,1
CIDDH_ Exchanged_ Document. Category. Code,0,1
CIDDH_ Exchanged_ Document. Urgency. Code,0,1
CIDDH_ Exchanged_ Document. Subtype. Code,0,1
CIDDH_ Exchanged_ Document. Included. CI_ Note,0,unbounded
CIDDH_ Exchanged_ Document. Issuer. CI_ Trade_ Party,0,1
CIDDH_ Exchanged_ Document. Attached. Specified_ Binary File,0,unbounded
CIDDH_ Supply Chain_ Trade Agreement. Details,,
CIDDH_ Supply Chain_ Trade Agreement. Seller. CI_ Trade_ Party,0,1
CIDDH_ Supply Chain_ Trade Agreement. Buyer. CI_ Trade_ Party,0,1
CIDDH_ Supply Chain_ Trade Agreement. Applicable. CI_ Trade_ Delivery Terms,0,1
CIDDH_ Supply Chain_ Trade Agreement. Buyer Order_ Referenced. CI_ Referenced_ Document,0,1
CIDDH_ Supply Chain_ Trade Agreement. Contract_ Referenced. CI_ Referenced_ Document,0,unbounded
CIDDH_ Supply Chain_ Trade Agreement. Additional_ Referenced. CI_ Referenced_ Document,0,unbounded
CIDDH_ Supply Chain_ Trade Agreement. Specified. Procuring_ Project,0,1
CIDDH_ Supply Chain_ Trade Agreement. Seller Order_ Referenced. CI_ Referenced_ Document,0,1
CIDDH_ Supply Chain_ Trade Agreement. Relevant. CI_ Trade_ Party,0,unbounded
CIDDH_ Supply Chain_ Trade Delivery. Details,,
CIDDH_ Supply Chain_ Trade Delivery. Final Delivery. Indicator,0,1
CIDDH_ Supply Chain_ Trade Delivery. Pick-Up Availability. Date Time,0,1
CIDDH_ Supply Chain_ Trade Delivery. Identification. Identifier,0,1
CIDDH_ Supply Chain_ Trade Delivery. Ship To. CI_ Trade_ Party,1,1
CIDDH_ Supply Chain_ Trade Delivery. Ultimate_ Ship To. CI_ Trade_ Party,0,1
CIDDH_ Supply Chain_ Trade Delivery. Ship From. CI_ Trade_ Party,1,1
CIDDH_ Supply Chain_ Trade Delivery. Shipment Schedule_ Referenced. CI_ Referenced_ Document,0,1
CIDDH_ Supply Chain_ Trade Delivery. Related. CI_ Supply Chain_ Consignment,0,unbounded
CIDDH_ Supply Chain_ Trade Delivery. Included. CI_ Supply Chain_ Packaging,0,unbounded
CIDDH_ Supply Chain_ Trade Delivery. Actual_ Despatch. CI_ Supply Chain_ Event,0,1
CIDDH_ Supply Chain_ Trade Delivery. Confirmed_ Release. CI_ Supply Chain_ Event,0,1
CIDDH_ Supply Chain_ Trade Delivery. Requested_ Delivery. CI_ Supply Chain_ Event,0,1
CIDDH_ Supply Chain_ Trade Delivery. Planned_ Delivery. CI_ Supply Chain_ Event,0,1
CIDDH_ Supply Chain_ Trade Delivery. Actual_ Loading. CI_ Supply Chain_ Event,0,1
CIDDH_ Supply Chain_ Trade Delivery. Additional_ Referenced. CI_ Referenced_ Document,0,unbounded
CIDDH_ Supply Chain_ Trade Delivery. Information. CI_ Note,0,unbounded
CIDDH_ Supply Chain_ Trade Delivery. Handling. CI_ Handling_ Instructions,0,1
CIDDH_ Supply Chain_ Trade Settlement. Details,,
CIDDH_ Supply Chain_ Trade Settlement. Price_ Currency. Code,0,1
CIDDH_ Supply Chain_ Trade Settlement. Purchase_ Specified. CI_ Trade_ Accounting Account,0,unbounded
CIDDH_ Supply Chain_ Trade Settlement. Sales_ Specified. CI_ Trade_ Accounting Account,0,unbounded
CIDDH_ Supply Chain_ Trade Settlement. Applicable. CI_ Trade_ Tax,0,unbounded
CIDDH_ Supply Chain_ Trade Settlement. Specified. CI_ Trade_ Payment Terms,0,1
CIDDH_ Supply Chain_ Trade Settlement. Specified. CIDDH_ Trade Settlement_ Monetary Summation,0,1
CIDDH_ Supply Chain_ Trade Transaction. Details,,
CIDDH_ Supply Chain_ Trade Transaction. Shipment_ Identification. Identifier,0,unbounded
CIDDH_ Supply Chain_ Trade Transaction. Applicable. CIDDH_ Supply Chain_ Trade Agreement,1,1
CIDDH_ Supply Chain_ Trade Transaction. Applicable. CIDDH_ Supply Chain_ Trade Delivery,1,1
CIDDH_ Supply Chain_ Trade Transaction. Applicable. CIDDH_ Supply Chain_ Trade Settlement,1,1
CIDDH_ Supply Chain_ Trade Transaction. Included. CIDDL_ Supply Chain_ Trade Line Item,0,unbounded
CIDDH_ Supply Chain_ Trade Transaction. Specified. CIDDL_ Logistics_ Package,0,unbounded
CIDDH_ Trade Settlement_ Monetary Summation. Details,,
CIDDH_ Trade Settlement_ Monetary Summation. Line Total. Amount,0,1
CIDDH_ Trade Settlement_ Monetary Summation. Tax Total. Amount,0,1
CIDDH_ Trade Settlement_ Monetary Summation. Grand Total. Amount,0,1
CIDDH_ Trade Settlement_ Monetary Summation. Net_ Line Total. Amount,0,unbounded
CIDDH_ Trade Settlement_ Monetary Summation. Including Taxes_ Line Total. Amount,0,unbounded
CIDDL_ Document Line_ Document. Details,,
CIDDL_ Document Line_ Document. Line. Identifier,1,1
CIDDL_ Document Line_ Document. Line Status. Code,0,1
CIDDL_ Document Line_ Document. Line Status Reason. Code,0,1
CIDDL_ Document Line_ Document. Response Reason. Code,0,1
CIDDL_ Document Line_ Document. Requested_ Response Type. Code,0,1
CIDDL_ Document Line_ Document. Included. CI_ Note,0,unbounded
CIDDL_ Logistics_ Package. Details,,
CIDDL_ Logistics_ Package. Identification. Identifier,0,1
CIDDL_ Logistics_ Package. Global_ Identification. Identifier,0,1
CIDDL_ Logistics_ Package. Parent_ Identification. Identifier,0,1
CIDDL_ Logistics_ Package. Series Start_ Identification. Identifier,0,1
CIDDL_ Logistics_ Package. Series End_ Identification. Identifier,0,1
CIDDL_ Logistics_ Package. Level. Code,0,1
CIDDL_ Logistics_ Package. Type. Code,0,1
CIDDL_ Logistics_ Package. Type. Text,0,1
CIDDL_ Logistics_ Package. Item. Quantity,0,1
CIDDL_ Logistics_ Package. Gross Weight. Measure,0,1
CIDDL_ Logistics_ Package. Nominal_ Gross Weight. Measure,0,1
CIDDL_ Logistics_ Package. Net Weight. Measure,0,1
CIDDL_ Logistics_ Package. Gross Volume. Measure,0,1
CIDDL_ Logistics_ Package. Nominal_ Gross Volume. Measure,0,1
CIDDL_ Logistics_ Package. Sequence. Numeric,0,1
CIDDL_ Logistics_ Package. Description. Text,0,1
CIDDL_ Logistics_ Package. Information. Text,0,unbounded
CIDDL_ Logistics_ Package. Included. CIDDL_ Supply Chain_ Trade Line Item,0,unbounded
CIDDL_ Logistics_ Package. Used. CI_ Supply Chain_ Packaging,0,unbounded
CIDDL_ Logistics_ Package. Physical. Logistics_ Shipping Marks,0,unbounded
CIDDL_ Logistics_ Package. Linear. CI_ Spatial_ Dimension,0,1
CIDDL_ Logistics_ Package. Despatch Note_ Associated. CI_ Referenced_ Document,0,unbounded
CIDDL_ Supply Chain_ Trade Agreement. Details,,
CIDDL_ Supply Chain_ Trade Agreement. Seller Order_ Referenced. CI_ Referenced_ Document,0,1
CIDDL_ Supply Chain_ Trade Agreement. Buyer Order_ Referenced. CI_ Referenced_ Document,0,1
CIDDL_ Supply Chain_ Trade Agreement. Promotional Deal_ Referenced. CI_ Referenced_ Document,0,1
CIDDL_ Supply Chain_ Trade Agreement. Contract_ Referenced. CI_ Referenced_ Document,0,unbounded
CIDDL_ Supply Chain_ Trade Agreement. Additional_ Referenced. CI_ Referenced_ Document,0,unbounded
CIDDL_ Supply Chain_ Trade Agreement. Net Price_ Product. CI_ Trade_ Price,0,1
CIDDL_ Supply Chain_ Trade Agreement. Relevant. CI_ Trade_ Party,0,unbounded
CIDDL_ Supply Chain_ Trade Delivery. Details,,
CIDDL_ Supply Chain_ Trade Delivery. Billed. Quantity,0,1
CIDDL_ Supply Chain_ Trade Delivery. Charge Free. Quantity,0,1
CIDDL_ Supply Chain_ Trade Delivery. Package. Quantity,0,1
CIDDL_ Supply Chain_ Trade Delivery. Product_ Unit. Quantity,0,1
CIDDL_ Supply Chain_ Trade Delivery. Per Package_ Unit. Quantity,0,1
CIDDL_ Supply Chain_ Trade Delivery. Net Weight. Measure,0,1
CIDDL_ Supply Chain_ Trade Delivery. Gross Weight. Measure,0,1
CIDDL_ Supply Chain_ Trade Delivery. Theoretical Weight. Measure,0,1
CIDDL_ Supply Chain_ Trade Delivery. Ultimate Ship To Delivery. Date Time,0,1
CIDDL_ Supply Chain_ Trade Delivery. Despatched. Quantity,0,1
CIDDL_ Supply Chain_ Trade Delivery. Requested. Quantity,0,1
CIDDL_ Supply Chain_ Trade Delivery. Remaining_ Requested. Quantity,0,1
CIDDL_ Supply Chain_ Trade Delivery. Ship From. CI_ Trade_ Party,0,1
CIDDL_ Supply Chain_ Trade Delivery. Ship To. CI_ Trade_ Party,0,1
CIDDL_ Supply Chain_ Trade Delivery. Ultimate_ Ship To. CI_ Trade_ Party,0,1
CIDDL_ Supply Chain_ Trade Delivery. Related. CI_ Supply Chain_ Consignment,0,unbounded
CIDDL_ Supply Chain_ Trade Delivery. Handling. CI_ Handling_ Instructions,0,unbounded
CIDDL_ Supply Chain_ Trade Delivery. Actual_ Despatch. CI_ Supply Chain_ Event,0,1
CIDDL_ Supply Chain_ Trade Delivery. Actual_ Pick-Up. CI_ Supply Chain_ Event,0,1
CIDDL_ Supply Chain_ Trade Delivery. Requested_ Delivery. CI_ Supply Chain_ Event,0,1
CIDDL_ Supply Chain_ Trade Delivery. Specified. CI_ Delivery_ Adjustment,0,1
CIDDL_ Supply Chain_ Trade Delivery. Included. CI_ Supply Chain_ Packaging,0,unbounded
CIDDL_ Supply Chain_ Trade Delivery. Projected. CI_ Supply Chain_ Supply Plan,0,unbounded
CIDDL_ Supply Chain_ Trade Line Item. Details,,
CIDDL_ Supply Chain_ Trade Line Item. Associated. CIDDL_ Document Line_ Document,1,1
CIDDL_ Supply Chain_ Trade Line Item. Specified. CIDDL_ Supply Chain_ Trade Agreement,0,1
CIDDL_ Supply Chain_ Trade Line Item. Specified. CIDDL_ Supply Chain_ Trade Delivery,0,1
CIDDL_ Supply Chain_ Trade Line Item. Specified. CIDDL_ Supply Chain_ Trade Settlement,1,1
CIDDL_ Supply Chain_ Trade Line Item. Specified. CI_ Trade_ Product,0,1
CIDDL_ Supply Chain_ Trade Line Item. Physical. Referenced_ Logistics_ Package,0,unbounded
CIDDL_ Supply Chain_ Trade Line Item. Substituted. CI_ Referenced_ Product,0,unbounded
CIDDL_ Supply Chain_ Trade Settlement. Details,,
CIDDL_ Supply Chain_ Trade Settlement. Payable_ Specified. CI_ Trade_ Accounting Account,0,unbounded
CIDDL_ Supply Chain_ Trade Settlement. Purchase_ Specified. CI_ Trade_ Accounting Account,0,unbounded
CIDDL_ Supply Chain_ Trade Settlement. Applicable. CI_ Trade_ Tax,0,1
CIDDL_ Supply Chain_ Trade Settlement. Specified. CIDDL_ Trade Settlement_ Monetary Summation,0,1
CIDDL_ Trade Settlement_ Monetary Summation. Details,,
CIDDL_ Trade Settlement_ Monetary Summation. Line Total. Amount,0,1
CIDDL_ Trade Settlement_ Monetary Summation. Grand Total. Amount,0,1
CIDDL_ Trade Settlement_ Monetary Summation. Net_ Line Total. Amount,0,unbounded
CIDDL_ Trade Settlement_ Monetary Summation. Including Taxes_ Line Total. Amount,0,unbounded
CIIH_ Exchanged_ Document. Details,,
CIIH_ Exchanged_ Document. Identification. Identifier,1,1
CIIH_ Exchanged_ Document. Name. Text,0,unbounded
CIIH_ Exchanged_ Document. Type. Code,0,1
CIIH_ Exchanged_ Document. Issue. Date Time,1,1
CIIH_ Exchanged_ Document. Copy. Indicator,0,1
CIIH_ Exchanged_ Document. Purpose. Text,0,1
CIIH_ Exchanged_ Document. Language. Identifier,0,unbounded
CIIH_ Exchanged_ Document. Purpose. Code,0,1
CIIH_ Exchanged_ Document. Revision. Date Time,0,1
CIIH_ Exchanged_ Document. Version_ Identification. Identifier,0,1
CIIH_ Exchanged_ Document. Global_ Identification. Identifier,0,1
CIIH_ Exchanged_ Document. Revision_ Identification. Identifier,0,1
CIIH_ Exchanged_ Document. Previous Revision_ Identification. Identifier,0,1
CIIH_ Exchanged_ Document. Category. Code,0,1
CIIH_ Exchanged_ Document. Control Requirement. Indicator,0,1
CIIH_ Exchanged_ Document. Response Reason. Code,0,1
CIIH_ Exchanged_ Document. Subtype. Code,0,1
CIIH_ Exchanged_ Document. Requested_ Response Type. Code,0,unbounded
CIIH_ Exchanged_ Document. Included. CI_ Note,0,unbounded
CIIH_ Exchanged_ Document. Issuer. CI_ Trade_ Party,0,1
CIIH_ Exchanged_ Document. Signatory. CI_ Document_ Authentication,0,1
CIIH_ Exchanged_ Document. Reference. CI_ Referenced_ Document,0,unbounded
CIIH_ Exchanged_ Document. Attached. Specified_ Binary File,0,unbounded
CIIH_ Supply Chain_ Trade Agreement. Details,,
CIIH_ Supply Chain_ Trade Agreement. Buyer_ Reference. Text,0,1
CIIH_ Supply Chain_ Trade Agreement. Seller. CI_ Trade_ Party,0,1
CIIH_ Supply Chain_ Trade Agreement. Buyer. CI_ Trade_ Party,0,1
CIIH_ Supply Chain_ Trade Agreement. Buyer_ Assigned Accountant. CI_ Trade_ Party,0,1
CIIH_ Supply Chain_ Trade Agreement. Seller_ Assigned Accountant. CI_ Trade_ Party,0,1
CIIH_ Supply Chain_ Trade Agreement. Buyer_ Tax Representative. CI_ Trade_ Party,0,1
CIIH_ Supply Chain_ Trade Agreement. Seller_ Tax Representative. CI_ Trade_ Party,0,1
CIIH_ Supply Chain_ Trade Agreement. Applicable. CI_ Trade_ Delivery Terms,0,1
CIIH_ Supply Chain_ Trade Agreement. Seller Order_ Referenced. CI_ Referenced_ Document,0,1
CIIH_ Supply Chain_ Trade Agreement. Buyer Order_ Referenced. CI_ Referenced_ Document,0,1
CIIH_ Supply Chain_ Trade Agreement. Quotation_ Referenced. CI_ Referenced_ Document,0,1
CIIH_ Supply Chain_ Trade Agreement. Order Response_ Referenced. CI_ Referenced_ Document,0,1
CIIH_ Supply Chain_ Trade Agreement. Contract_ Referenced. CI_ Referenced_ Document,0,1
CIIH_ Supply Chain_ Trade Agreement. Demand Forecast_ Referenced. CI_ Referenced_ Document,0,1
CIIH_ Supply Chain_ Trade Agreement. Supply Instruction_ Referenced. CI_ Referenced_ Document,0,1
CIIH_ Supply Chain_ Trade Agreement. Promotional Deal_ Referenced. CI_ Referenced_ Document,0,1
CIIH_ Supply Chain_ Trade Agreement. Price List_ Referenced. CI_ Referenced_ Document,0,1
CIIH_ Supply Chain_ Trade Agreement. Additional_ Referenced. CI_ Referenced_ Document,0,unbounded
CIIH_ Supply Chain_ Trade Agreement. Buyer_ Requisitioner. CI_ Trade_ Party,0,unbounded
CIIH_ Supply Chain_ Trade Agreement. Requisitioner_ Referenced. CI_ Referenced_ Document,0,unbounded
CIIH_ Supply Chain_ Trade Agreement. Buyer Agent. CI_ Trade_ Party,0,1
CIIH_ Supply Chain_ Trade Agreement. Sales Agent. CI_ Trade_ Party,0,1
CIIH_ Supply Chain_ Trade Agreement. Specified. Procuring_ Project,0,1
CIIH_ Supply Chain_ Trade Agreement. Pricing Base_ Applicable. CI_ Logistics_ Location,0,1
CIIH_ Supply Chain_ Trade Delivery. Details,,
CIIH_ Supply Chain_ Trade Delivery. Related. CI_ Supply Chain_ Consignment,0,1
CIIH_ Supply Chain_ Trade Delivery. Ship To. CI_ Trade_ Party,0,1
CIIH_ Supply Chain_ Trade Delivery. Ultimate_ Ship To. CI_ Trade_ Party,0,1
CIIH_ Supply Chain_ Trade Delivery. Ship From. CI_ Trade_ Party,0,1
CIIH_ Supply Chain_ Trade Delivery. Actual_ Despatch. CI_ Supply Chain_ Event,0,1
CIIH_ Supply Chain_ Trade Delivery. Actual_ Pick-Up. CI_ Supply Chain_ Event,0,1
CIIH_ Supply Chain_ Trade Delivery. Actual_ Delivery. CI_ Supply Chain_ Event,0,1
CIIH_ Supply Chain_ Trade Delivery. Actual_ Receipt. CI_ Supply Chain_ Event,0,1
CIIH_ Supply Chain_ Trade Delivery. Despatch Advice_ Referenced. CI_ Referenced_ Document,0,1
CIIH_ Supply Chain_ Trade Delivery. Receiving Advice_ Referenced. CI_ Referenced_ Document,0,1
CIIH_ Supply Chain_ Trade Delivery. Delivery Note_ Referenced. CI_ Referenced_ Document,0,1
CIIH_ Supply Chain_ Trade Delivery. Additional_ Referenced. CI_ Referenced_ Document,0,unbounded
CIIH_ Supply Chain_ Trade Delivery. Consumption Report_ Referenced. CI_ Referenced_ Document,0,1
CIIH_ Supply Chain_ Trade Delivery. Previous_ Delivery. CI_ Supply Chain_ Event,0,unbounded
CIIH_ Supply Chain_ Trade Settlement. Details,,
CIIH_ Supply Chain_ Trade Settlement. Due Payable. Amount,0,unbounded
CIIH_ Supply Chain_ Trade Settlement. Creditor Reference. Identifier,0,1
CIIH_ Supply Chain_ Trade Settlement. Payment Reference. Text,0,unbounded
CIIH_ Supply Chain_ Trade Settlement. Tax_ Currency. Code,0,1
CIIH_ Supply Chain_ Trade Settlement. Invoice_ Currency. Code,0,1
CIIH_ Supply Chain_ Trade Settlement. Payment_ Currency. Code,0,1
CIIH_ Supply Chain_ Trade Settlement. Creditor Reference Type. Code,0,unbounded
CIIH_ Supply Chain_ Trade Settlement. Creditor Reference Type. Text,0,unbounded
CIIH_ Supply Chain_ Trade Settlement. Creditor Reference Issuer. Identifier,0,unbounded
CIIH_ Supply Chain_ Trade Settlement. Invoice Issuer_ Reference. Text,0,1
CIIH_ Supply Chain_ Trade Settlement. Invoice. Date Time,0,1
CIIH_ Supply Chain_ Trade Settlement. Next_ Invoice. Date Time,0,unbounded
CIIH_ Supply Chain_ Trade Settlement. Credit Reason. Code,0,1
CIIH_ Supply Chain_ Trade Settlement. Credit Reason. Text,0,unbounded
CIIH_ Supply Chain_ Trade Settlement. Invoicer. CI_ Trade_ Party,0,1
CIIH_ Supply Chain_ Trade Settlement. Invoicee. CI_ Trade_ Party,0,1
CIIH_ Supply Chain_ Trade Settlement. Payee. CI_ Trade_ Party,0,1
CIIH_ Supply Chain_ Trade Settlement. Payer. CI_ Trade_ Party,0,1
CIIH_ Supply Chain_ Trade Settlement. Tax_ Applicable. CI_ Trade_ Currency Exchange,0,1
CIIH_ Supply Chain_ Trade Settlement. Invoice_ Applicable. CI_ Trade_ Currency Exchange,0,1
CIIH_ Supply Chain_ Trade Settlement. Payment_ Applicable. CI_ Trade_ Currency Exchange,0,1
CIIH_ Supply Chain_ Trade Settlement. Specified. CI_ Trade Settlement_ Payment Means,0,unbounded
CIIH_ Supply Chain_ Trade Settlement. Applicable. CI_ Trade_ Tax,0,unbounded
CIIH_ Supply Chain_ Trade Settlement. Billing. CI_ Specified_ Period,0,1
CIIH_ Supply Chain_ Trade Settlement. Specified. CI_ Trade_ Allowance Charge,0,unbounded
CIIH_ Supply Chain_ Trade Settlement. Subtotal_ Calculated. CI_ Trade_ Tax,0,unbounded
CIIH_ Supply Chain_ Trade Settlement. Specified. CI_ Logistics_ Service Charge,0,unbounded
CIIH_ Supply Chain_ Trade Settlement. Specified. CI_ Trade_ Payment Terms,0,unbounded
CIIH_ Supply Chain_ Trade Settlement. Specified. CIIH_ Trade Settlement_ Monetary Summation,0,1
CIIH_ Supply Chain_ Trade Settlement. Specified. CI_ Financial_ Adjustment,0,unbounded
CIIH_ Supply Chain_ Trade Settlement. Invoice_ Referenced. CI_ Referenced_ Document,0,1
CIIH_ Supply Chain_ Trade Settlement. Pro-Forma Invoice_ Referenced. CI_ Referenced_ Document,0,1
CIIH_ Supply Chain_ Trade Settlement. Letter Of Credit_ Referenced. CI_ Referenced_ Document,0,1
CIIH_ Supply Chain_ Trade Settlement. Specified. Trade Settlement_ Financial Card,0,unbounded
CIIH_ Supply Chain_ Trade Settlement. Payable_ Specified. CI_ Trade_ Accounting Account,0,unbounded
CIIH_ Supply Chain_ Trade Settlement. Receivable_ Specified. CI_ Trade_ Accounting Account,0,unbounded
CIIH_ Supply Chain_ Trade Settlement. Purchase_ Specified. CI_ Trade_ Accounting Account,0,unbounded
CIIH_ Supply Chain_ Trade Settlement. Sales_ Specified. CI_ Trade_ Accounting Account,0,unbounded
CIIH_ Supply Chain_ Trade Settlement. Factoring Agreement_ Referenced. CI_ Referenced_ Document,0,unbounded
CIIH_ Supply Chain_ Trade Settlement. Factoring List_ Referenced. CI_ Referenced_ Document,0,unbounded
CIIH_ Supply Chain_ Trade Settlement. Ultimate_ Payee. CI_ Trade_ Party,0,1
CIIH_ Supply Chain_ Trade Settlement. Specified. Advance_ Payment,0,unbounded
CIIH_ Supply Chain_ Trade Settlement. Outstanding_ Specified. CIIH_ Trade Settlement_ Monetary Summation,0,1
CIIH_ Supply Chain_ Trade Settlement. Specified. CI_ Advance_ Payment,0,unbounded
CIIH_ Supply Chain_ Trade Transaction. Details,,
CIIH_ Supply Chain_ Trade Transaction. Applicable. CIIH_ Supply Chain_ Trade Agreement,1,1
CIIH_ Supply Chain_ Trade Transaction. Applicable. CIIH_ Supply Chain_ Trade Delivery,1,1
CIIH_ Supply Chain_ Trade Transaction. Applicable. CIIH_ Supply Chain_ Trade Settlement,1,1
CIIH_ Supply Chain_ Trade Transaction. Included. CIIL_ Supply Chain_ Trade Line Item,0,unbounded
CIIH_ Trade Settlement_ Monetary Summation. Details,,
CIIH_ Trade Settlement_ Monetary Summation. Line Total. Amount,0,unbounded
CIIH_ Trade Settlement_ Monetary Summation. Charge Total. Amount,0,unbounded
CIIH_ Trade Settlement_ Monetary Summation. Allowance Total. Amount,0,unbounded
CIIH_ Trade Settlement_ Monetary Summation. Tax Basis Total. Amount,0,unbounded
CIIH_ Trade Settlement_ Monetary Summation. Tax Total. Amount,0,unbounded
CIIH_ Trade Settlement_ Monetary Summation. Rounding. Amount,0,unbounded
CIIH_ Trade Settlement_ Monetary Summation. Grand Total. Amount,0,unbounded
CIIH_ Trade Settlement_ Monetary Summation. Information. Amount,0,unbounded
CIIH_ Trade Settlement_ Monetary Summation. Total Prepaid. Amount,0,unbounded
CIIH_ Trade Settlement_ Monetary Summation. Total Discount. Amount,0,unbounded
CIIH_ Trade Settlement_ Monetary Summation. Total Allowance Charge. Amount,0,unbounded
CIIH_ Trade Settlement_ Monetary Summation. Due Payable. Amount,0,unbounded
CIIH_ Trade Settlement_ Monetary Summation. Retail Value Excluding Tax_ Information. Amount,0,unbounded
CIIH_ Trade Settlement_ Monetary Summation. Total Deposit Fee_ Information. Amount,0,unbounded
CIIH_ Trade Settlement_ Monetary Summation. Product Value Excluding Tobacco Tax_ Information. Amount,0,unbounded
CIIH_ Trade Settlement_ Monetary Summation. Total Retail Value_ Information. Amount,0,unbounded
CIIH_ Trade Settlement_ Monetary Summation. Gross_ Line Total. Amount,0,unbounded
CIIH_ Trade Settlement_ Monetary Summation. Net_ Line Total. Amount,0,unbounded
CIIH_ Trade Settlement_ Monetary Summation. Net Including Taxes_ Line Total. Amount,0,unbounded
CIIH_ Trade Settlement_ Monetary Summation. Insurance_ Charge Total. Amount,0,1
CIIH_ Trade Settlement_ Monetary Summation. Including Taxes_ Line Total. Amount,0,unbounded
CIIH_ Trade Settlement_ Monetary Summation. Specified. CI_ Referenced_ Document,0,unbounded
CIILB_ Subordinate_ Trade Line Item. Details,,
CIILB_ Subordinate_ Trade Line Item. Identification. Identifier,0,unbounded
CIILB_ Subordinate_ Trade Line Item. Category. Code,0,1
CIILB_ Subordinate_ Trade Line Item. Response Reason. Code,0,1
CIILB_ Subordinate_ Trade Line Item. Requested_ Response Type. Code,0,1
CIILB_ Subordinate_ Trade Line Item. Specified. Referenced_ Product,0,1
CIILB_ Subordinate_ Trade Line Item. Applicable. CI_ Trade_ Product,0,unbounded
CIILB_ Subordinate_ Trade Line Item. Specified. CIILB_ Supply Chain_ Trade Agreement,0,1
CIILB_ Subordinate_ Trade Line Item. Specified. CIILB_ Supply Chain_ Trade Delivery,0,1
CIILB_ Subordinate_ Trade Line Item. Specified. CIILB_ Supply Chain_ Trade Settlement,0,1
CIILB_ Subordinate_ Trade Line Item. Included. CI_ Note,0,unbounded
CIILB_ Supply Chain_ Trade Agreement. Details,,
CIILB_ Supply Chain_ Trade Agreement. Seller Order_ Referenced. CI_ Referenced_ Document,0,1
CIILB_ Supply Chain_ Trade Agreement. Buyer Order_ Referenced. CI_ Referenced_ Document,0,1
CIILB_ Supply Chain_ Trade Agreement. Additional_ Referenced. CI_ Referenced_ Document,0,unbounded
CIILB_ Supply Chain_ Trade Agreement. Gross Price_ Product. CI_ Trade_ Price,0,unbounded
CIILB_ Supply Chain_ Trade Agreement. Net Price_ Product. CI_ Trade_ Price,0,unbounded
CIILB_ Supply Chain_ Trade Delivery. Details,,
CIILB_ Supply Chain_ Trade Delivery. Package. Quantity,0,1
CIILB_ Supply Chain_ Trade Delivery. Product_ Unit. Quantity,0,1
CIILB_ Supply Chain_ Trade Delivery. Per Package_ Unit. Quantity,0,1
CIILB_ Supply Chain_ Trade Delivery. Billed. Quantity,0,1
CIILB_ Supply Chain_ Trade Delivery. Included. CI_ Supply Chain_ Packaging,0,unbounded
CIILB_ Supply Chain_ Trade Delivery. Actual_ Delivery. CI_ Supply Chain_ Event,0,1
CIILB_ Supply Chain_ Trade Settlement. Details,,
CIILB_ Supply Chain_ Trade Settlement. Direction. Code,0,1
CIILB_ Supply Chain_ Trade Settlement. Applicable. CI_ Trade_ Tax,0,1
CIILB_ Supply Chain_ Trade Settlement. Invoice_ Referenced. CI_ Referenced_ Document,0,1
CIILB_ Supply Chain_ Trade Settlement. Specified. CI_ Financial_ Adjustment,0,unbounded
CIILB_ Supply Chain_ Trade Settlement. Specified. CI_ Trade_ Allowance Charge,0,unbounded
CIILB_ Supply Chain_ Trade Settlement. Billing. CI_ Specified_ Period,0,1
CIILB_ Supply Chain_ Trade Settlement. Purchase_ Specified. CI_ Trade_ Accounting Account,0,unbounded
CIIL_ Document Line_ Document. Details,,
CIIL_ Document Line_ Document. Line. Identifier,0,1
CIIL_ Document Line_ Document. Line Status. Code,0,1
CIIL_ Document Line_ Document. Line Status Reason. Code,0,1
CIIL_ Document Line_ Document. Parent_ Line. Identifier,0,1
CIIL_ Document Line_ Document. Category. Code,0,1
CIIL_ Document Line_ Document. Response Reason. Code,0,1
CIIL_ Document Line_ Document. Requested_ Response Type. Code,0,1
CIIL_ Document Line_ Document. Included. CI_ Note,0,unbounded
CIIL_ Document Line_ Document. Reference. CI_ Referenced_ Document,0,unbounded
CIIL_ Supply Chain_ Trade Agreement. Details,,
CIIL_ Supply Chain_ Trade Agreement. Buyer_ Reference. Text,0,1
CIIL_ Supply Chain_ Trade Agreement. Applicable. CI_ Trade_ Delivery Terms,0,1
CIIL_ Supply Chain_ Trade Agreement. Seller Order_ Referenced. CI_ Referenced_ Document,0,1
CIIL_ Supply Chain_ Trade Agreement. Buyer Order_ Referenced. CI_ Referenced_ Document,0,1
CIIL_ Supply Chain_ Trade Agreement. Quotation_ Referenced. CI_ Referenced_ Document,0,1
CIIL_ Supply Chain_ Trade Agreement. Contract_ Referenced. CI_ Referenced_ Document,0,1
CIIL_ Supply Chain_ Trade Agreement. Demand Forecast_ Referenced. CI_ Referenced_ Document,0,1
CIIL_ Supply Chain_ Trade Agreement. Additional_ Referenced. CI_ Referenced_ Document,0,unbounded
CIIL_ Supply Chain_ Trade Agreement. Gross Price_ Product. CI_ Trade_ Price,0,1
CIIL_ Supply Chain_ Trade Agreement. Net Price_ Product. CI_ Trade_ Price,0,1
CIIL_ Supply Chain_ Trade Agreement. Buyer_ Requisitioner. CI_ Trade_ Party,0,unbounded
CIIL_ Supply Chain_ Trade Agreement. Requisitioner_ Referenced. CI_ Referenced_ Document,0,unbounded
CIIL_ Supply Chain_ Trade Agreement. Promotional Deal_ Referenced. CI_ Referenced_ Document,0,1
CIIL_ Supply Chain_ Trade Agreement. Item_ Seller. CI_ Trade_ Party,0,1
CIIL_ Supply Chain_ Trade Agreement. Item_ Buyer. CI_ Trade_ Party,0,1
CIIL_ Supply Chain_ Trade Agreement. Included. Specified_ Marketplace,0,1
CIIL_ Supply Chain_ Trade Delivery. Details,,
CIIL_ Supply Chain_ Trade Delivery. Billed. Quantity,0,1
CIIL_ Supply Chain_ Trade Delivery. Charge Free. Quantity,0,1
CIIL_ Supply Chain_ Trade Delivery. Package. Quantity,0,1
CIIL_ Supply Chain_ Trade Delivery. Product_ Unit. Quantity,0,1
CIIL_ Supply Chain_ Trade Delivery. Per Package_ Unit. Quantity,0,1
CIIL_ Supply Chain_ Trade Delivery. Net Weight. Measure,0,1
CIIL_ Supply Chain_ Trade Delivery. Gross Weight. Measure,0,1
CIIL_ Supply Chain_ Trade Delivery. Theoretical Weight. Measure,0,1
CIIL_ Supply Chain_ Trade Delivery. Requested. Quantity,0,1
CIIL_ Supply Chain_ Trade Delivery. Received. Quantity,0,1
CIIL_ Supply Chain_ Trade Delivery. Specified. CI_ Delivery_ Adjustment,0,unbounded
CIIL_ Supply Chain_ Trade Delivery. Included. CI_ Supply Chain_ Packaging,0,unbounded
CIIL_ Supply Chain_ Trade Delivery. Related. CI_ Supply Chain_ Consignment,0,1
CIIL_ Supply Chain_ Trade Delivery. Ship To. CI_ Trade_ Party,0,1
CIIL_ Supply Chain_ Trade Delivery. Ultimate_ Ship To. CI_ Trade_ Party,0,1
CIIL_ Supply Chain_ Trade Delivery. Ship From. CI_ Trade_ Party,0,1
CIIL_ Supply Chain_ Trade Delivery. Actual_ Despatch. CI_ Supply Chain_ Event,0,1
CIIL_ Supply Chain_ Trade Delivery. Actual_ Pick-Up. CI_ Supply Chain_ Event,0,1
CIIL_ Supply Chain_ Trade Delivery. Requested_ Delivery. CI_ Supply Chain_ Event,0,1
CIIL_ Supply Chain_ Trade Delivery. Actual_ Delivery. CI_ Supply Chain_ Event,0,1
CIIL_ Supply Chain_ Trade Delivery. Actual_ Receipt. CI_ Supply Chain_ Event,0,1
CIIL_ Supply Chain_ Trade Delivery. Despatch Advice_ Referenced. CI_ Referenced_ Document,0,1
CIIL_ Supply Chain_ Trade Delivery. Receiving Advice_ Referenced. CI_ Referenced_ Document,0,1
CIIL_ Supply Chain_ Trade Delivery. Delivery Note_ Referenced. CI_ Referenced_ Document,0,1
CIIL_ Supply Chain_ Trade Delivery. Additional_ Referenced. CI_ Referenced_ Document,0,unbounded
CIIL_ Supply Chain_ Trade Delivery. Consumption Report_ Referenced. CI_ Referenced_ Document,0,1
CIIL_ Supply Chain_ Trade Line Item. Details,,
CIIL_ Supply Chain_ Trade Line Item. Associated. CIIL_ Document Line_ Document,1,1
CIIL_ Supply Chain_ Trade Line Item. Specified. CIIL_ Supply Chain_ Trade Agreement,0,1
CIIL_ Supply Chain_ Trade Line Item. Specified. CIIL_ Supply Chain_ Trade Delivery,0,1
CIIL_ Supply Chain_ Trade Line Item. Specified. CIIL_ Supply Chain_ Trade Settlement,1,1
CIIL_ Supply Chain_ Trade Line Item. Specified. CI_ Trade_ Product,0,1
CIIL_ Supply Chain_ Trade Line Item. Subordinate. CIILB_ Subordinate_ Trade Line Item,0,unbounded
CIIL_ Supply Chain_ Trade Settlement. Details,,
CIIL_ Supply Chain_ Trade Settlement. Payment Reference. Text,0,unbounded
CIIL_ Supply Chain_ Trade Settlement. Invoice Issuer_ Reference. Text,0,1
CIIL_ Supply Chain_ Trade Settlement. Invoice. Date Time,0,1
CIIL_ Supply Chain_ Trade Settlement. Direction. Code,0,1
CIIL_ Supply Chain_ Trade Settlement. Applicable. CI_ Trade_ Tax,0,unbounded
CIIL_ Supply Chain_ Trade Settlement. Billing. CI_ Specified_ Period,0,1
CIIL_ Supply Chain_ Trade Settlement. Specified. CI_ Trade_ Allowance Charge,0,unbounded
CIIL_ Supply Chain_ Trade Settlement. Subtotal_ Calculated. CI_ Trade_ Tax,0,unbounded
CIIL_ Supply Chain_ Trade Settlement. Specified. CI_ Logistics_ Service Charge,0,unbounded
CIIL_ Supply Chain_ Trade Settlement. Specified. CI_ Trade_ Payment Terms,0,unbounded
CIIL_ Supply Chain_ Trade Settlement. Specified. CIIL_ Trade Settlement_ Monetary Summation,0,1
CIIL_ Supply Chain_ Trade Settlement. Specified. CI_ Financial_ Adjustment,0,unbounded
CIIL_ Supply Chain_ Trade Settlement. Invoice_ Referenced. CI_ Referenced_ Document,0,1
CIIL_ Supply Chain_ Trade Settlement. Additional_ Referenced. CI_ Referenced_ Document,0,unbounded
CIIL_ Supply Chain_ Trade Settlement. Specified. Trade Settlement_ Financial Card,0,1
CIIL_ Supply Chain_ Trade Settlement. Payable_ Specified. CI_ Trade_ Accounting Account,0,unbounded
CIIL_ Supply Chain_ Trade Settlement. Receivable_ Specified. CI_ Trade_ Accounting Account,0,unbounded
CIIL_ Supply Chain_ Trade Settlement. Purchase_ Specified. CI_ Trade_ Accounting Account,0,unbounded
CIIL_ Supply Chain_ Trade Settlement. Sales_ Specified. CI_ Trade_ Accounting Account,0,unbounded
CIIL_ Trade Settlement_ Monetary Summation. Details,,
CIIL_ Trade Settlement_ Monetary Summation. Line Total. Amount,0,unbounded
CIIL_ Trade Settlement_ Monetary Summation. Charge Total. Amount,0,unbounded
CIIL_ Trade Settlement_ Monetary Summation. Allowance Total. Amount,0,unbounded
CIIL_ Trade Settlement_ Monetary Summation. Tax Basis Total. Amount,0,unbounded
CIIL_ Trade Settlement_ Monetary Summation. Tax Total. Amount,0,unbounded
CIIL_ Trade Settlement_ Monetary Summation. Information. Amount,0,unbounded
CIIL_ Trade Settlement_ Monetary Summation. Total Allowance Charge. Amount,0,unbounded
CIIL_ Trade Settlement_ Monetary Summation. Product Weight Loss_ Information. Amount,0,unbounded
CIIL_ Trade Settlement_ Monetary Summation. Total Retail Value_ Information. Amount,0,unbounded
CIIL_ Trade Settlement_ Monetary Summation. Gross_ Line Total. Amount,0,unbounded
CIIL_ Trade Settlement_ Monetary Summation. Net_ Line Total. Amount,0,unbounded
CIIL_ Trade Settlement_ Monetary Summation. Net Including Taxes_ Line Total. Amount,0,unbounded
CIIL_ Trade Settlement_ Monetary Summation. Grand Total. Amount,0,1
CIIL_ Trade Settlement_ Monetary Summation. Including Taxes_ Line Total. Amount,0,1
CIOCH_ Exchanged_ Document. Details,,
CIOCH_ Exchanged_ Document. Identification. Identifier,1,1
CIOCH_ Exchanged_ Document. Name. Text,0,unbounded
CIOCH_ Exchanged_ Document. Type. Code,0,1
CIOCH_ Exchanged_ Document. Issue. Date Time,1,1
CIOCH_ Exchanged_ Document. Copy. Indicator,0,1
CIOCH_ Exchanged_ Document. Language. Identifier,0,unbounded
CIOCH_ Exchanged_ Document. Purpose. Code,0,1
CIOCH_ Exchanged_ Document. Revision. Date Time,0,1
CIOCH_ Exchanged_ Document. Version_ Identification. Identifier,0,1
CIOCH_ Exchanged_ Document. Global_ Identification. Identifier,0,1
CIOCH_ Exchanged_ Document. Revision_ Identification. Identifier,0,1
CIOCH_ Exchanged_ Document. Previous Revision_ Identification. Identifier,0,1
CIOCH_ Exchanged_ Document. Category. Code,0,1
CIOCH_ Exchanged_ Document. Response Reason. Code,0,1
CIOCH_ Exchanged_ Document. Included. CI_ Note,0,unbounded
CIOCH_ Exchanged_ Document. Effective. CI_ Specified_ Period,0,1
CIOH_ Exchanged_ Document. Details,,
CIOH_ Exchanged_ Document. Identification. Identifier,1,1
CIOH_ Exchanged_ Document. Name. Text,0,unbounded
CIOH_ Exchanged_ Document. Type. Code,0,1
CIOH_ Exchanged_ Document. Issue. Date Time,1,1
CIOH_ Exchanged_ Document. Copy. Indicator,0,1
CIOH_ Exchanged_ Document. Language. Identifier,0,unbounded
CIOH_ Exchanged_ Document. Purpose. Code,0,1
CIOH_ Exchanged_ Document. Revision. Date Time,0,1
CIOH_ Exchanged_ Document. Version_ Identification. Identifier,0,1
CIOH_ Exchanged_ Document. Global_ Identification. Identifier,0,1
CIOH_ Exchanged_ Document. Revision_ Identification. Identifier,0,1
CIOH_ Exchanged_ Document. Previous Revision_ Identification. Identifier,0,1
CIOH_ Exchanged_ Document. Category. Code,0,1
CIOH_ Exchanged_ Document. Response Reason. Code,0,1
CIOH_ Exchanged_ Document. Status. Code,0,1
CIOH_ Exchanged_ Document. Trader Assigned_ Identification. Identifier,0,unbounded
CIOH_ Exchanged_ Document. Recipient Assigned_ Identification. Identifier,0,unbounded
CIOH_ Exchanged_ Document. Urgency. Code,0,1
CIOH_ Exchanged_ Document. Urgency. Text,0,unbounded
CIOH_ Exchanged_ Document. Offset Processing_ Status. Text,0,unbounded
CIOH_ Exchanged_ Document. Subtype. Code,0,1
CIOH_ Exchanged_ Document. Included. CI_ Note,0,unbounded
CIOH_ Exchanged_ Document. Effective. CI_ Specified_ Period,0,1
CIOH_ Exchanged_ Document. Attached. Specified_ Binary File,0,unbounded
CIOH_ Supply Chain_ Trade Agreement. Details,,
CIOH_ Supply Chain_ Trade Agreement. Buyer_ Reference. Text,0,1
CIOH_ Supply Chain_ Trade Agreement. Seller. CI_ Trade_ Party,0,1
CIOH_ Supply Chain_ Trade Agreement. Buyer. CI_ Trade_ Party,0,1
CIOH_ Supply Chain_ Trade Agreement. Buyer_ Assigned Accountant. CI_ Trade_ Party,0,1
CIOH_ Supply Chain_ Trade Agreement. Seller Order_ Referenced. CI_ Referenced_ Document,0,1
CIOH_ Supply Chain_ Trade Agreement. Buyer Order_ Referenced. CI_ Referenced_ Document,0,1
CIOH_ Supply Chain_ Trade Agreement. Marketplace Order_ Referenced. CI_ Referenced_ Document,0,1
CIOH_ Supply Chain_ Trade Agreement. Quotation_ Referenced. CI_ Referenced_ Document,0,1
CIOH_ Supply Chain_ Trade Agreement. Contract_ Referenced. CI_ Referenced_ Document,0,unbounded
CIOH_ Supply Chain_ Trade Agreement. Requisition_ Referenced. CI_ Referenced_ Document,0,1
CIOH_ Supply Chain_ Trade Agreement. Price List_ Referenced. CI_ Referenced_ Document,0,1
CIOH_ Supply Chain_ Trade Agreement. Request For Quotation_ Referenced. CI_ Referenced_ Document,0,1
CIOH_ Supply Chain_ Trade Agreement. Sales Report_ Referenced. CI_ Referenced_ Document,0,1
CIOH_ Supply Chain_ Trade Agreement. Blanket Order_ Referenced. CI_ Referenced_ Document,0,1
CIOH_ Supply Chain_ Trade Agreement. Previous Order_ Referenced. CI_ Referenced_ Document,0,1
CIOH_ Supply Chain_ Trade Agreement. Previous Order Change_ Referenced. CI_ Referenced_ Document,0,1
CIOH_ Supply Chain_ Trade Agreement. Previous Order Response_ Referenced. CI_ Referenced_ Document,0,1
CIOH_ Supply Chain_ Trade Agreement. Original Order_ Referenced. CI_ Referenced_ Document,0,1
CIOH_ Supply Chain_ Trade Agreement. Engineering Change_ Referenced. CI_ Referenced_ Document,0,1
CIOH_ Supply Chain_ Trade Agreement. Letter Of Credit_ Referenced. CI_ Referenced_ Document,0,1
CIOH_ Supply Chain_ Trade Agreement. Import Licence_ Referenced. CI_ Referenced_ Document,0,1
CIOH_ Supply Chain_ Trade Agreement. Export Licence_ Referenced. CI_ Referenced_ Document,0,1
CIOH_ Supply Chain_ Trade Agreement. Additional_ Referenced. CI_ Referenced_ Document,0,unbounded
CIOH_ Supply Chain_ Trade Agreement. Relevant. CI_ Trade_ Party,0,unbounded
CIOH_ Supply Chain_ Trade Agreement. Buyer_ Requisitioner. CI_ Trade_ Party,0,1
CIOH_ Supply Chain_ Trade Agreement. Specified. Procuring_ Project,0,1
CIOH_ Supply Chain_ Trade Delivery. Details,,
CIOH_ Supply Chain_ Trade Delivery. Subordinate_ Identification. Identifier,0,1
CIOH_ Supply Chain_ Trade Delivery. Ship To. CI_ Trade_ Party,0,1
CIOH_ Supply Chain_ Trade Delivery. Ship From. CI_ Trade_ Party,0,1
CIOH_ Supply Chain_ Trade Delivery. Delivery. CI_ Delivery_ Instructions,0,1
CIOH_ Supply Chain_ Trade Delivery. Planned_ Despatch. CI_ Supply Chain_ Event,0,1
CIOH_ Supply Chain_ Trade Delivery. Planned_ Release. CI_ Supply Chain_ Event,0,1
CIOH_ Supply Chain_ Trade Delivery. Planned_ Delivery. CI_ Supply Chain_ Event,0,1
CIOH_ Supply Chain_ Trade Delivery. Planned. CI_ Supply Chain_ Consignment,0,unbounded
CIOH_ Supply Chain_ Trade Delivery. Handling. CI_ Handling_ Instructions,0,1
CIOH_ Supply Chain_ Trade Settlement. Details,,
CIOH_ Supply Chain_ Trade Settlement. Tax_ Currency. Code,0,1
CIOH_ Supply Chain_ Trade Settlement. Order_ Currency. Code,0,1
CIOH_ Supply Chain_ Trade Settlement. Invoice_ Currency. Code,0,1
CIOH_ Supply Chain_ Trade Settlement. Price_ Currency. Code,0,1
CIOH_ Supply Chain_ Trade Settlement. Due Payable. Amount,0,unbounded
CIOH_ Supply Chain_ Trade Settlement. Invoicee. CI_ Trade_ Party,0,1
CIOH_ Supply Chain_ Trade Settlement. Payer. CI_ Trade_ Party,0,1
CIOH_ Supply Chain_ Trade Settlement. Tax_ Applicable. CI_ Trade_ Currency Exchange,0,1
CIOH_ Supply Chain_ Trade Settlement. Order_ Applicable. CI_ Trade_ Currency Exchange,0,1
CIOH_ Supply Chain_ Trade Settlement. Invoice_ Applicable. CI_ Trade_ Currency Exchange,0,1
CIOH_ Supply Chain_ Trade Settlement. Price_ Applicable. CI_ Trade_ Currency Exchange,0,1
CIOH_ Supply Chain_ Trade Settlement. Specified. CI_ Trade Settlement_ Payment Means,0,1
CIOH_ Supply Chain_ Trade Settlement. Applicable. CI_ Trade_ Tax,0,unbounded
CIOH_ Supply Chain_ Trade Settlement. Specified. CI_ Trade_ Allowance Charge,0,unbounded
CIOH_ Supply Chain_ Trade Settlement. Specified. CI_ Trade_ Payment Terms,0,1
CIOH_ Supply Chain_ Trade Settlement. Specified. CIOH_ Trade Settlement_ Monetary Summation,0,1
CIOH_ Supply Chain_ Trade Settlement. Payable_ Specified. CI_ Trade_ Accounting Account,0,unbounded
CIOH_ Supply Chain_ Trade Settlement. Purchase_ Specified. CI_ Trade_ Accounting Account,0,unbounded
CIOH_ Supply Chain_ Trade Transaction. Details,,
CIOH_ Supply Chain_ Trade Transaction. Applicable. CIOH_ Supply Chain_ Trade Agreement,1,1
CIOH_ Supply Chain_ Trade Transaction. Applicable. CIOH_ Supply Chain_ Trade Delivery,1,1
CIOH_ Supply Chain_ Trade Transaction. Applicable. CIOH_ Supply Chain_ Trade Settlement,1,1
CIOH_ Supply Chain_ Trade Transaction. Included. CIOL_ Supply Chain_ Trade Line Item,0,unbounded
CIOH_ Trade Settlement_ Monetary Summation. Details,,
CIOH_ Trade Settlement_ Monetary Summation. Line Total. Amount,0,unbounded
CIOH_ Trade Settlement_ Monetary Summation. Charge Total. Amount,0,unbounded
CIOH_ Trade Settlement_ Monetary Summation. Allowance Total. Amount,0,unbounded
CIOH_ Trade Settlement_ Monetary Summation. Tax Basis Total. Amount,0,unbounded
CIOH_ Trade Settlement_ Monetary Summation. Tax Total. Amount,0,unbounded
CIOH_ Trade Settlement_ Monetary Summation. Rounding. Amount,0,unbounded
CIOH_ Trade Settlement_ Monetary Summation. Grand Total. Amount,0,unbounded
CIOH_ Trade Settlement_ Monetary Summation. Net_ Line Total. Amount,0,unbounded
CIOH_ Trade Settlement_ Monetary Summation. Including Taxes_ Line Total. Amount,0,unbounded
CIOL_ Document Line_ Document. Details,,
CIOL_ Document Line_ Document. Line. Identifier,1,1
CIOL_ Document Line_ Document. UUID_ Line. Identifier,0,1
CIOL_ Document Line_ Document. Line Status. Code,0,1
CIOL_ Document Line_ Document. Line Status Reason. Code,0,1
CIOL_ Document Line_ Document. Identification. Identifier,0,1
CIOL_ Document Line_ Document. Buyer Assigned_ Category. Code,0,1
CIOL_ Document Line_ Document. Requested_ Response Type. Code,0,1
CIOL_ Document Line_ Document. Response Reason. Code,0,1
CIOL_ Document Line_ Document. Included. CI_ Note,0,unbounded
CIOL_ Document Line_ Document. Reference. CI_ Acknowledgement_ Document,0,1
CIOL_ Supply Chain_ Trade Agreement. Details,,
CIOL_ Supply Chain_ Trade Agreement. Buyer_ Reference. Text,0,1
CIOL_ Supply Chain_ Trade Agreement. Seller. CI_ Trade_ Party,0,1
CIOL_ Supply Chain_ Trade Agreement. Buyer_ Requisitioner. CI_ Trade_ Party,0,1
CIOL_ Supply Chain_ Trade Agreement. Seller Order_ Referenced. CI_ Referenced_ Document,0,1
CIOL_ Supply Chain_ Trade Agreement. Buyer Order_ Referenced. CI_ Referenced_ Document,0,1
CIOL_ Supply Chain_ Trade Agreement. Marketplace Order_ Referenced. CI_ Referenced_ Document,0,1
CIOL_ Supply Chain_ Trade Agreement. Quotation_ Referenced. CI_ Referenced_ Document,0,1
CIOL_ Supply Chain_ Trade Agreement. Contract_ Referenced. CI_ Referenced_ Document,0,1
CIOL_ Supply Chain_ Trade Agreement. Requisition_ Referenced. CI_ Referenced_ Document,0,1
CIOL_ Supply Chain_ Trade Agreement. Request For Quotation_ Referenced. CI_ Referenced_ Document,0,1
CIOL_ Supply Chain_ Trade Agreement. Sales Report_ Referenced. CI_ Referenced_ Document,0,1
CIOL_ Supply Chain_ Trade Agreement. Blanket Order_ Referenced. CI_ Referenced_ Document,0,1
CIOL_ Supply Chain_ Trade Agreement. Previous Order_ Referenced. CI_ Referenced_ Document,0,1
CIOL_ Supply Chain_ Trade Agreement. Original Order_ Referenced. CI_ Referenced_ Document,0,1
CIOL_ Supply Chain_ Trade Agreement. Engineering Change_ Referenced. CI_ Referenced_ Document,0,1
CIOL_ Supply Chain_ Trade Agreement. Letter Of Credit_ Referenced. CI_ Referenced_ Document,0,1
CIOL_ Supply Chain_ Trade Agreement. Import Licence_ Referenced. CI_ Referenced_ Document,0,1
CIOL_ Supply Chain_ Trade Agreement. Export Licence_ Referenced. CI_ Referenced_ Document,0,1
CIOL_ Supply Chain_ Trade Agreement. Catalogue_ Referenced. CI_ Referenced_ Document,0,1
CIOL_ Supply Chain_ Trade Agreement. Additional_ Referenced. CI_ Referenced_ Document,0,unbounded
CIOL_ Supply Chain_ Trade Agreement. Gross Price_ Product. CI_ Trade_ Price,0,1
CIOL_ Supply Chain_ Trade Agreement. Net Price_ Product. CI_ Trade_ Price,0,1
CIOL_ Supply Chain_ Trade Agreement. Applicable. CI_ Trade_ Delivery Terms,0,1
CIOL_ Supply Chain_ Trade Delivery. Details,,
CIOL_ Supply Chain_ Trade Delivery. Requested. Quantity,0,1
CIOL_ Supply Chain_ Trade Delivery. Agreed. Quantity,0,1
CIOL_ Supply Chain_ Trade Delivery. Partial Delivery Allowed. Indicator,0,1
CIOL_ Supply Chain_ Trade Delivery. Per Package_ Unit. Quantity,0,1
CIOL_ Supply Chain_ Trade Delivery. Identification. Identifier,0,1
CIOL_ Supply Chain_ Trade Delivery. Subordinate_ Identification. Identifier,0,1
CIOL_ Supply Chain_ Trade Delivery. Unavailable. Quantity,0,unbounded
CIOL_ Supply Chain_ Trade Delivery. Cancelled. Quantity,0,unbounded
CIOL_ Supply Chain_ Trade Delivery. Package. Quantity,0,1
CIOL_ Supply Chain_ Trade Delivery. Product_ Unit. Quantity,0,1
CIOL_ Supply Chain_ Trade Delivery. Ship To. CI_ Trade_ Party,0,1
CIOL_ Supply Chain_ Trade Delivery. Ship From. CI_ Trade_ Party,0,1
CIOL_ Supply Chain_ Trade Delivery. Delivery. CI_ Delivery_ Instructions,0,1
CIOL_ Supply Chain_ Trade Delivery. Additional_ Referenced. CI_ Referenced_ Document,0,unbounded
CIOL_ Supply Chain_ Trade Delivery. Planned. CI_ Supply Chain_ Consignment,0,1
CIOL_ Supply Chain_ Trade Delivery. Requested_ Delivery. CI_ Supply Chain_ Event,0,1
CIOL_ Supply Chain_ Trade Delivery. Confirmed_ Delivery. CI_ Supply Chain_ Event,0,unbounded
CIOL_ Supply Chain_ Trade Delivery. Projected. CI_ Supply Chain_ Supply Plan,0,1
CIOL_ Supply Chain_ Trade Line Item. Details,,
CIOL_ Supply Chain_ Trade Line Item. Associated. CIOL_ Document Line_ Document,1,1
CIOL_ Supply Chain_ Trade Line Item. Specified. CIOL_ Supply Chain_ Trade Agreement,0,1
CIOL_ Supply Chain_ Trade Line Item. Specified. CIOL_ Supply Chain_ Trade Delivery,0,1
CIOL_ Supply Chain_ Trade Line Item. Specified. CIOL_ Supply Chain_ Trade Settlement,0,1
CIOL_ Supply Chain_ Trade Line Item. Specified. CI_ Trade_ Product,0,1
CIOL_ Supply Chain_ Trade Line Item. Substituted. CI_ Referenced_ Product,0,1
CIOL_ Supply Chain_ Trade Line Item. Physical. Referenced_ Logistics_ Package,0,1
CIOL_ Supply Chain_ Trade Line Item. Specified. Goods_ Production,0,1
CIOL_ Supply Chain_ Trade Settlement. Details,,
CIOL_ Supply Chain_ Trade Settlement. Invoicee. CI_ Trade_ Party,0,1
CIOL_ Supply Chain_ Trade Settlement. Payer. CI_ Trade_ Party,0,1
CIOL_ Supply Chain_ Trade Settlement. Applicable. CI_ Trade_ Tax,0,unbounded
CIOL_ Supply Chain_ Trade Settlement. Specified. CI_ Trade_ Allowance Charge,0,unbounded
CIOL_ Supply Chain_ Trade Settlement. Specified. CIOL_ Trade Settlement_ Monetary Summation,0,1
CIOL_ Trade Settlement_ Monetary Summation. Details,,
CIOL_ Trade Settlement_ Monetary Summation. Line Total. Amount,0,unbounded
CIOL_ Trade Settlement_ Monetary Summation. Charge Total. Amount,0,unbounded
CIOL_ Trade Settlement_ Monetary Summation. Allowance Total. Amount,0,unbounded
CIOL_ Trade Settlement_ Monetary Summation. Tax Basis Total. Amount,0,unbounded
CIOL_ Trade Settlement_ Monetary Summation. Tax Total. Amount,0,unbounded
CIOL_ Trade Settlement_ Monetary Summation. Grand Total. Amount,0,unbounded
CIOL_ Trade Settlement_ Monetary Summation. Net_ Line Total. Amount,0,unbounded
CIOL_ Trade Settlement_ Monetary Summation. Including Taxes_ Line Total. Amount,0,unbounded
CIORH_ Exchanged_ Document. Details,,
CIORH_ Exchanged_ Document. Identification. Identifier,1,1
CIORH_ Exchanged_ Document. Name. Text,0,unbounded
CIORH_ Exchanged_ Document. Type. Code,0,1
CIORH_ Exchanged_ Document. Issue. Date Time,1,1
CIORH_ Exchanged_ Document. Copy. Indicator,0,1
CIORH_ Exchanged_ Document. Purpose. Text,0,1
CIORH_ Exchanged_ Document. Language. Identifier,0,unbounded
CIORH_ Exchanged_ Document. Purpose. Code,0,1
CIORH_ Exchanged_ Document. Revision. Date Time,0,1
CIORH_ Exchanged_ Document. Version_ Identification. Identifier,0,1
CIORH_ Exchanged_ Document. Global_ Identification. Identifier,0,1
CIORH_ Exchanged_ Document. Revision_ Identification. Identifier,0,1
CIORH_ Exchanged_ Document. Previous Revision_ Identification. Identifier,0,1
CIORH_ Exchanged_ Document. Category. Code,0,1
CIORH_ Exchanged_ Document. Response Reason. Code,0,1
CIORH_ Exchanged_ Document. Requested_ Response Type. Code,0,unbounded
CIORH_ Exchanged_ Document. Subtype. Code,0,1
CIORH_ Exchanged_ Document. Included. CI_ Note,0,unbounded
CIORH_ Exchanged_ Document. Effective. CI_ Specified_ Period,0,1
CIORH_ Exchanged_ Document. Attached. Specified_ Binary File,0,unbounded
CIQH_ Supply Chain_ Trade Agreement. Details,,
CIQH_ Supply Chain_ Trade Agreement. Buyer_ Reference. Text,0,unbounded
CIQH_ Supply Chain_ Trade Agreement. Reference. Text,0,unbounded
CIQH_ Supply Chain_ Trade Agreement. Buyer. CI_ Trade_ Party,0,1
CIQH_ Supply Chain_ Trade Agreement. Seller. CI_ Trade_ Party,1,1
CIQH_ Supply Chain_ Trade Agreement. Quote_ Referenced. CI_ Workflow Object,0,1
CIQH_ Supply Chain_ Trade Agreement. Applicable. CI_ Trade_ Delivery Terms,0,1
CIQH_ Supply Chain_ Trade Agreement. Additional_ Referenced. CI_ Referenced_ Document,0,unbounded
CIQH_ Supply Chain_ Trade Agreement. Contract_ Referenced. CI_ Referenced_ Document,0,unbounded
CIQH_ Supply Chain_ Trade Agreement. Price List_ Referenced. CI_ Referenced_ Document,0,1
CIQH_ Supply Chain_ Trade Agreement. Quotation Proposal_ Referenced. CI_ Referenced_ Document,0,1
CIQH_ Supply Chain_ Trade Agreement. Quotation Proposal Response_ Referenced. CI_ Referenced_ Document,0,1
CIQH_ Supply Chain_ Trade Agreement. Request For Quotation_ Referenced. CI_ Referenced_ Document,0,1
CIQH_ Supply Chain_ Trade Agreement. Request For Quotation Response_ Referenced. CI_ Referenced_ Document,0,1
CIQH_ Supply Chain_ Trade Agreement. Relevant. CI_ Trade_ Party,0,unbounded
CIQH_ Supply Chain_ Trade Agreement. Specified. Procuring_ Project,0,1
CIQH_ Supply Chain_ Trade Delivery. Details,,
CIQH_ Supply Chain_ Trade Delivery. Partial Delivery Allowed. Indicator,0,1
CIQH_ Supply Chain_ Trade Delivery. Ship From. CI_ Trade_ Party,0,1
CIQH_ Supply Chain_ Trade Delivery. Ship To. CI_ Trade_ Party,0,1
CIQH_ Supply Chain_ Trade Delivery. Delivery. CI_ Delivery_ Instructions,0,unbounded
CIQH_ Supply Chain_ Trade Delivery. Handling. CI_ Handling_ Instructions,0,unbounded
CIQH_ Supply Chain_ Trade Delivery. Planned_ Delivery. CI_ Supply Chain_ Event,0,unbounded
CIQH_ Supply Chain_ Trade Settlement. Details,,
CIQH_ Supply Chain_ Trade Settlement. Price_ Currency. Code,0,1
CIQH_ Supply Chain_ Trade Settlement. Quotation_ Currency. Code,0,1
CIQH_ Supply Chain_ Trade Settlement. Invoicee. CI_ Trade_ Party,0,1
CIQH_ Supply Chain_ Trade Settlement. Payer. CI_ Trade_ Party,0,1
CIQH_ Supply Chain_ Trade Settlement. Specified. CI_ Trade_ Allowance Charge,0,unbounded
CIQH_ Supply Chain_ Trade Settlement. Price_ Applicable. CI_ Trade_ Currency Exchange,0,1
CIQH_ Supply Chain_ Trade Settlement. Quotation_ Applicable. CI_ Trade_ Currency Exchange,0,1
CIQH_ Supply Chain_ Trade Settlement. Tax_ Applicable. CI_ Trade_ Currency Exchange,0,unbounded
CIQH_ Supply Chain_ Trade Settlement. Specified. CIQH_ Trade Settlement_ Monetary Summation,0,1
CIQH_ Supply Chain_ Trade Settlement. Specified. CI_ Trade Settlement_ Payment Means,0,unbounded
CIQH_ Supply Chain_ Trade Settlement. Specified. CI_ Trade_ Payment Terms,0,1
CIQH_ Supply Chain_ Trade Settlement. Applicable. CI_ Trade_ Tax,0,unbounded
CIQH_ Trade Settlement_ Monetary Summation. Details,,
CIQH_ Trade Settlement_ Monetary Summation. Allowance Total. Amount,0,unbounded
CIQH_ Trade Settlement_ Monetary Summation. Charge Total. Amount,0,unbounded
CIQH_ Trade Settlement_ Monetary Summation. Gross_ Line Total. Amount,0,unbounded
CIQH_ Trade Settlement_ Monetary Summation. Net_ Line Total. Amount,0,unbounded
CIQH_ Trade Settlement_ Monetary Summation. Net Including Taxes_ Line Total. Amount,0,unbounded
CIQH_ Trade Settlement_ Monetary Summation. Total Allowance Charge. Amount,0,unbounded
CIQH_ Trade Settlement_ Monetary Summation. Tax Total. Amount,0,unbounded
CIQH_ Trade Settlement_ Monetary Summation. Grand Total. Amount,0,unbounded
CIQH_ Trade Settlement_ Monetary Summation. Including Taxes_ Line Total. Amount,0,unbounded
CIQL_ Supply Chain_ Trade Agreement. Details,,
CIQL_ Supply Chain_ Trade Agreement. Buyer_ Reference. Text,0,unbounded
CIQL_ Supply Chain_ Trade Agreement. Reference. Text,0,unbounded
CIQL_ Supply Chain_ Trade Agreement. Product End User. CI_ Trade_ Party,0,1
CIQL_ Supply Chain_ Trade Agreement. Applicable. CI_ Trade_ Delivery Terms,0,1
CIQL_ Supply Chain_ Trade Agreement. Additional_ Referenced. CI_ Referenced_ Document,0,unbounded
CIQL_ Supply Chain_ Trade Agreement. Contract_ Referenced. CI_ Referenced_ Document,0,unbounded
CIQL_ Supply Chain_ Trade Agreement. Price List_ Referenced. CI_ Referenced_ Document,0,1
CIQL_ Supply Chain_ Trade Agreement. Quotation Proposal_ Referenced. CI_ Referenced_ Document,0,1
CIQL_ Supply Chain_ Trade Agreement. Quotation Proposal Response_ Referenced. CI_ Referenced_ Document,0,1
CIQL_ Supply Chain_ Trade Agreement. Request For Quotation_ Referenced. CI_ Referenced_ Document,0,1
CIQL_ Supply Chain_ Trade Agreement. Request For Quotation Response_ Referenced. CI_ Referenced_ Document,0,1
CIQL_ Supply Chain_ Trade Agreement. Gross Price_ Product. CI_ Trade_ Price,0,unbounded
CIQL_ Supply Chain_ Trade Agreement. Net Price_ Product. CI_ Trade_ Price,0,unbounded
CIQL_ Supply Chain_ Trade Delivery. Details,,
CIQL_ Supply Chain_ Trade Delivery. Partial Delivery Allowed. Indicator,0,1
CIQL_ Supply Chain_ Trade Delivery. Agreed. Quantity,0,1
CIQL_ Supply Chain_ Trade Delivery. Requested. Quantity,0,1
CIQL_ Supply Chain_ Trade Delivery. Per Package_ Unit. Quantity,0,1
CIQL_ Supply Chain_ Trade Delivery. Package. Quantity,0,1
CIQL_ Supply Chain_ Trade Delivery. Product_ Unit. Quantity,0,1
CIQL_ Supply Chain_ Trade Delivery. Ship From. CI_ Trade_ Party,0,1
CIQL_ Supply Chain_ Trade Delivery. Ship To. CI_ Trade_ Party,0,1
CIQL_ Supply Chain_ Trade Delivery. Planned_ Delivery. CI_ Supply Chain_ Event,0,1
CIQL_ Supply Chain_ Trade Delivery. Requested_ Delivery. CI_ Supply Chain_ Event,0,1
CIQL_ Supply Chain_ Trade Delivery. Planned_ Despatch. CI_ Supply Chain_ Event,0,1
CIQL_ Supply Chain_ Trade Delivery. Requested_ Despatch. CI_ Supply Chain_ Event,0,1
CIQL_ Supply Chain_ Trade Delivery. Projected. CI_ Supply Chain_ Supply Plan,0,unbounded
CIQL_ Supply Chain_ Trade Settlement. Details,,
CIQL_ Supply Chain_ Trade Settlement. Specified. CI_ Trade_ Allowance Charge,0,unbounded
CIQL_ Supply Chain_ Trade Settlement. Specified. CIQL_ Trade Settlement_ Monetary Summation,0,1
CIQL_ Supply Chain_ Trade Settlement. Applicable. CI_ Trade_ Tax,0,unbounded
CIQL_ Trade Settlement_ Monetary Summation. Details,,
CIQL_ Trade Settlement_ Monetary Summation. Gross_ Line Total. Amount,0,unbounded
CIQL_ Trade Settlement_ Monetary Summation. Net_ Line Total. Amount,0,unbounded
CIQL_ Trade Settlement_ Monetary Summation. Net Including Taxes_ Line Total. Amount,0,unbounded
CIQL_ Trade Settlement_ Monetary Summation. Including Taxes_ Line Total. Amount,0,unbounded
CIQPL_ Supply Chain_ Trade Line Item. Details,,
CIQPL_ Supply Chain_ Trade Line Item. Associated. CIQ_ Document Line_ Document,1,1
CIQPL_ Supply Chain_ Trade Line Item. Specified. CIQL_ Supply Chain_ Trade Agreement,0,1
CIQPL_ Supply Chain_ Trade Line Item. Specified. CIQL_ Supply Chain_ Trade Delivery,0,1
CIQPL_ Supply Chain_ Trade Line Item. Specified. CIQL_ Supply Chain_ Trade Settlement,0,1
CIQPL_ Supply Chain_ Trade Line Item. Specified. CI_ Trade_ Product,0,1
CIQPL_ Supply Chain_ Trade Line Item. Substituted. CI_ Referenced_ Product,0,1
CIQPL_ Supply Chain_ Trade Line Item. Physical. Referenced_ Logistics_ Package,0,1
CIQP_ Supply Chain_ Trade Transaction. Details,,
CIQP_ Supply Chain_ Trade Transaction. Applicable. CIQH_ Supply Chain_ Trade Agreement,0,1
CIQP_ Supply Chain_ Trade Transaction. Applicable. CIQH_ Supply Chain_ Trade Delivery,0,1
CIQP_ Supply Chain_ Trade Transaction. Applicable. CIQH_ Supply Chain_ Trade Settlement,0,1
CIQP_ Supply Chain_ Trade Transaction. Included. CIQPL_ Supply Chain_ Trade Line Item,0,unbounded
CIQRL_ Supply Chain_ Trade Line Item. Details,,
CIQRL_ Supply Chain_ Trade Line Item. Associated. CIQ_ Document Line_ Document,1,1
CIQRL_ Supply Chain_ Trade Line Item. Specified. CIQL_ Supply Chain_ Trade Agreement,0,1
CIQRL_ Supply Chain_ Trade Line Item. Specified. CIQL_ Supply Chain_ Trade Delivery,0,1
CIQRL_ Supply Chain_ Trade Line Item. Specified. CI_ Trade_ Product,0,1
CIQRL_ Supply Chain_ Trade Line Item. Substitute_ Applicable. CI_ Referenced_ Product,0,unbounded
CIQRL_ Supply Chain_ Trade Line Item. Physical. Referenced_ Logistics_ Package,0,1
CIQRL_ Supply Chain_ Trade Line Item. Specified. CIQL_ Supply Chain_ Trade Settlement,0,1
CIQR_ Supply Chain_ Trade Transaction. Details,,
CIQR_ Supply Chain_ Trade Transaction. Applicable. CIQH_ Supply Chain_ Trade Agreement,0,1
CIQR_ Supply Chain_ Trade Transaction. Applicable. CIQH_ Supply Chain_ Trade Delivery,0,1
CIQR_ Supply Chain_ Trade Transaction. Included. CIQRL_ Supply Chain_ Trade Line Item,0,unbounded
CIQR_ Supply Chain_ Trade Transaction. Applicable. CIQH_ Supply Chain_ Trade Settlement,0,1
CIQ_ Document Line_ Document. Details,,
CIQ_ Document Line_ Document. Line. Identifier,0,1
CIQ_ Document Line_ Document. Line Status. Code,0,1
CIQ_ Document Line_ Document. Line Status Reason. Code,0,1
CIQ_ Document Line_ Document. Latest_ Revision. Date Time,0,1
CIQ_ Document Line_ Document. Requested_ Response Type. Code,0,1
CIQ_ Document Line_ Document. Response Reason. Code,0,1
CIQ_ Document Line_ Document. Included. CI_ Note,0,unbounded
CIQ_ Exchanged_ Document. Details,,
CIQ_ Exchanged_ Document. Global_ Identification. Identifier,0,1
CIQ_ Exchanged_ Document. Previous Revision_ Identification. Identifier,0,1
CIQ_ Exchanged_ Document. Revision_ Identification. Identifier,0,1
CIQ_ Exchanged_ Document. Version_ Identification. Identifier,0,1
CIQ_ Exchanged_ Document. Identification. Identifier,0,1
CIQ_ Exchanged_ Document. Language. Identifier,0,unbounded
CIQ_ Exchanged_ Document. Amendment_ Purpose. Code,0,1
CIQ_ Exchanged_ Document. Purpose. Code,0,1
CIQ_ Exchanged_ Document. Requested_ Response Type. Code,0,unbounded
CIQ_ Exchanged_ Document. Type. Code,0,1
CIQ_ Exchanged_ Document. Cancellation. Date Time,0,1
CIQ_ Exchanged_ Document. Issue. Date Time,0,1
CIQ_ Exchanged_ Document. Revision. Date Time,0,1
CIQ_ Exchanged_ Document. Purpose. Text,0,1
CIQ_ Exchanged_ Document. Copy. Indicator,0,1
CIQ_ Exchanged_ Document. Line Count. Numeric,0,1
CIQ_ Exchanged_ Document. Name. Text,0,unbounded
CIQ_ Exchanged_ Document. Subtype. Code,0,1
CIQ_ Exchanged_ Document. Issuer. CI_ Trade_ Party,0,1
CIQ_ Exchanged_ Document. Effective. CI_ Specified_ Period,0,1
CIQ_ Exchanged_ Document. Attached. Specified_ Binary File,0,unbounded
CIQ_ Exchanged_ Document. Included. CI_ Note,0,unbounded
CIRH_ Specified_ Balance Out. Details,,
CIRH_ Specified_ Balance Out. Identification. Identifier,0,1
CIRH_ Specified_ Balance Out. Description. Text,0,unbounded
CIRH_ Specified_ Balance Out. Reason. Code,0,1
CIRH_ Specified_ Balance Out. Reason Description. Text,0,unbounded
CIRH_ Specified_ Balance Out. Occurrence. Date Time,0,1
CIRH_ Specified_ Balance Out. Calculated. Amount,0,1
CIRH_ Supply Chain_ Trade Settlement. Details,,
CIRH_ Supply Chain_ Trade Settlement. Payment_ Currency. Code,0,1
CIRH_ Supply Chain_ Trade Settlement. Payee. CI_ Trade_ Party,0,1
CIRH_ Supply Chain_ Trade Settlement. Payer. CI_ Trade_ Party,0,1
CIRH_ Supply Chain_ Trade Settlement. Payment_ Applicable. CI_ Trade_ Currency Exchange,0,1
CIRH_ Supply Chain_ Trade Settlement. Specified. CIRH_ Trade Settlement_ Monetary Summation,1,1
CIRH_ Supply Chain_ Trade Settlement. Specified. CI_ Trade Settlement_ Payment Means,0,1
CIRH_ Supply Chain_ Trade Settlement. Applicable. CI_ Trade_ Tax,0,unbounded
CIRH_ Supply Chain_ Trade Settlement. Relevant. CI_ Trade_ Party,0,unbounded
CIRH_ Supply Chain_ Trade Settlement. Specified. CI_ Trade_ Payment Terms,0,unbounded
CIRH_ Trade Settlement_ Monetary Summation. Details,,
CIRH_ Trade Settlement_ Monetary Summation. Equivalent Transfer Total. Amount,0,unbounded
CIRH_ Trade Settlement_ Monetary Summation. Payment Total. Amount,0,unbounded
CIRH_ Trade Settlement_ Monetary Summation. Balance Out. Amount,0,unbounded
CIRH_ Trade Settlement_ Monetary Summation. Adjusted_ Balance Out. Amount,0,unbounded
CIRH_ Trade Settlement_ Monetary Summation. Tax Total. Amount,0,1
CIRH_ Trade Settlement_ Monetary Summation. Including Taxes_ Line Total. Amount,0,1
CIRH_ Trade Settlement_ Monetary Summation. Grand Total. Amount,0,unbounded
CIRH_ Trade Settlement_ Monetary Summation. Net_ Line Total. Amount,0,unbounded
CIRH_ Trade Settlement_ Monetary Summation. Applicable. CIRH_ Specified_ Balance Out,0,unbounded
CIRH_ Trade Settlement_ Payment. Details,,
CIRH_ Trade Settlement_ Payment. End-To-End_ Identification. Identifier,0,1
CIRH_ Trade Settlement_ Payment. Instruction. Identifier,0,1
CIRH_ Trade Settlement_ Payment. Requested Execution. Date Time,0,1
CIRH_ Trade Settlement_ Payment. Closing Book_ Due. Date Time,0,1
CIRH_ Trade Settlement_ Payment. Specified. CIRH_ Supply Chain_ Trade Settlement,1,unbounded
CIRL_ Supply Chain_ Trade Agreement. Details,,
CIRL_ Supply Chain_ Trade Agreement. Buyer Order_ Referenced. CI_ Referenced_ Document,0,1
CIRL_ Supply Chain_ Trade Agreement. Order Price_ Product. CI_ Trade_ Price,0,1
CIRL_ Supply Chain_ Trade Agreement. Seller Order_ Referenced. CI_ Referenced_ Document,0,1
CIRL_ Supply Chain_ Trade Delivery. Details,,
CIRL_ Supply Chain_ Trade Delivery. Requested. Quantity,0,1
CIRL_ Supply Chain_ Trade Delivery. Agreed. Quantity,0,1
CIRL_ Supply Chain_ Trade Delivery. Billed. Quantity,0,1
CIRL_ Supply Chain_ Trade Delivery. Partial Delivery Allowed. Indicator,0,1
CIRL_ Supply Chain_ Trade Delivery. Quantity Calculation Method. Code,0,1
CIRL_ Supply Chain_ Trade Delivery. Per Package_ Unit. Quantity,0,1
CIRL_ Supply Chain_ Trade Delivery. Status. Code,0,1
CIRL_ Supply Chain_ Trade Delivery. Requested_ Delivery. CI_ Supply Chain_ Event,0,1
CIRL_ Supply Chain_ Trade Delivery. Actual_ Despatch. CI_ Supply Chain_ Event,0,1
CIRL_ Supply Chain_ Trade Delivery. Acceptance. CI_ Supply Chain_ Event,0,1
CIRL_ Supply Chain_ Trade Delivery. Ship To. CI_ Trade_ Party,0,1
CIRL_ Supply Chain_ Trade Line Item. Details,,
CIRL_ Supply Chain_ Trade Line Item. Associated. CIR_ Document Line_ Document,1,1
CIRL_ Supply Chain_ Trade Line Item. Specified. CIRL_ Supply Chain_ Trade Settlement,0,unbounded
CIRL_ Supply Chain_ Trade Line Item. Reference. CI_ Referenced_ Document,0,unbounded
CIRL_ Supply Chain_ Trade Settlement. Details,,
CIRL_ Supply Chain_ Trade Settlement. Invoice Issuer_ Reference. Text,0,1
CIRL_ Supply Chain_ Trade Settlement. Payer_ Reference. Text,0,1
CIRL_ Supply Chain_ Trade Settlement. Invoice. Date Time,0,1
CIRL_ Supply Chain_ Trade Settlement. Creditor Reference Type. Code,0,unbounded
CIRL_ Supply Chain_ Trade Settlement. Status. Code,0,1
CIRL_ Supply Chain_ Trade Settlement. Specified. CI_ Financial_ Adjustment,0,unbounded
CIRL_ Supply Chain_ Trade Settlement. Invoice_ Referenced. CI_ Referenced_ Document,0,1
CIRL_ Supply Chain_ Trade Settlement. Specified. CIRL_ Trade Settlement_ Monetary Summation,1,1
CIRL_ Supply Chain_ Trade Settlement. Associated. CIR_ Document Line_ Document,0,1
CIRL_ Supply Chain_ Trade Settlement. Referenced. CI_ Referenced_ Document,0,unbounded
CIRL_ Supply Chain_ Trade Settlement. Referenced. CIRL_ Supply Chain_ Trade Transaction,0,1
CIRL_ Supply Chain_ Trade Settlement. Applicable. CI_ Trade_ Tax,0,unbounded
CIRL_ Supply Chain_ Trade Transaction. Details,,
CIRL_ Supply Chain_ Trade Transaction. Applicable. CIRL_ Supply Chain_ Trade Agreement,0,1
CIRL_ Supply Chain_ Trade Transaction. Applicable. CIRL_ Supply Chain_ Trade Delivery,0,1
CIRL_ Supply Chain_ Trade Transaction. Included. CI_ Trade_ Product,0,1
CIRL_ Trade Settlement_ Monetary Summation. Details,,
CIRL_ Trade Settlement_ Monetary Summation. Due Payable. Amount,0,unbounded
CIRL_ Trade Settlement_ Monetary Summation. Payment Total. Amount,0,unbounded
CIRL_ Trade Settlement_ Monetary Summation. Tax Total. Amount,0,1
CIRL_ Trade Settlement_ Monetary Summation. Including Taxes_ Line Total. Amount,0,1
CIRL_ Trade Settlement_ Monetary Summation. Net_ Line Total. Amount,0,unbounded
CIRT_ Specified_ Balance Out. Details,,
CIRT_ Specified_ Balance Out. Identification. Identifier,0,1
CIRT_ Specified_ Balance Out. Description. Text,0,unbounded
CIRT_ Specified_ Balance Out. Reason. Code,0,1
CIRT_ Specified_ Balance Out. Reason Description. Text,0,unbounded
CIRT_ Specified_ Balance Out. Occurrence. Date Time,0,1
CIRT_ Specified_ Balance Out. Calculated. Amount,0,unbounded
CIRT_ Specified_ Balance Out. Breakdown. CIRT_ Specified_ Balance Out,0,unbounded
CIRT_ Supply Chain_ Trade Agreement. Details,,
CIRT_ Supply Chain_ Trade Agreement. Buyer. CI_ Trade_ Party,0,1
CIRT_ Supply Chain_ Trade Agreement. Seller. CI_ Trade_ Party,0,1
CIRT_ Supply Chain_ Trade Agreement. Buyer Order_ Referenced. CI_ Referenced_ Document,0,1
CIRT_ Supply Chain_ Trade Agreement. Seller Order_ Referenced. CI_ Referenced_ Document,0,1
CIRT_ Supply Chain_ Trade Agreement. Applicable. CI_ Trade_ Delivery Terms,0,1
CIRT_ Supply Chain_ Trade Agreement. Agreed Price_ Product. CI_ Trade_ Price,0,1
CIRT_ Supply Chain_ Trade Delivery. Details,,
CIRT_ Supply Chain_ Trade Delivery. Partial Delivery Allowed. Indicator,0,1
CIRT_ Supply Chain_ Trade Delivery. Quantity Calculation Method. Code,0,1
CIRT_ Supply Chain_ Trade Delivery. Ship To. CI_ Trade_ Party,0,1
CIRT_ Supply Chain_ Trade Delivery. Actual_ Despatch. CI_ Supply Chain_ Event,0,1
CIRT_ Supply Chain_ Trade Delivery. Acceptance. CI_ Supply Chain_ Event,0,1
CIRT_ Supply Chain_ Trade Delivery. Included. CI_ Supply Chain_ Packaging,0,unbounded
CIRT_ Supply Chain_ Trade Delivery. Utilized. CI_ Logistics_ Transport Equipment,0,unbounded
CIRT_ Supply Chain_ Trade Settlement. Details,,
CIRT_ Supply Chain_ Trade Settlement. Payment_ Currency. Code,0,1
CIRT_ Supply Chain_ Trade Settlement. Invoice Issuer_ Reference. Text,0,1
CIRT_ Supply Chain_ Trade Settlement. Payer_ Reference. Text,0,1
CIRT_ Supply Chain_ Trade Settlement. Closing Book_ Due. Date Time,0,1
CIRT_ Supply Chain_ Trade Settlement. Scheduled_ Payment. Date Time,0,1
CIRT_ Supply Chain_ Trade Settlement. Invoice. Date Time,0,1
CIRT_ Supply Chain_ Trade Settlement. Creditor Reference Type. Code,0,unbounded
CIRT_ Supply Chain_ Trade Settlement. Invoicee. CI_ Trade_ Party,0,1
CIRT_ Supply Chain_ Trade Settlement. Invoicer. CI_ Trade_ Party,0,1
CIRT_ Supply Chain_ Trade Settlement. Specified. CI_ Financial_ Adjustment,0,unbounded
CIRT_ Supply Chain_ Trade Settlement. Payment_ Applicable. CI_ Trade_ Currency Exchange,0,1
CIRT_ Supply Chain_ Trade Settlement. Invoice_ Referenced. CI_ Referenced_ Document,0,1
CIRT_ Supply Chain_ Trade Settlement. Specified. CIRT_ Trade Settlement_ Monetary Summation,1,1
CIRT_ Supply Chain_ Trade Settlement. Applicable. CI_ Trade_ Tax,0,unbounded
CIRT_ Supply Chain_ Trade Settlement. Specified. CI_ Trade_ Allowance Charge,0,unbounded
CIRT_ Supply Chain_ Trade Transaction. Details,,
CIRT_ Supply Chain_ Trade Transaction. Associated. CIR_ Document Line_ Document,1,1
CIRT_ Supply Chain_ Trade Transaction. Applicable. CIRT_ Supply Chain_ Trade Agreement,0,1
CIRT_ Supply Chain_ Trade Transaction. Applicable. CIRT_ Supply Chain_ Trade Settlement,0,1
CIRT_ Supply Chain_ Trade Transaction. Included. CIRL_ Supply Chain_ Trade Line Item,0,unbounded
CIRT_ Supply Chain_ Trade Transaction. Associated. CI_ Referenced_ Document,0,unbounded
CIRT_ Supply Chain_ Trade Transaction. Applicable. CIRT_ Supply Chain_ Trade Delivery,0,unbounded
CIRT_ Supply Chain_ Trade Transaction. Included. CI_ Trade_ Product,0,unbounded
CIRT_ Supply Chain_ Trade Transaction. Included. CI_ Note,0,unbounded
CIRT_ Trade Settlement_ Monetary Summation. Details,,
CIRT_ Trade Settlement_ Monetary Summation. Due Payable. Amount,0,unbounded
CIRT_ Trade Settlement_ Monetary Summation. Grand Total. Amount,0,unbounded
CIRT_ Trade Settlement_ Monetary Summation. Payment Total. Amount,0,unbounded
CIRT_ Trade Settlement_ Monetary Summation. Total Discount. Amount,0,unbounded
CIRT_ Trade Settlement_ Monetary Summation. Total Discount Basis. Amount,0,unbounded
CIRT_ Trade Settlement_ Monetary Summation. Balance Out. Amount,0,unbounded
CIRT_ Trade Settlement_ Monetary Summation. Adjusted_ Balance Out. Amount,0,unbounded
CIRT_ Trade Settlement_ Monetary Summation. Tax Total. Amount,0,1
CIRT_ Trade Settlement_ Monetary Summation. Including Taxes_ Line Total. Amount,0,1
CIRT_ Trade Settlement_ Monetary Summation. Net_ Line Total. Amount,0,unbounded
CIRT_ Trade Settlement_ Monetary Summation. Applicable. CIRT_ Specified_ Balance Out,0,unbounded
CIR_ Document Line_ Document. Details,,
CIR_ Document Line_ Document. UUID_ Line. Identifier,0,1
CIR_ Document Line_ Document. Line. Identifier,0,1
CIR_ Document Line_ Document. Line Status. Code,0,1
CIR_ Document Line_ Document. Line Status Reason. Code,0,1
CIR_ Document Line_ Document. Subordinate Line. Identifier,0,unbounded
CIR_ Document Line_ Document. Category. Code,0,1
CIR_ Document Line_ Document. Included. CI_ Note,0,unbounded
CIR_ Exchanged_ Document. Details,,
CIR_ Exchanged_ Document. Global_ Identification. Identifier,0,1
CIR_ Exchanged_ Document. Previous Revision_ Identification. Identifier,0,1
CIR_ Exchanged_ Document. Revision_ Identification. Identifier,0,1
CIR_ Exchanged_ Document. Version_ Identification. Identifier,0,1
CIR_ Exchanged_ Document. Identification. Identifier,0,1
CIR_ Exchanged_ Document. Language. Identifier,0,unbounded
CIR_ Exchanged_ Document. Purpose. Code,0,1
CIR_ Exchanged_ Document. Type. Code,0,1
CIR_ Exchanged_ Document. Issue. Date Time,0,1
CIR_ Exchanged_ Document. Revision. Date Time,0,1
CIR_ Exchanged_ Document. Name. Text,0,1
CIR_ Exchanged_ Document. Purpose. Text,0,1
CIR_ Exchanged_ Document. Copy. Indicator,0,1
CIR_ Exchanged_ Document. First Version Issue. Date Time,0,1
CIR_ Exchanged_ Document. Effective. CI_ Specified_ Period,0,1
CIR_ Exchanged_ Document. Included. CI_ Note,0,unbounded
CISCRL_ Supply Chain_ Trade Delivery. Details,,
CISCRL_ Supply Chain_ Trade Delivery. Agreed. Quantity,0,1
CISCRL_ Supply Chain_ Trade Delivery. Billed. Quantity,0,1
CISCRL_ Supply Chain_ Trade Delivery. Charge Free. Quantity,0,1
CISCRL_ Supply Chain_ Trade Delivery. Chargeable Weight. Measure,0,1
CISCRL_ Supply Chain_ Trade Delivery. Status. Code,0,1
CISCRL_ Supply Chain_ Trade Delivery. Despatched. Quantity,0,1
CISCRL_ Supply Chain_ Trade Delivery. Due In_ Available. Quantity,0,1
CISCRL_ Supply Chain_ Trade Delivery. Due In_ Forecasted. Quantity,0,1
CISCRL_ Supply Chain_ Trade Delivery. Due In_ Requested. Quantity,0,1
CISCRL_ Supply Chain_ Trade Delivery. Due In_ Returned. Quantity,0,1
CISCRL_ Supply Chain_ Trade Delivery. Economic_ Order. Quantity,0,1
CISCRL_ Supply Chain_ Trade Delivery. Final Delivery. Indicator,0,1
CISCRL_ Supply Chain_ Trade Delivery. Fully Delivered. Indicator,0,1
CISCRL_ Supply Chain_ Trade Delivery. GFM Transfer_ Rejected. Quantity,0,1
CISCRL_ Supply Chain_ Trade Delivery. Gross Volume. Measure,0,1
CISCRL_ Supply Chain_ Trade Delivery. Gross Weight. Measure,0,1
CISCRL_ Supply Chain_ Trade Delivery. Individual_ Package. Quantity,0,1
CISCRL_ Supply Chain_ Trade Delivery. Modification_ Forecasted. Quantity,0,1
CISCRL_ Supply Chain_ Trade Delivery. Net Volume. Measure,0,1
CISCRL_ Supply Chain_ Trade Delivery. Net Weight. Measure,0,1
CISCRL_ Supply Chain_ Trade Delivery. Over Delivery Allowed. Indicator,0,1
CISCRL_ Supply Chain_ Trade Delivery. Package. Quantity,0,1
CISCRL_ Supply Chain_ Trade Delivery. Partial Delivery Allowed. Indicator,0,1
CISCRL_ Supply Chain_ Trade Delivery. Per Package_ Unit. Quantity,0,1
CISCRL_ Supply Chain_ Trade Delivery. Product_ Unit. Quantity,0,1
CISCRL_ Supply Chain_ Trade Delivery. Received. Quantity,0,1
CISCRL_ Supply Chain_ Trade Delivery. Remaining_ Requested. Quantity,0,1
CISCRL_ Supply Chain_ Trade Delivery. Requested. Quantity,0,1
CISCRL_ Supply Chain_ Trade Delivery. Reverse_ Billed. Quantity,0,1
CISCRL_ Supply Chain_ Trade Delivery. Theoretical Weight. Measure,0,1
CISCRL_ Supply Chain_ Trade Delivery. Turn In_ Received. Quantity,0,1
CISCRL_ Supply Chain_ Trade Delivery. Formatted_ Ultimate Ship To Delivery. Date Time,0,1
CISCRL_ Supply Chain_ Trade Delivery. Formatted_ Pick-Up Availability. Date Time,0,1
CISCRL_ Supply Chain_ Trade Delivery. Final Destination. CI_ Trade_ Country,0,1
CISCRL_ Supply Chain_ Trade Delivery. Information. CI_ Note,0,unbounded
CISCRL_ Supply Chain_ Trade Delivery. Available. CI_ Supply Chain_ Inventory,0,unbounded
CISCRL_ Supply Chain_ Trade Delivery. Consignment. CI_ Supply Chain_ Inventory,0,unbounded
CISCRL_ Supply Chain_ Trade Delivery. Customer. CI_ Supply Chain_ Inventory,0,unbounded
CISCRL_ Supply Chain_ Trade Delivery. Receiving Advice_ Referenced. CI_ Referenced_ Document,0,unbounded
CISCRL_ Supply Chain_ Trade Delivery. Delivery Note_ Referenced. CI_ Referenced_ Document,0,1
CISCRL_ Supply Chain_ Trade Delivery. Additional_ Referenced. CI_ Referenced_ Document,0,unbounded
CISCRL_ Supply Chain_ Trade Delivery. Despatch Advice_ Referenced. CI_ Referenced_ Document,0,1
CISCRL_ Supply Chain_ Trade Delivery. Ship To. CI_ Trade_ Party,0,1
CISCRL_ Supply Chain_ Trade Delivery. Ship From. CI_ Trade_ Party,0,1
CISCRL_ Supply Chain_ Trade Delivery. Ultimate_ Ship To. CI_ Trade_ Party,0,1
CISCRL_ Supply Chain_ Trade Delivery. Logistics Service Provider. CI_ Trade_ Party,0,unbounded
CISCRL_ Supply Chain_ Trade Delivery. Inventory Manager. CI_ Trade_ Party,0,unbounded
CISCRL_ Supply Chain_ Trade Delivery. Included. CI_ Supply Chain_ Packaging,0,unbounded
CISCRL_ Supply Chain_ Trade Delivery. Consumption. CI_ Supply Chain_ Schedule,0,unbounded
CISCRL_ Supply Chain_ Trade Delivery. Delivery. CI_ Supply Chain_ Schedule,0,unbounded
CISCRL_ Supply Chain_ Trade Delivery. Despatch. CI_ Supply Chain_ Schedule,0,unbounded
CISCRL_ Supply Chain_ Trade Delivery. Order. CI_ Supply Chain_ Schedule,0,unbounded
CISCRL_ Supply Chain_ Trade Delivery. Receipt. CI_ Supply Chain_ Schedule,0,unbounded
CISCRL_ Supply Chain_ Trade Delivery. Specified. CI_ Supply Chain_ Schedule,0,unbounded
CISCRL_ Supply Chain_ Trade Delivery. Supply_ Specified. CI_ Supply Chain_ Schedule,0,unbounded
CISCRL_ Supply Chain_ Trade Line Item. Details,,
CISCRL_ Supply Chain_ Trade Line Item. Additional_ Identification. Identifier,0,unbounded
CISCRL_ Supply Chain_ Trade Line Item. Barcode_ Identification. Identifier,0,unbounded
CISCRL_ Supply Chain_ Trade Line Item. Identification. Identifier,0,1
CISCRL_ Supply Chain_ Trade Line Item. Type. Code,0,1
CISCRL_ Supply Chain_ Trade Line Item. Type Extension. Code,0,1
CISCRL_ Supply Chain_ Trade Line Item. Specified. CISCRL_ Supply Chain_ Trade Delivery,0,1
CISCRL_ Supply Chain_ Trade Line Item. Associated. CI_ Document Line_ Document,1,1
CISCRL_ Supply Chain_ Trade Line Item. Specified. CIS_ Supply Chain_ Trade Agreement,0,1
CISCRL_ Supply Chain_ Trade Line Item. Specified. CI_ Trade_ Product,0,unbounded
CISCRL_ Supply Chain_ Trade Line Item. Referenced. CIS_ Logistics_ Package,0,unbounded
CISCR_ Supply Chain_ Trade Transaction. Details,,
CISCR_ Supply Chain_ Trade Transaction. Identification. Identifier,0,unbounded
CISCR_ Supply Chain_ Trade Transaction. Sales Agent Assigned_ Identification. Identifier,0,1
CISCR_ Supply Chain_ Trade Transaction. Type. Code,0,1
CISCR_ Supply Chain_ Trade Transaction. Information. Text,0,unbounded
CISCR_ Supply Chain_ Trade Transaction. Line Item. Quantity,0,1
CISCR_ Supply Chain_ Trade Transaction. Applicable. CIS_ Supply Chain_ Trade Agreement,1,1
CISCR_ Supply Chain_ Trade Transaction. Applicable. CISH_ Supply Chain_ Trade Delivery,1,1
CISCR_ Supply Chain_ Trade Transaction. Applicable. CISH_ Supply Chain_ Trade Settlement,0,1
CISCR_ Supply Chain_ Trade Transaction. Included. CISCRL_ Supply Chain_ Trade Line Item,0,unbounded
CISDFL_ Supply Chain_ Trade Delivery. Details,,
CISDFL_ Supply Chain_ Trade Delivery. Partial Delivery Allowed. Indicator,0,1
CISDFL_ Supply Chain_ Trade Delivery. Agreed. Quantity,0,1
CISDFL_ Supply Chain_ Trade Delivery. Latest_ Despatched. Quantity,0,1
CISDFL_ Supply Chain_ Trade Delivery. Remaining_ Requested. Quantity,0,1
CISDFL_ Supply Chain_ Trade Delivery. Requested. Quantity,0,1
CISDFL_ Supply Chain_ Trade Delivery. Per Package_ Unit. Quantity,0,1
CISDFL_ Supply Chain_ Trade Delivery. Ship From. CI_ Trade_ Party,0,1
CISDFL_ Supply Chain_ Trade Delivery. Ship To. CI_ Trade_ Party,0,1
CISDFL_ Supply Chain_ Trade Delivery. Final Destination. CI_ Trade_ Country,0,1
CISDFL_ Supply Chain_ Trade Delivery. Additional_ Referenced. CI_ Referenced_ Document,0,unbounded
CISDFL_ Supply Chain_ Trade Delivery. Despatch Advice_ Referenced. CI_ Referenced_ Document,0,1
CISDFL_ Supply Chain_ Trade Delivery. Receiving Advice_ Referenced. CI_ Referenced_ Document,0,unbounded
CISDFL_ Supply Chain_ Trade Delivery. Projected. CI_ Supply Chain_ Supply Plan,0,unbounded
CISDFL_ Supply Chain_ Trade Delivery. Related. CI_ Supply Chain_ Consignment,0,unbounded
CISDFL_ Supply Chain_ Trade Delivery. Logistics. Referenced_ Logistics_ Package,0,unbounded
CISDFL_ Supply Chain_ Trade Delivery. Handling. CI_ Handling_ Instructions,0,unbounded
CISDFL_ Supply Chain_ Trade Delivery. Planned Ship To_ Delivery. CI_ Supply Chain_ Event,0,1
CISDFL_ Supply Chain_ Trade Line Item. Details,,
CISDFL_ Supply Chain_ Trade Line Item. Associated. CIS_ Document Line_ Document,1,1
CISDFL_ Supply Chain_ Trade Line Item. Specified. CIS_ Supply Chain_ Trade Agreement,0,1
CISDFL_ Supply Chain_ Trade Line Item. Specified. CISDFL_ Supply Chain_ Trade Delivery,0,1
CISDFL_ Supply Chain_ Trade Line Item. Specified. CI_ Trade_ Product,1,1
CISDFL_ Supply Chain_ Trade Line Item. Substituted. CI_ Referenced_ Product,0,1
CISDFL_ Supply Chain_ Trade Line Item. Substitute_ Applicable. CI_ Referenced_ Product,0,unbounded
CISDFL_ Supply Chain_ Trade Line Item. Specified. CIS_ Supply Chain_ Trade Settlement,0,1
CISDFL_ Supply Chain_ Trade Line Item. Requisitioner_ Specified. CI_ Trade_ Product,0,1
CISDF_ Supply Chain_ Trade Transaction. Details,,
CISDF_ Supply Chain_ Trade Transaction. Applicable. CIS_ Supply Chain_ Trade Agreement,1,1
CISDF_ Supply Chain_ Trade Transaction. Applicable. CISH_ Supply Chain_ Trade Delivery,1,1
CISDF_ Supply Chain_ Trade Transaction. Included. CISDFL_ Supply Chain_ Trade Line Item,0,unbounded
CISDRL_ Supply Chain_ Trade Line Item. Details,,
CISDRL_ Supply Chain_ Trade Line Item. Associated. CIS_ Document Line_ Document,1,1
CISDRL_ Supply Chain_ Trade Line Item. Specified. CIS_ Supply Chain_ Trade Agreement,0,1
CISDRL_ Supply Chain_ Trade Line Item. Specified. CISDFL_ Supply Chain_ Trade Delivery,0,1
CISDRL_ Supply Chain_ Trade Line Item. Specified. CI_ Trade_ Product,1,1
CISDRL_ Supply Chain_ Trade Line Item. Substituted. CI_ Referenced_ Product,0,1
CISDRL_ Supply Chain_ Trade Line Item. Substitute_ Applicable. CI_ Referenced_ Product,0,unbounded
CISDR_ Supply Chain_ Trade Transaction. Details,,
CISDR_ Supply Chain_ Trade Transaction. Applicable. CIS_ Supply Chain_ Trade Agreement,1,1
CISDR_ Supply Chain_ Trade Transaction. Applicable. CISH_ Supply Chain_ Trade Delivery,1,1
CISDR_ Supply Chain_ Trade Transaction. Included. CISDRL_ Supply Chain_ Trade Line Item,0,unbounded
CISH_ Supply Chain_ Trade Delivery. Details,,
CISH_ Supply Chain_ Trade Delivery. Partial Delivery Allowed. Indicator,0,1
CISH_ Supply Chain_ Trade Delivery. Agreed. Quantity,0,1
CISH_ Supply Chain_ Trade Delivery. Due In_ Available. Quantity,0,1
CISH_ Supply Chain_ Trade Delivery. Despatched. Quantity,0,1
CISH_ Supply Chain_ Trade Delivery. Due In_ Forecasted. Quantity,0,1
CISH_ Supply Chain_ Trade Delivery. Modification_ Forecasted. Quantity,0,1
CISH_ Supply Chain_ Trade Delivery. Due In_ Requested. Quantity,0,1
CISH_ Supply Chain_ Trade Delivery. Remaining_ Requested. Quantity,0,1
CISH_ Supply Chain_ Trade Delivery. Requested. Quantity,0,1
CISH_ Supply Chain_ Trade Delivery. Inventory Manager. CI_ Trade_ Party,0,1
CISH_ Supply Chain_ Trade Delivery. Ship From. CI_ Trade_ Party,0,1
CISH_ Supply Chain_ Trade Delivery. Ultimate_ Ship To. CI_ Trade_ Party,0,1
CISH_ Supply Chain_ Trade Delivery. Ship To. CI_ Trade_ Party,0,1
CISH_ Supply Chain_ Trade Delivery. Ultimate Ship To_ Delivery. CI_ Supply Chain_ Event,0,1
CISH_ Supply Chain_ Trade Delivery. Additional_ Referenced. CI_ Referenced_ Document,0,unbounded
CISH_ Supply Chain_ Trade Delivery. Delivery Note_ Referenced. CI_ Referenced_ Document,0,1
CISH_ Supply Chain_ Trade Delivery. Despatch Advice_ Referenced. CI_ Referenced_ Document,0,1
CISH_ Supply Chain_ Trade Delivery. Receiving Advice_ Referenced. CI_ Referenced_ Document,0,unbounded
CISH_ Supply Chain_ Trade Delivery. Shipment Schedule_ Referenced. CI_ Referenced_ Document,0,1
CISH_ Supply Chain_ Trade Delivery. Delivery. CI_ Delivery_ Instructions,0,unbounded
CISH_ Supply Chain_ Trade Delivery. Planned Ship From_ Delivery. CI_ Supply Chain_ Event,0,1
CISH_ Supply Chain_ Trade Delivery. Planned Ship To_ Delivery. CI_ Supply Chain_ Event,0,1
CISH_ Supply Chain_ Trade Settlement. Details,,
CISH_ Supply Chain_ Trade Settlement. Description. Text,0,unbounded
CISH_ Supply Chain_ Trade Settlement. Discount. Indicator,0,1
CISH_ Supply Chain_ Trade Settlement. Invoice_ Currency. Code,0,1
CISH_ Supply Chain_ Trade Settlement. Order_ Currency. Code,0,1
CISH_ Supply Chain_ Trade Settlement. Total Invoice. Amount,0,1
CISH_ Supply Chain_ Trade Settlement. Total_ Adjustment. Amount,0,1
CISH_ Supply Chain_ Trade Settlement. Specified. CISH_ Trade Settlement_ Monetary Summation,0,1
CISH_ Trade Settlement_ Monetary Summation. Details,,
CISH_ Trade Settlement_ Monetary Summation. Excluding Taxes_ Line Total. Amount,0,1
CISH_ Trade Settlement_ Monetary Summation. Including Taxes_ Line Total. Amount,0,1
CISH_ Trade Settlement_ Monetary Summation. Total Allowance Charge. Amount,0,1
CISH_ Trade Settlement_ Monetary Summation. Total Discount. Amount,0,1
CISH_ Trade Settlement_ Monetary Summation. Tax Total. Amount,0,1
CISH_ Trade Settlement_ Monetary Summation. Tax Basis Total. Amount,0,1
CISIFL_ Supply Chain_ Trade Delivery. Details,,
CISIFL_ Supply Chain_ Trade Delivery. Partial Delivery Allowed. Indicator,0,1
CISIFL_ Supply Chain_ Trade Delivery. Agreed. Quantity,0,1
CISIFL_ Supply Chain_ Trade Delivery. Latest_ Despatched. Quantity,0,1
CISIFL_ Supply Chain_ Trade Delivery. Remaining_ Requested. Quantity,0,1
CISIFL_ Supply Chain_ Trade Delivery. Requested. Quantity,0,1
CISIFL_ Supply Chain_ Trade Delivery. Available. Quantity,0,unbounded
CISIFL_ Supply Chain_ Trade Delivery. Ship From. CI_ Trade_ Party,0,1
CISIFL_ Supply Chain_ Trade Delivery. Ship To. CI_ Trade_ Party,0,1
CISIFL_ Supply Chain_ Trade Delivery. Final Destination. CI_ Trade_ Country,0,1
CISIFL_ Supply Chain_ Trade Delivery. Additional_ Referenced. CI_ Referenced_ Document,0,unbounded
CISIFL_ Supply Chain_ Trade Delivery. Despatch Advice_ Referenced. CI_ Referenced_ Document,0,1
CISIFL_ Supply Chain_ Trade Delivery. Receiving Advice_ Referenced. CI_ Referenced_ Document,0,unbounded
CISIFL_ Supply Chain_ Trade Delivery. Available. CI_ Supply Chain_ Inventory,0,unbounded
CISIFL_ Supply Chain_ Trade Delivery. Projected. CI_ Supply Chain_ Supply Plan,0,unbounded
CISIFL_ Supply Chain_ Trade Line Item. Details,,
CISIFL_ Supply Chain_ Trade Line Item. Associated. CIS_ Document Line_ Document,1,1
CISIFL_ Supply Chain_ Trade Line Item. Specified. CIS_ Supply Chain_ Trade Agreement,0,1
CISIFL_ Supply Chain_ Trade Line Item. Specified. CISIFL_ Supply Chain_ Trade Delivery,0,1
CISIFL_ Supply Chain_ Trade Line Item. Specified. CI_ Trade_ Product,1,1
CISIFL_ Supply Chain_ Trade Line Item. Substituted. CI_ Referenced_ Product,0,1
CISIFL_ Supply Chain_ Trade Line Item. Substitute_ Applicable. CI_ Referenced_ Product,0,unbounded
CISIF_ Supply Chain_ Trade Transaction. Details,,
CISIF_ Supply Chain_ Trade Transaction. Applicable. CIS_ Supply Chain_ Trade Agreement,1,1
CISIF_ Supply Chain_ Trade Transaction. Applicable. CISH_ Supply Chain_ Trade Delivery,1,1
CISIF_ Supply Chain_ Trade Transaction. Included. CISIFL_ Supply Chain_ Trade Line Item,0,unbounded
CISSIL_ Supply Chain_ Trade Delivery. Details,,
CISSIL_ Supply Chain_ Trade Delivery. Final Delivery. Indicator,0,1
CISSIL_ Supply Chain_ Trade Delivery. Partial Delivery Allowed. Indicator,0,1
CISSIL_ Supply Chain_ Trade Delivery. Agreed. Quantity,0,1
CISSIL_ Supply Chain_ Trade Delivery. Latest_ Despatched. Quantity,0,1
CISSIL_ Supply Chain_ Trade Delivery. Remaining_ Requested. Quantity,0,1
CISSIL_ Supply Chain_ Trade Delivery. Requested. Quantity,0,1
CISSIL_ Supply Chain_ Trade Delivery. Per Package_ Unit. Quantity,0,1
CISSIL_ Supply Chain_ Trade Delivery. Ship From. CI_ Trade_ Party,0,1
CISSIL_ Supply Chain_ Trade Delivery. Ship To. CI_ Trade_ Party,0,1
CISSIL_ Supply Chain_ Trade Delivery. Requested_ Delivery. CI_ Supply Chain_ Event,0,unbounded
CISSIL_ Supply Chain_ Trade Delivery. Requested_ Despatch. CI_ Supply Chain_ Event,0,unbounded
CISSIL_ Supply Chain_ Trade Delivery. Specified. CI_ Delivery_ Adjustment,0,unbounded
CISSIL_ Supply Chain_ Trade Delivery. Final Destination. CI_ Trade_ Country,0,1
CISSIL_ Supply Chain_ Trade Delivery. Additional_ Referenced. CI_ Referenced_ Document,0,unbounded
CISSIL_ Supply Chain_ Trade Delivery. Despatch Advice_ Referenced. CI_ Referenced_ Document,0,1
CISSIL_ Supply Chain_ Trade Delivery. Receiving Advice_ Referenced. CI_ Referenced_ Document,0,unbounded
CISSIL_ Supply Chain_ Trade Delivery. Delivery Note_ Referenced. CI_ Referenced_ Document,0,1
CISSIL_ Supply Chain_ Trade Delivery. Used. CI_ Logistics_ Label,0,unbounded
CISSIL_ Supply Chain_ Trade Delivery. Handling. CI_ Handling_ Instructions,0,unbounded
CISSIL_ Supply Chain_ Trade Delivery. Related. CI_ Supply Chain_ Consignment,0,unbounded
CISSIL_ Supply Chain_ Trade Line Item. Details,,
CISSIL_ Supply Chain_ Trade Line Item. Associated. CIS_ Document Line_ Document,1,1
CISSIL_ Supply Chain_ Trade Line Item. Specified. CIS_ Supply Chain_ Trade Agreement,0,1
CISSIL_ Supply Chain_ Trade Line Item. Specified. CISSIL_ Supply Chain_ Trade Delivery,0,1
CISSIL_ Supply Chain_ Trade Line Item. Specified. CI_ Trade_ Product,1,1
CISSIL_ Supply Chain_ Trade Line Item. Substituted. CI_ Referenced_ Product,0,1
CISSIL_ Supply Chain_ Trade Line Item. Substitute_ Applicable. CI_ Referenced_ Product,0,unbounded
CISSIL_ Supply Chain_ Trade Line Item. Specified. CIS_ Supply Chain_ Trade Settlement,0,1
CISSIL_ Supply Chain_ Trade Line Item. Physical. Referenced_ Logistics_ Package,0,unbounded
CISSIL_ Supply Chain_ Trade Line Item. Requisitioner_ Specified. CI_ Trade_ Product,0,1
CISSI_ Supply Chain_ Trade Transaction. Details,,
CISSI_ Supply Chain_ Trade Transaction. Applicable. CIS_ Supply Chain_ Trade Agreement,1,1
CISSI_ Supply Chain_ Trade Transaction. Applicable. CISH_ Supply Chain_ Trade Delivery,1,1
CISSI_ Supply Chain_ Trade Transaction. Included. CISSIL_ Supply Chain_ Trade Line Item,0,unbounded
CISSI_ Supply Chain_ Trade Transaction. Applicable. CIS_ Supply Chain_ Trade Settlement,0,1
CISSNL_ Supply Chain_ Trade Delivery. Details,,
CISSNL_ Supply Chain_ Trade Delivery. Final Delivery. Indicator,0,1
CISSNL_ Supply Chain_ Trade Delivery. Gross Volume. Measure,0,1
CISSNL_ Supply Chain_ Trade Delivery. Gross Weight. Measure,0,1
CISSNL_ Supply Chain_ Trade Delivery. Net Volume. Measure,0,1
CISSNL_ Supply Chain_ Trade Delivery. Net Weight. Measure,0,1
CISSNL_ Supply Chain_ Trade Delivery. Agreed. Quantity,0,1
CISSNL_ Supply Chain_ Trade Delivery. Latest_ Despatched. Quantity,0,1
CISSNL_ Supply Chain_ Trade Delivery. Ship From. CI_ Trade_ Party,0,1
CISSNL_ Supply Chain_ Trade Delivery. Ship To. CI_ Trade_ Party,0,1
CISSNL_ Supply Chain_ Trade Delivery. Actual_ Delivery. CI_ Supply Chain_ Event,0,unbounded
CISSNL_ Supply Chain_ Trade Delivery. Planned_ Delivery. CI_ Supply Chain_ Event,0,unbounded
CISSNL_ Supply Chain_ Trade Delivery. Actual_ Despatch. CI_ Supply Chain_ Event,0,unbounded
CISSNL_ Supply Chain_ Trade Delivery. Planned_ Despatch. CI_ Supply Chain_ Event,0,unbounded
CISSNL_ Supply Chain_ Trade Delivery. Specified. CI_ Delivery_ Adjustment,0,unbounded
CISSNL_ Supply Chain_ Trade Delivery. Additional_ Referenced. CI_ Referenced_ Document,0,unbounded
CISSNL_ Supply Chain_ Trade Delivery. Despatch Advice_ Referenced. CI_ Referenced_ Document,0,1
CISSNL_ Supply Chain_ Trade Delivery. Receiving Advice_ Referenced. CI_ Referenced_ Document,0,unbounded
CISSNL_ Supply Chain_ Trade Line Item. Details,,
CISSNL_ Supply Chain_ Trade Line Item. Associated. CIS_ Document Line_ Document,1,1
CISSNL_ Supply Chain_ Trade Line Item. Specified. CIS_ Supply Chain_ Trade Agreement,0,1
CISSNL_ Supply Chain_ Trade Line Item. Specified. CISSNL_ Supply Chain_ Trade Delivery,0,1
CISSNL_ Supply Chain_ Trade Line Item. Specified. CI_ Trade_ Product,1,1
CISSNL_ Supply Chain_ Trade Line Item. Substituted. CI_ Referenced_ Product,0,1
CISSNL_ Supply Chain_ Trade Line Item. Substitute_ Applicable. CI_ Referenced_ Product,0,unbounded
CISSN_ Supply Chain_ Trade Transaction. Details,,
CISSN_ Supply Chain_ Trade Transaction. Applicable. CIS_ Supply Chain_ Trade Agreement,1,1
CISSN_ Supply Chain_ Trade Transaction. Applicable. CISH_ Supply Chain_ Trade Delivery,1,1
CISSN_ Supply Chain_ Trade Transaction. Included. CISSNL_ Supply Chain_ Trade Line Item,0,unbounded
CIS_ Document Line_ Document. Details,,
CIS_ Document Line_ Document. Line. Identifier,0,1
CIS_ Document Line_ Document. Line Status. Code,0,1
CIS_ Document Line_ Document. Line Status Reason. Code,0,1
CIS_ Document Line_ Document. Latest_ Revision. Date Time,0,1
CIS_ Document Line_ Document. Identification. Identifier,0,1
CIS_ Document Line_ Document. Included. CI_ Note,0,unbounded
CIS_ Exchanged_ Document. Details,,
CIS_ Exchanged_ Document. Global_ Identification. Identifier,0,1
CIS_ Exchanged_ Document. Previous Revision_ Identification. Identifier,0,1
CIS_ Exchanged_ Document. Revision_ Identification. Identifier,0,1
CIS_ Exchanged_ Document. Version_ Identification. Identifier,0,1
CIS_ Exchanged_ Document. Identification. Identifier,0,1
CIS_ Exchanged_ Document. Language. Identifier,0,unbounded
CIS_ Exchanged_ Document. Amendment_ Purpose. Code,0,1
CIS_ Exchanged_ Document. Purpose. Code,0,1
CIS_ Exchanged_ Document. Requested_ Response Type. Code,0,unbounded
CIS_ Exchanged_ Document. Status. Code,0,1
CIS_ Exchanged_ Document. Type. Code,0,1
CIS_ Exchanged_ Document. Cancellation. Date Time,0,1
CIS_ Exchanged_ Document. Issue. Date Time,0,1
CIS_ Exchanged_ Document. Revision. Date Time,0,1
CIS_ Exchanged_ Document. Purpose. Text,0,1
CIS_ Exchanged_ Document. Copy. Indicator,0,1
CIS_ Exchanged_ Document. Line Count. Numeric,0,1
CIS_ Exchanged_ Document. Name. Text,0,1
CIS_ Exchanged_ Document. Acceptance. Date Time,0,1
CIS_ Exchanged_ Document. Category. Code,0,1
CIS_ Exchanged_ Document. Information. Text,0,unbounded
CIS_ Exchanged_ Document. Line_ Item. Quantity,0,1
CIS_ Exchanged_ Document. Rejection_ Response. Date Time,0,unbounded
CIS_ Exchanged_ Document. Remarks. Text,0,unbounded
CIS_ Exchanged_ Document. Response. Date Time,0,unbounded
CIS_ Exchanged_ Document. Response Reason. Code,0,unbounded
CIS_ Exchanged_ Document. Submission. Date Time,0,1
CIS_ Exchanged_ Document. Urgency. Code,0,1
CIS_ Exchanged_ Document. Issuer. CI_ Trade_ Party,0,1
CIS_ Exchanged_ Document. Attached. Specified_ Binary File,0,unbounded
CIS_ Exchanged_ Document. Included. CI_ Note,0,unbounded
CIS_ Exchanged_ Document. Effective. CI_ Specified_ Period,0,1
CIS_ Exchanged_ Document. Buyer_ Signatory. CI_ Document_ Authentication,0,1
CIS_ Exchanged_ Document. Approver_ Signatory. CI_ Document_ Authentication,0,1
CIS_ Logistics_ Package. Details,,
CIS_ Logistics_ Package. Item. Quantity,0,1
CIS_ Logistics_ Package. Gross Weight. Measure,0,1
CIS_ Logistics_ Package. Nominal_ Gross Weight. Measure,0,1
CIS_ Logistics_ Package. Net Weight. Measure,0,1
CIS_ Logistics_ Package. Gross Volume. Measure,0,1
CIS_ Logistics_ Package. Nominal_ Gross Volume. Measure,0,1
CIS_ Logistics_ Package. Level. Code,0,1
CIS_ Logistics_ Package. Type. Code,0,1
CIS_ Logistics_ Package. Type. Text,0,1
CIS_ Logistics_ Package. Sequence. Numeric,0,1
CIS_ Logistics_ Package. Identification. Identifier,0,1
CIS_ Logistics_ Package. Parent_ Identification. Identifier,0,1
CIS_ Logistics_ Package. Global_ Identification. Identifier,0,1
CIS_ Logistics_ Package. Description. Text,0,1
CIS_ Logistics_ Package. Information. Text,0,unbounded
CIS_ Logistics_ Package. Series Start_ Identification. Identifier,0,1
CIS_ Logistics_ Package. Series End_ Identification. Identifier,0,1
CIS_ Logistics_ Package. Per Package_ Unit. Quantity,0,unbounded
CIS_ Supply Chain_ Trade Agreement. Details,,
CIS_ Supply Chain_ Trade Agreement. Delivery_ Priority. Code,0,1
CIS_ Supply Chain_ Trade Agreement. Buyer_ Reference. Text,0,unbounded
CIS_ Supply Chain_ Trade Agreement. Reference. Text,0,unbounded
CIS_ Supply Chain_ Trade Agreement. Economic_ Order. Quantity,0,1
CIS_ Supply Chain_ Trade Agreement. Impact. Code,0,1
CIS_ Supply Chain_ Trade Agreement. Incremental_ Product Orderable. Quantity,0,1
CIS_ Supply Chain_ Trade Agreement. Minimum_ Product Orderable. Quantity,0,1
CIS_ Supply Chain_ Trade Agreement. Priority. Code,0,1
CIS_ Supply Chain_ Trade Agreement. Seller_ Reference. Text,0,unbounded
CIS_ Supply Chain_ Trade Agreement. Identification. Identifier,0,1
CIS_ Supply Chain_ Trade Agreement. Revision_ Identification. Identifier,0,1
CIS_ Supply Chain_ Trade Agreement. Buyer_ Approved. Date Time,0,1
CIS_ Supply Chain_ Trade Agreement. Buyer. CI_ Trade_ Party,0,1
CIS_ Supply Chain_ Trade Agreement. Product End User. CI_ Trade_ Party,0,1
CIS_ Supply Chain_ Trade Agreement. Seller. CI_ Trade_ Party,0,1
CIS_ Supply Chain_ Trade Agreement. Applicable. CI_ Trade_ Delivery Terms,0,1
CIS_ Supply Chain_ Trade Agreement. Additional_ Referenced. CI_ Referenced_ Document,0,unbounded
CIS_ Supply Chain_ Trade Agreement. Contract_ Referenced. CI_ Referenced_ Document,0,unbounded
CIS_ Supply Chain_ Trade Agreement. Demand Forecast_ Referenced. CI_ Referenced_ Document,0,unbounded
CIS_ Supply Chain_ Trade Agreement. Price List_ Referenced. CI_ Referenced_ Document,0,1
CIS_ Supply Chain_ Trade Agreement. Requisitioner_ Referenced. CI_ Referenced_ Document,0,unbounded
CIS_ Supply Chain_ Trade Agreement. Sales Conditions_ Referenced. CI_ Referenced_ Document,0,unbounded
CIS_ Supply Chain_ Trade Agreement. Supply Instruction_ Referenced. CI_ Referenced_ Document,0,unbounded
CIS_ Supply Chain_ Trade Agreement. Applicable. CI_ Supply Chain_ Forecast Terms,0,1
CIS_ Supply Chain_ Trade Agreement. Gross Price_ Product. CI_ Trade_ Price,0,unbounded
CIS_ Supply Chain_ Trade Agreement. Net Price_ Product. CI_ Trade_ Price,0,unbounded
CIS_ Supply Chain_ Trade Agreement. Prime Contract_ Seller. CI_ Trade_ Party,0,1
CIS_ Supply Chain_ Trade Settlement. Details,,
CIS_ Supply Chain_ Trade Settlement. Payment. Amount,0,1
CIS_ Supply Chain_ Trade Settlement. Price_ Currency. Code,0,1
CIS_ Supply Chain_ Trade Settlement. Payment Reference. Text,0,unbounded
CIS_ Supply Chain_ Trade Settlement. Applicable. CI_ Trade_ Tax,0,unbounded
CIS_ Supply Chain_ Trade Settlement. Specified. CI_ Trade_ Payment Terms,0,unbounded
CI_ Acknowledgement_ Document. Details,,
CI_ Acknowledgement_ Document. Identification. Identifier,0,1
CI_ Acknowledgement_ Document. Type. Code,0,unbounded
CI_ Acknowledgement_ Document. Acknowledgement_ Status. Code,0,unbounded
CI_ Acknowledgement_ Document. Reason_ Information. Text,0,unbounded
CI_ Advance_ Payment. Details,,
CI_ Advance_ Payment. Paid. Amount,1,1
CI_ Advance_ Payment. Formatted_ Received. Date Time,0,1
CI_ Advance_ Payment. Identification. Identifier,0,1
CI_ Advance_ Payment. Included. CI_ Trade_ Tax,0,unbounded
CI_ Advance_ Payment. Invoice_ Specified. CI_ Referenced_ Document,0,unbounded
CI_ Advance_ Payment. Identified. CI_ Trade_ Payment Terms,0,1
CI_ Contact_ Person. Details,,
CI_ Contact_ Person. Family Name. Text,0,1
CI_ Contact_ Person. Given Name. Text,0,1
CI_ Contact_ Person. Middle Name. Text,0,1
CI_ Creditor_ Financial Account. Details,,
CI_ Creditor_ Financial Account. IBAN_ Identification. Identifier,0,1
CI_ Creditor_ Financial Account. Account Name. Text,0,1
CI_ Creditor_ Financial Account. Proprietary_ Identification. Identifier,0,1
CI_ Creditor_ Financial Account. Type. Code,0,1
CI_ Creditor_ Financial Institution. Details,,
CI_ Creditor_ Financial Institution. BIC. Identifier,0,1
CI_ Creditor_ Financial Institution. Clearing System Name. Text,0,1
CI_ Creditor_ Financial Institution. CHIPS Universal_ Identification. Identifier,0,1
CI_ Creditor_ Financial Institution. New Zealand NCC_ Identification. Identifier,0,1
CI_ Creditor_ Financial Institution. Irish NSC_ Identification. Identifier,0,1
CI_ Creditor_ Financial Institution. UK Sort Code_ Identification. Identifier,0,1
CI_ Creditor_ Financial Institution. CHIPS Participant_ Identification. Identifier,0,1
CI_ Creditor_ Financial Institution. Swiss BC_ Identification. Identifier,0,1
CI_ Creditor_ Financial Institution. Fedwire Routing Number_ Identification. Identifier,0,1
CI_ Creditor_ Financial Institution. Portuguese NCC_ Identification. Identifier,0,1
CI_ Creditor_ Financial Institution. Russian Central Bank_ Identification. Identifier,0,1
CI_ Creditor_ Financial Institution. Italian Domestic_ Identification. Identifier,0,1
CI_ Creditor_ Financial Institution. Austrian Bankleitzahl_ Identification. Identifier,0,1
CI_ Creditor_ Financial Institution. Canadian Payments Association_ Identification. Identifier,0,1
CI_ Creditor_ Financial Institution. SIC_ Identification. Identifier,0,1
CI_ Creditor_ Financial Institution. German Bankleitzahl_ Identification. Identifier,0,1
CI_ Creditor_ Financial Institution. Spanish Domestic Interbanking_ Identification. Identifier,0,1
CI_ Creditor_ Financial Institution. South African NCC_ Identification. Identifier,0,1
CI_ Creditor_ Financial Institution. Hong Kong Bank_ Identification. Identifier,0,1
CI_ Creditor_ Financial Institution. Australian BSB_ Identification. Identifier,0,1
CI_ Creditor_ Financial Institution. Indian Financial System_ Identification. Identifier,0,1
CI_ Creditor_ Financial Institution. Hellenic Bank_ Identification. Identifier,0,1
CI_ Creditor_ Financial Institution. Polish National Clearing_ Identification. Identifier,0,1
CI_ Creditor_ Financial Institution. Name. Text,0,1
CI_ Creditor_ Financial Institution. Japan Financial Institution Common_ Identification. Identifier,0,1
CI_ Creditor_ Financial Institution. Location. Financial Institution_ Address,0,1
CI_ Creditor_ Financial Institution. Sub-Division. Branch_ Financial Institution,0,1
CI_ Cross-Border_ Customs Valuation. Details,,
CI_ Cross-Border_ Customs Valuation. Added_ Adjustment. Amount,0,1
CI_ Cross-Border_ Customs Valuation. Deducted_ Adjustment. Amount,0,1
CI_ Cross-Border_ Customs Valuation. Added_ Adjustment. Percent,0,1
CI_ Cross-Border_ Customs Valuation. Deducted_ Adjustment. Percent,0,1
CI_ Cross-Border_ Customs Valuation. Method. Code,0,1
CI_ Cross-Border_ Customs Valuation. WTO Addition. Code,0,1
CI_ Cross-Border_ Customs Valuation. Charge Apportion Method. Code,0,1
CI_ Cross-Border_ Customs Valuation. Other Charge. Amount,0,unbounded
CI_ Cross-Border_ Customs Valuation. Buyer Seller Relationship. Indicator,0,1
CI_ Cross-Border_ Customs Valuation. Buyer Seller Relationship Price Influence. Indicator,0,1
CI_ Cross-Border_ Customs Valuation. Sale Restriction. Indicator,0,1
CI_ Cross-Border_ Customs Valuation. Sale Price Condition. Indicator,0,1
CI_ Cross-Border_ Customs Valuation. Royalty License Fee. Indicator,0,1
CI_ Cross-Border_ Customs Valuation. Type. Code,0,1
CI_ Cross-Border_ Customs Valuation. Sale Restriction. Text,0,unbounded
CI_ Cross-Border_ Customs Valuation. Applicable. CI_ Trade_ Currency Exchange,0,1
CI_ Cross-Border_ Regulatory Procedure. Details,,
CI_ Cross-Border_ Regulatory Procedure. Type. Code,0,unbounded
CI_ Cross-Border_ Regulatory Procedure. Transaction Nature. Code,0,unbounded
CI_ Cross-Border_ Regulatory Procedure. Tariff. Amount,0,unbounded
CI_ Cross-Border_ Regulatory Procedure. Non-Tariff Charge. Amount,0,unbounded
CI_ Cross-Border_ Regulatory Procedure. Total Charge. Amount,0,unbounded
CI_ Cross-Border_ Regulatory Procedure. Remark. Text,0,unbounded
CI_ Cross-Border_ Regulatory Procedure. Applicable. CI_ Trade_ Tax,0,unbounded
CI_ Debtor_ Financial Account. Details,,
CI_ Debtor_ Financial Account. IBAN_ Identification. Identifier,0,1
CI_ Debtor_ Financial Account. Account Name. Text,0,1
CI_ Debtor_ Financial Account. Proprietary_ Identification. Identifier,0,1
CI_ Debtor_ Financial Account. Type. Code,0,1
CI_ Debtor_ Financial Institution. Details,,
CI_ Debtor_ Financial Institution. BIC. Identifier,0,1
CI_ Debtor_ Financial Institution. Clearing System Name. Text,0,1
CI_ Debtor_ Financial Institution. CHIPS Universal_ Identification. Identifier,0,1
CI_ Debtor_ Financial Institution. New Zealand NCC_ Identification. Identifier,0,1
CI_ Debtor_ Financial Institution. Irish NSC_ Identification. Identifier,0,1
CI_ Debtor_ Financial Institution. UK Sort Code_ Identification. Identifier,0,1
CI_ Debtor_ Financial Institution. CHIPS Participant_ Identification. Identifier,0,1
CI_ Debtor_ Financial Institution. Swiss BC_ Identification. Identifier,0,1
CI_ Debtor_ Financial Institution. Fedwire Routing Number_ Identification. Identifier,0,1
CI_ Debtor_ Financial Institution. Portuguese NCC_ Identification. Identifier,0,1
CI_ Debtor_ Financial Institution. Russian Central Bank_ Identification. Identifier,0,1
CI_ Debtor_ Financial Institution. Italian Domestic_ Identification. Identifier,0,1
CI_ Debtor_ Financial Institution. Austrian Bankleitzahl_ Identification. Identifier,0,1
CI_ Debtor_ Financial Institution. Canadian Payments Association_ Identification. Identifier,0,1
CI_ Debtor_ Financial Institution. SIC_ Identification. Identifier,0,1
CI_ Debtor_ Financial Institution. German Bankleitzahl_ Identification. Identifier,0,1
CI_ Debtor_ Financial Institution. Spanish Domestic Interbanking_ Identification. Identifier,0,1
CI_ Debtor_ Financial Institution. South African NCC_ Identification. Identifier,0,1
CI_ Debtor_ Financial Institution. Hong Kong Bank_ Identification. Identifier,0,1
CI_ Debtor_ Financial Institution. Australian BSB_ Identification. Identifier,0,1
CI_ Debtor_ Financial Institution. Indian Financial System_ Identification. Identifier,0,1
CI_ Debtor_ Financial Institution. Hellenic Bank_ Identification. Identifier,0,1
CI_ Debtor_ Financial Institution. Polish National Clearing_ Identification. Identifier,0,1
CI_ Debtor_ Financial Institution. Name. Text,0,1
CI_ Debtor_ Financial Institution. Japan Financial Institution Common_ Identification. Identifier,0,1
CI_ Debtor_ Financial Institution. Location. Financial Institution_ Address,0,1
CI_ Debtor_ Financial Institution. Sub-Division. Branch_ Financial Institution,0,1
CI_ Delivery_ Adjustment. Details,,
CI_ Delivery_ Adjustment. Reason. Code,0,1
CI_ Delivery_ Adjustment. Reason. Text,0,unbounded
CI_ Delivery_ Adjustment. Actual. Amount,0,unbounded
CI_ Delivery_ Adjustment. Actual. Quantity,0,1
CI_ Delivery_ Adjustment. Actual. Date Time,0,1
CI_ Delivery_ Instructions. Details,,
CI_ Delivery_ Instructions. Handling. Code,0,unbounded
CI_ Delivery_ Instructions. Handling. Text,0,unbounded
CI_ Delivery_ Instructions. Description. Text,0,unbounded
CI_ Delivery_ Instructions. Description. Code,0,1
CI_ Disposal_ Instructions. Details,,
CI_ Disposal_ Instructions. Material. Identifier,0,1
CI_ Disposal_ Instructions. Recycling_ Description. Code,0,unbounded
CI_ Disposal_ Instructions. Description. Text,0,unbounded
CI_ Disposal_ Instructions. Recycling_ Procedure. Text,0,unbounded
CI_ Document Context_ Parameter. Details,,
CI_ Document Context_ Parameter. Identification. Identifier,0,1
CI_ Document Context_ Parameter. Value. Text,0,1
CI_ Document Context_ Parameter. Specified. CI_ Document_ Version,0,1
CI_ Document Line_ Document. Details,,
CI_ Document Line_ Document. Issue. Date Time,0,1
CI_ Document Line_ Document. Latest_ Revision. Date Time,0,1
CI_ Document Line_ Document. Line. Identifier,0,1
CI_ Document Line_ Document. Line Status. Code,0,1
CI_ Document Line_ Document. Line Status Reason. Code,0,1
CI_ Document Line_ Document. Line Status Reason. Text,0,unbounded
CI_ Document Line_ Document. Parent_ Line. Identifier,0,1
CI_ Document Line_ Document. Publication. Date Time,0,1
CI_ Document Line_ Document. UUID_ Line. Identifier,0,1
CI_ Document_ Authentication. Details,,
CI_ Document_ Authentication. Category. Code,0,1
CI_ Document_ Authentication. Actual. Date Time,0,1
CI_ Document_ Authentication. Identification. Identifier,0,1
CI_ Document_ Authentication. Information. Text,0,unbounded
CI_ Document_ Authentication. Signatory. Text,0,1
CI_ Document_ Authentication. Signatory_ Image. Binary Object,0,1
CI_ Document_ Version. Details,,
CI_ Document_ Version. Identification. Identifier,0,1
CI_ Document_ Version. Name. Text,0,1
CI_ Document_ Version. Issue. Date Time,0,1
CI_ Exchanged Document_ Context. Details,,
CI_ Exchanged Document_ Context. Specified_ Transaction. Identifier,0,1
CI_ Exchanged Document_ Context. Processing_ Transaction. Date Time,0,1
CI_ Exchanged Document_ Context. Test. Indicator,0,1
CI_ Exchanged Document_ Context. Business Process_ Specified. CI_ Document Context_ Parameter,0,unbounded
CI_ Exchanged Document_ Context. BIM_ Specified. CI_ Document Context_ Parameter,0,unbounded
CI_ Exchanged Document_ Context. Scenario_ Specified. CI_ Document Context_ Parameter,0,unbounded
CI_ Exchanged Document_ Context. Application_ Specified. CI_ Document Context_ Parameter,0,unbounded
CI_ Exchanged Document_ Context. Guideline_ Specified. CI_ Document Context_ Parameter,0,unbounded
CI_ Exchanged Document_ Context. Subset_ Specified. CI_ Document Context_ Parameter,0,unbounded
CI_ Exchanged Document_ Context. Message Standard_ Specified. CI_ Document Context_ Parameter,0,1
CI_ Exchanged Document_ Context. User_ Specified. CI_ Document Context_ Parameter,0,unbounded
CI_ Financial_ Adjustment. Details,,
CI_ Financial_ Adjustment. Reason. Code,0,1
CI_ Financial_ Adjustment. Reason. Text,0,unbounded
CI_ Financial_ Adjustment. Actual. Amount,0,unbounded
CI_ Financial_ Adjustment. Actual. Quantity,0,1
CI_ Financial_ Adjustment. Actual. Date Time,0,1
CI_ Financial_ Adjustment. Direction. Code,0,1
CI_ Financial_ Adjustment. Claim_ Related. CI_ Trade_ Party,0,1
CI_ Financial_ Adjustment. Invoice_ Reference. CI_ Referenced_ Document,0,1
CI_ Financial_ Adjustment. Related. CI_ Trade_ Tax,0,unbounded
CI_ Geographical Coordinate. Details,,
CI_ Geographical Coordinate. Altitude. Measure,0,1
CI_ Geographical Coordinate. Latitude. Measure,0,1
CI_ Geographical Coordinate. Longitude. Measure,0,1
CI_ Geographical Coordinate. System. Identifier,0,1
CI_ Handling_ Instructions. Details,,
CI_ Handling_ Instructions. Handling. Code,0,unbounded
CI_ Handling_ Instructions. Procedure. Text,0,unbounded
CI_ Handling_ Instructions. Description. Text,0,unbounded
CI_ Handling_ Instructions. Description. Code,0,unbounded
CI_ Handling_ Instructions. Maximum Stackability Weight_ Applicable. Measure,0,1
CI_ Handling_ Instructions. Maximum Stackability_ Applicable. Quantity,0,1
CI_ Handling_ Instructions. Maximum Storage Humidity_ Applicable. Measure,0,1
CI_ Handling_ Instructions. Minimum Storage Humidity_ Applicable. Measure,0,1
CI_ Handling_ Instructions. Identification. Identifier,0,1
CI_ Handling_ Instructions. Handling_ Applicable. Transport Setting_ Temperature,0,unbounded
CI_ Handling_ Instructions. Delivery_ Applicable. CI_ Instructed_ Temperature,0,1
CI_ Handling_ Instructions. Market Delivery_ Applicable. CI_ Instructed_ Temperature,0,1
CI_ Handling_ Instructions. Storage_ Applicable. CI_ Instructed_ Temperature,0,1
CI_ Instructed_ Temperature. Details,,
CI_ Instructed_ Temperature. Maximum_ Value. Measure,0,1
CI_ Instructed_ Temperature. Minimum_ Value. Measure,0,1
CI_ Instructed_ Temperature. Control. Code,0,1
CI_ Legal_ Organization. Details,,
CI_ Legal_ Organization. Legal Classification. Code,0,1
CI_ Legal_ Organization. Name. Text,0,1
CI_ Legal_ Organization. Identification. Identifier,0,1
CI_ Legal_ Organization. Trading Business Name. Text,0,1
CI_ Legal_ Organization. Postal. CI_ Trade_ Address,0,1
CI_ Legal_ Organization. Authorized. CI_ Legal_ Registration,0,unbounded
CI_ Legal_ Registration. Details,,
CI_ Legal_ Registration. Type. Code,0,1
CI_ Legal_ Registration. Identification. Identifier,0,1
CI_ Logistics_ Label. Details,,
CI_ Logistics_ Label. Identification. Identifier,0,1
CI_ Logistics_ Label. Series Start. Identifier,0,1
CI_ Logistics_ Label. Series End. Identifier,0,1
CI_ Logistics_ Label. Layout_ Type. Code,0,1
CI_ Logistics_ Label. Size. Code,0,1
CI_ Logistics_ Label. Included. Label_ Section,0,unbounded
CI_ Logistics_ Location. Details,,
CI_ Logistics_ Location. Identification. Identifier,0,1
CI_ Logistics_ Location. Name. Text,0,unbounded
CI_ Logistics_ Location. Type. Code,0,1
CI_ Logistics_ Location. Description. Text,0,unbounded
CI_ Logistics_ Location. Country Sub-Division. Identifier,0,1
CI_ Logistics_ Location. Postal. CI_ Trade_ Address,0,1
CI_ Logistics_ Location. Physical. CI_ Geographical Coordinate,0,1
CI_ Logistics_ Package. Details,,
CI_ Logistics_ Package. Item. Quantity,0,1
CI_ Logistics_ Package. Gross Weight. Measure,0,1
CI_ Logistics_ Package. Nominal_ Gross Weight. Measure,0,1
CI_ Logistics_ Package. Net Weight. Measure,0,1
CI_ Logistics_ Package. Gross Volume. Measure,0,1
CI_ Logistics_ Package. Nominal_ Gross Volume. Measure,0,1
CI_ Logistics_ Package. Level. Code,0,1
CI_ Logistics_ Package. Type. Code,0,1
CI_ Logistics_ Package. Type. Text,0,1
CI_ Logistics_ Package. Sequence. Numeric,0,1
CI_ Logistics_ Package. Identification. Identifier,0,1
CI_ Logistics_ Package. Parent_ Identification. Identifier,0,1
CI_ Logistics_ Package. Global_ Identification. Identifier,0,1
CI_ Logistics_ Package. Description. Text,0,1
CI_ Logistics_ Package. Information. Text,0,unbounded
CI_ Logistics_ Package. Series Start_ Identification. Identifier,0,1
CI_ Logistics_ Package. Series End_ Identification. Identifier,0,1
CI_ Logistics_ Package. Per Package_ Unit. Quantity,0,unbounded
CI_ Logistics_ Package. Physical. Logistics_ Shipping Marks,0,unbounded
CI_ Logistics_ Package. Linear. CI_ Spatial_ Dimension,0,1
CI_ Logistics_ Package. Associated. Referenced_ Document,0,unbounded
CI_ Logistics_ Package. Used. Supply Chain_ Packaging,0,unbounded
CI_ Logistics_ Package. Specified. Supply Chain_ Trade Delivery,0,1
CI_ Logistics_ Seal. Details,,
CI_ Logistics_ Seal. Identification. Identifier,0,unbounded
CI_ Logistics_ Seal. Maximum_ Identification. Identifier,0,1
CI_ Logistics_ Seal. Type. Code,0,1
CI_ Logistics_ Seal. Condition. Code,0,unbounded
CI_ Logistics_ Seal. Sealing Party Role. Code,0,1
CI_ Logistics_ Seal. Sealing Party Role. Text,0,1
CI_ Logistics_ Seal. Issuing. CI_ Trade_ Party,0,1
CI_ Logistics_ Service Charge. Details,,
CI_ Logistics_ Service Charge. Identification. Identifier,0,1
CI_ Logistics_ Service Charge. Description. Text,0,unbounded
CI_ Logistics_ Service Charge. Payment Arrangement. Code,0,1
CI_ Logistics_ Service Charge. Tariff Class. Code,0,1
CI_ Logistics_ Service Charge. Charge_ Category. Code,0,1
CI_ Logistics_ Service Charge. Service_ Category. Code,0,1
CI_ Logistics_ Service Charge. Disbursement. Amount,0,unbounded
CI_ Logistics_ Service Charge. Applied. Amount,0,unbounded
CI_ Logistics_ Service Charge. Allowance Charge. Text,0,1
CI_ Logistics_ Service Charge. Paying Party Role. Code,0,1
CI_ Logistics_ Service Charge. Calculation Basis. Code,0,1
CI_ Logistics_ Service Charge. Calculation Basis. Text,0,1
CI_ Logistics_ Service Charge. Transport Payment Method. Code,0,1
CI_ Logistics_ Service Charge. Payment Place. CI_ Logistics_ Location,0,1
CI_ Logistics_ Service Charge. Applied From. CI_ Logistics_ Location,0,1
CI_ Logistics_ Service Charge. Applied To. CI_ Logistics_ Location,0,1
CI_ Logistics_ Service Charge. Applied. CI_ Trade_ Tax,0,unbounded
CI_ Logistics_ Transport Equipment. Details,,
CI_ Logistics_ Transport Equipment. Identification. Identifier,0,1
CI_ Logistics_ Transport Equipment. Category. Code,0,1
CI_ Logistics_ Transport Equipment. Characteristic. Code,0,1
CI_ Logistics_ Transport Equipment. Loading Length. Measure,0,1
CI_ Logistics_ Transport Equipment. Used Capacity. Code,0,1
CI_ Logistics_ Transport Equipment. Carrier Assigned Booking_ Identification. Identifier,0,1
CI_ Logistics_ Transport Equipment. Characteristic. Text,0,1
CI_ Logistics_ Transport Equipment. Linear. CI_ Spatial_ Dimension,0,1
CI_ Logistics_ Transport Equipment. Notified. CI_ Trade_ Party,0,unbounded
CI_ Logistics_ Transport Equipment. Affixed. CI_ Logistics_ Seal,0,unbounded
CI_ Logistics_ Transport Means. Details,,
CI_ Logistics_ Transport Means. Type. Code,0,1
CI_ Logistics_ Transport Means. Type. Text,0,1
CI_ Logistics_ Transport Means. Identification. Identifier,0,1
CI_ Logistics_ Transport Means. Name. Text,0,1
CI_ Logistics_ Transport Means. Required Lane Length. Measure,0,1
CI_ Logistics_ Transport Means. Owner. CI_ Trade_ Party,0,1
CI_ Logistics_ Transport Movement. Details,,
CI_ Logistics_ Transport Movement. Mode. Code,0,1
CI_ Logistics_ Transport Movement. Mode. Text,0,1
CI_ Logistics_ Transport Movement. Stage. Code,0,1
CI_ Logistics_ Transport Movement. Service. Code,0,1
CI_ Logistics_ Transport Movement. Service. Text,0,1
CI_ Logistics_ Transport Movement. Identification. Identifier,0,1
CI_ Logistics_ Transport Movement. Type. Text,0,1
CI_ Logistics_ Transport Movement. Cycle. Text,0,1
CI_ Logistics_ Transport Movement. Used. CI_ Logistics_ Transport Means,0,1
CI_ Material_ Goods Characteristic. Details,,
CI_ Material_ Goods Characteristic. Description. Text,0,unbounded
CI_ Material_ Goods Characteristic. Type. Code,0,1
CI_ Material_ Goods Characteristic. Proportional_ Constituent. Percent,0,1
CI_ Material_ Goods Characteristic. Absolute Presence_ Weight. Measure,0,1
CI_ Material_ Goods Characteristic. Absolute Presence_ Volume. Measure,0,1
CI_ Note. Details,,
CI_ Note. Subject. Text,0,1
CI_ Note. Content. Code,0,1
CI_ Note. Content. Text,0,unbounded
CI_ Note. Subject. Code,0,1
CI_ Note. Identification. Identifier,0,1
CI_ Packaging_ Marking. Details,,
CI_ Packaging_ Marking. Type. Code,0,unbounded
CI_ Packaging_ Marking. Content. Text,0,unbounded
CI_ Packaging_ Marking. Content. Date Time,0,1
CI_ Packaging_ Marking. Content. Amount,0,unbounded
CI_ Packaging_ Marking. Barcode_ Type. Code,0,unbounded
CI_ Packaging_ Marking. Content. Code,0,unbounded
CI_ Packaging_ Marking. Automatic Data Capture Method_ Type. Code,0,unbounded
CI_ Product_ Characteristic. Details,,
CI_ Product_ Characteristic. Identification. Identifier,0,unbounded
CI_ Product_ Characteristic. Type. Code,0,1
CI_ Product_ Characteristic. Description. Text,0,unbounded
CI_ Product_ Characteristic. Value. Measure,0,1
CI_ Product_ Characteristic. Measurement Method. Code,0,1
CI_ Product_ Characteristic. Content_ Type. Code,0,1
CI_ Product_ Characteristic. Value. Code,0,1
CI_ Product_ Characteristic. Value. Date Time,0,1
CI_ Product_ Characteristic. Value. Indicator,0,1
CI_ Product_ Characteristic. Value. Text,0,unbounded
CI_ Product_ Characteristic. Applicable. Referenced_ Standard,0,1
CI_ Product_ Characteristic. Applicable. Product Characteristic_ Condition,0,unbounded
CI_ Product_ Characteristic. Value. Specified_ Binary File,0,1
CI_ Product_ Classification. Details,,
CI_ Product_ Classification. System. Identifier,0,1
CI_ Product_ Classification. System Name. Text,0,unbounded
CI_ Product_ Classification. Class. Code,0,1
CI_ Product_ Classification. Class Name. Text,0,unbounded
CI_ Product_ Classification. Sub_ Class. Code,0,1
CI_ Product_ Classification. Class. CI_ Product_ Characteristic,0,unbounded
CI_ Product_ Classification. Applicable. Referenced_ Standard,0,1
CI_ Referenced_ Document. Details,,
CI_ Referenced_ Document. Issuer Assigned_ Identification. Identifier,0,1
CI_ Referenced_ Document. URI_ Identification. Identifier,0,1
CI_ Referenced_ Document. Issue. Date Time,0,1
CI_ Referenced_ Document. Status. Code,0,1
CI_ Referenced_ Document. Copy. Indicator,0,1
CI_ Referenced_ Document. Line. Identifier,0,1
CI_ Referenced_ Document. Reference_ Type. Code,0,1
CI_ Referenced_ Document. Global_ Identification. Identifier,0,1
CI_ Referenced_ Document. Revision_ Identification. Identifier,0,1
CI_ Referenced_ Document. Name. Text,0,unbounded
CI_ Referenced_ Document. Information. Text,0,unbounded
CI_ Referenced_ Document. Previous Revision_ Identification. Identifier,0,unbounded
CI_ Referenced_ Document. Section Name. Text,0,unbounded
CI_ Referenced_ Document. Type. Code,0,1
CI_ Referenced_ Document. Attachment. Binary Object,0,unbounded
CI_ Referenced_ Document. Page. Identifier,0,1
CI_ Referenced_ Document. Receipt. Date Time,0,1
CI_ Referenced_ Document. Subordinate Line. Identifier,0,1
CI_ Referenced_ Document. Purpose. Code,0,1
CI_ Referenced_ Document. Category. Code,0,1
CI_ Referenced_ Document. Requisitioner Assigned_ Identification. Identifier,0,1
CI_ Referenced_ Document. Subtype. Code,0,unbounded
CI_ Referenced_ Document. Issuer. CI_ Trade_ Party,0,1
CI_ Referenced_ Document. Attached. Specified_ Binary File,0,unbounded
CI_ Referenced_ Document. Effective. CI_ Specified_ Period,0,1
CI_ Referenced_ Document. Included. CI_ Note,0,unbounded
CI_ Referenced_ Product. Details,,
CI_ Referenced_ Product. Identification. Identifier,0,unbounded
CI_ Referenced_ Product. Global_ Identification. Identifier,0,unbounded
CI_ Referenced_ Product. Seller Assigned_ Identification. Identifier,0,1
CI_ Referenced_ Product. Buyer Assigned_ Identification. Identifier,0,1
CI_ Referenced_ Product. Manufacturer Assigned_ Identification. Identifier,0,1
CI_ Referenced_ Product. Industry Assigned_ Identification. Identifier,0,1
CI_ Referenced_ Product. Description. Text,0,unbounded
CI_ Referenced_ Product. Relationship_ Type. Code,0,unbounded
CI_ Referenced_ Product. Unit. Quantity,0,unbounded
CI_ Registered_ Tax. Details,,
CI_ Registered_ Tax. Type. Code,0,1
CI_ Registered_ Tax. Exemption Reason. Code,0,1
CI_ Registered_ Tax. Exemption Reason. Text,0,unbounded
CI_ Registered_ Tax. Currency. Code,0,1
CI_ Registered_ Tax. Jurisdiction. Text,0,unbounded
CI_ Registered_ Tax. Description. Text,0,unbounded
CI_ Registered_ Tax. Customs Duty. Indicator,0,1
CI_ Returnable Asset_ Instructions. Details,,
CI_ Returnable Asset_ Instructions. Material. Identifier,0,unbounded
CI_ Returnable Asset_ Instructions. Terms And Conditions_ Description. Text,0,unbounded
CI_ Returnable Asset_ Instructions. Terms And Conditions_ Description. Code,0,1
CI_ Returnable Asset_ Instructions. Deposit Value_ Specified. Amount,0,unbounded
CI_ Returnable Asset_ Instructions. Deposit Value_ Validity. CI_ Specified_ Period,0,1
CI_ Spatial_ Dimension. Details,,
CI_ Spatial_ Dimension. Value. Measure,0,1
CI_ Spatial_ Dimension. Type. Code,0,1
CI_ Spatial_ Dimension. Description. Text,0,unbounded
CI_ Spatial_ Dimension. Width. Measure,0,1
CI_ Spatial_ Dimension. Length. Measure,0,1
CI_ Spatial_ Dimension. Height. Measure,0,1
CI_ Spatial_ Dimension. Identification. Identifier,0,1
CI_ Spatial_ Dimension. Diameter. Measure,0,1
CI_ Specified_ Period. Details,,
CI_ Specified_ Period. Duration. Measure,0,unbounded
CI_ Specified_ Period. Inclusive. Indicator,0,1
CI_ Specified_ Period. Description. Text,0,unbounded
CI_ Specified_ Period. Start. Date Time,0,1
CI_ Specified_ Period. End. Date Time,0,1
CI_ Specified_ Period. Complete. Date Time,0,1
CI_ Specified_ Period. Season. Code,0,1
CI_ Specified_ Period. Identification. Identifier,0,1
CI_ Specified_ Period. Name. Text,0,unbounded
CI_ Specified_ Period. Sequence. Numeric,0,1
CI_ Specified_ Period. Start Date Flexibility. Code,0,1
CI_ Specified_ Period. Continuous. Indicator,0,1
CI_ Supply Chain_ Consignment Item. Details,,
CI_ Supply Chain_ Consignment Item. Type. Code,0,1
CI_ Supply Chain_ Consignment Item. Type Extension. Code,0,1
CI_ Supply Chain_ Consignment Item. Declared Value For Customs. Amount,0,1
CI_ Supply Chain_ Consignment Item. Declared Value For Statistics. Amount,0,1
CI_ Supply Chain_ Consignment Item. Invoice. Amount,0,unbounded
CI_ Supply Chain_ Consignment Item. Gross Weight. Measure,0,1
CI_ Supply Chain_ Consignment Item. Net Weight. Measure,0,1
CI_ Supply Chain_ Consignment Item. Tariff. Quantity,0,1
CI_ Supply Chain_ Consignment Item. Nature Identification. Transport_ Cargo,0,1
CI_ Supply Chain_ Consignment. Details,,
CI_ Supply Chain_ Consignment. Associated Invoice. Amount,0,unbounded
CI_ Supply Chain_ Consignment. Declared Value For Customs. Amount,0,1
CI_ Supply Chain_ Consignment. Total Charge. Amount,0,1
CI_ Supply Chain_ Consignment. Package. Quantity,0,1
CI_ Supply Chain_ Consignment. Gross Weight. Measure,0,unbounded
CI_ Supply Chain_ Consignment. Net Weight. Measure,0,unbounded
CI_ Supply Chain_ Consignment. Gross Volume. Measure,0,unbounded
CI_ Supply Chain_ Consignment. Net Volume. Measure,0,1
CI_ Supply Chain_ Consignment. Chargeable Weight. Measure,0,unbounded
CI_ Supply Chain_ Consignment. Consignor. CI_ Trade_ Party,0,1
CI_ Supply Chain_ Consignment. Consignee. CI_ Trade_ Party,0,1
CI_ Supply Chain_ Consignment. Delivery. CI_ Trade_ Party,0,1
CI_ Supply Chain_ Consignment. Specified. CI_ Logistics_ Transport Movement,0,unbounded
CI_ Supply Chain_ Consignment. Customs Import Agent. CI_ Trade_ Party,0,1
CI_ Supply Chain_ Consignment. Customs Export Agent. CI_ Trade_ Party,0,1
CI_ Supply Chain_ Consignment. Carrier. CI_ Trade_ Party,0,1
CI_ Supply Chain_ Consignment. Transport Contract. CI_ Referenced_ Document,0,1
CI_ Supply Chain_ Consignment. Utilized. CI_ Logistics_ Transport Equipment,0,unbounded
CI_ Supply Chain_ Consignment. Freight Forwarder. CI_ Trade_ Party,0,1
CI_ Supply Chain_ Consignment. Grouping Centre. CI_ Trade_ Party,0,unbounded
CI_ Supply Chain_ Consignment. Included. CI_ Supply Chain_ Consignment Item,0,unbounded
CI_ Supply Chain_ Consignment. Associated. CI_ Referenced_ Document,0,unbounded
CI_ Supply Chain_ Consignment. Applicable. CI_ Transport_ Cargo Insurance,0,1
CI_ Supply Chain_ Consignment. Applicable. CI_ Cross-Border_ Customs Valuation,0,1
CI_ Supply Chain_ Consignment. Applicable. CI_ Cross-Border_ Regulatory Procedure,0,unbounded
CI_ Supply Chain_ Consignment. Transit. CI_ Logistics_ Location,0,1
CI_ Supply Chain_ Event. Details,,
CI_ Supply Chain_ Event. Identification. Identifier,0,1
CI_ Supply Chain_ Event. Occurrence. Date Time,0,1
CI_ Supply Chain_ Event. Type. Code,0,1
CI_ Supply Chain_ Event. Description. Text,0,unbounded
CI_ Supply Chain_ Event. Description. Binary Object,0,unbounded
CI_ Supply Chain_ Event. Unit. Quantity,0,1
CI_ Supply Chain_ Event. Latest_ Occurrence. Date Time,0,1
CI_ Supply Chain_ Event. Earliest_ Occurrence. Date Time,0,1
CI_ Supply Chain_ Event. Time_ Occurrence. Date Time,0,1
CI_ Supply Chain_ Event. Due. Date Time,0,1
CI_ Supply Chain_ Event. Occurrence. CI_ Specified_ Period,0,1
CI_ Supply Chain_ Event. Occurrence. CI_ Logistics_ Location,0,1
CI_ Supply Chain_ Forecast Terms. Details,,
CI_ Supply Chain_ Forecast Terms. Forecast Type. Code,0,1
CI_ Supply Chain_ Forecast Terms. Frequency. Code,0,1
CI_ Supply Chain_ Forecast Terms. Date Type. Code,0,1
CI_ Supply Chain_ Forecast Terms. Commitment Level. Code,0,1
CI_ Supply Chain_ Inventory. Details,,
CI_ Supply Chain_ Inventory. Stock. Quantity,0,1
CI_ Supply Chain_ Inventory. Calculation. Date Time,0,1
CI_ Supply Chain_ Inventory. Minimum_ Stock Level. Measure,0,1
CI_ Supply Chain_ Inventory. Maximum_ Stock Level. Measure,0,1
CI_ Supply Chain_ Inventory. Planned Stock_ Calculation. Date Time,0,1
CI_ Supply Chain_ Inventory. Planned_ Stock. Quantity,0,1
CI_ Supply Chain_ Inventory. Average_ Demand. Quantity,0,1
CI_ Supply Chain_ Inventory. Average Duration. Date Time,0,1
CI_ Supply Chain_ Inventory. Maximum_ Stock. Quantity,0,1
CI_ Supply Chain_ Inventory. Minimum_ Stock. Quantity,0,1
CI_ Supply Chain_ Inventory. Status. Code,0,1
CI_ Supply Chain_ Inventory. Specified. CI_ Logistics_ Location,0,1
CI_ Supply Chain_ Inventory. Remark. CI_ Note,0,unbounded
CI_ Supply Chain_ Inventory. Disposition. CI_ Referenced_ Document,0,1
CI_ Supply Chain_ Packaging. Details,,
CI_ Supply Chain_ Packaging. Type. Code,0,1
CI_ Supply Chain_ Packaging. Type. Text,0,1
CI_ Supply Chain_ Packaging. Condition. Code,0,1
CI_ Supply Chain_ Packaging. Disposal Method. Code,0,unbounded
CI_ Supply Chain_ Packaging. Weight. Measure,0,unbounded
CI_ Supply Chain_ Packaging. Maximum Stackability. Quantity,0,1
CI_ Supply Chain_ Packaging. Maximum Stackability_ Weight. Measure,0,1
CI_ Supply Chain_ Packaging. Description. Text,0,unbounded
CI_ Supply Chain_ Packaging. Customer Facing_ Total Unit. Quantity,0,1
CI_ Supply Chain_ Packaging. Layer_ Total Unit. Quantity,0,1
CI_ Supply Chain_ Packaging. Content Layer. Quantity,0,1
CI_ Supply Chain_ Packaging. Additional_ Instruction. Code,0,1
CI_ Supply Chain_ Packaging. Instruction. Code,0,1
CI_ Supply Chain_ Packaging. Additional_ Instruction. Indicator,0,1
CI_ Supply Chain_ Packaging. Linear. CI_ Spatial_ Dimension,0,1
CI_ Supply Chain_ Packaging. Minimum_ Linear. CI_ Spatial_ Dimension,0,1
CI_ Supply Chain_ Packaging. Maximum_ Linear. CI_ Spatial_ Dimension,0,1
CI_ Supply Chain_ Packaging. Specified. CI_ Packaging_ Marking,0,unbounded
CI_ Supply Chain_ Packaging. Applicable. CI_ Material_ Goods Characteristic,0,unbounded
CI_ Supply Chain_ Packaging. Applicable. CI_ Disposal_ Instructions,0,unbounded
CI_ Supply Chain_ Packaging. Applicable. CI_ Returnable Asset_ Instructions,0,unbounded
CI_ Supply Chain_ Schedule. Details,,
CI_ Supply Chain_ Schedule. Description. Text,0,unbounded
CI_ Supply Chain_ Schedule. Identification. Identifier,0,1
CI_ Supply Chain_ Schedule. Occurrence. Date Time,0,unbounded
CI_ Supply Chain_ Schedule. Type. Code,0,unbounded
CI_ Supply Chain_ Schedule. Status. Code,0,unbounded
CI_ Supply Chain_ Supply Plan. Details,,
CI_ Supply Chain_ Supply Plan. Commitment Level. Code,0,1
CI_ Supply Chain_ Supply Plan. Planned. Quantity,0,1
CI_ Supply Chain_ Supply Plan. Actual. Quantity,0,1
CI_ Supply Chain_ Supply Plan. Tolerance. Quantity,0,1
CI_ Supply Chain_ Supply Plan. Minus_ Tolerance. Quantity,0,1
CI_ Supply Chain_ Supply Plan. Plus_ Tolerance. Quantity,0,1
CI_ Supply Chain_ Supply Plan. Synchronization. Date Time,0,1
CI_ Supply Chain_ Supply Plan. Synchronization. Quantity,0,1
CI_ Supply Chain_ Supply Plan. Specified. CI_ Specified_ Period,0,1
CI_ Supply Chain_ Supply Plan. Delivery. CI_ Supply Chain_ Event,0,unbounded
CI_ Supply Chain_ Supply Plan. Specified. CI_ Logistics_ Location,0,unbounded
CI_ Supply Chain_ Supply Plan. Contract_ Referenced. CI_ Referenced_ Document,0,unbounded
CI_ Supply Chain_ Supply Plan. Scheduled_ Delivery. CI_ Supply Chain_ Event,0,unbounded
CI_ Supply Chain_ Supply Plan. Confirmed_ Delivery. CI_ Supply Chain_ Event,0,unbounded
CI_ Supply Chain_ Supply Plan. Delivery Note_ Referenced. CI_ Referenced_ Document,0,unbounded
CI_ Supply Chain_ Supply Plan. Ship To. CI_ Trade_ Party,0,1
CI_ Tax_ Registration. Details,,
CI_ Tax_ Registration. Identification. Identifier,0,1
CI_ Tax_ Registration. Associated. CI_ Registered_ Tax,0,1
CI_ Trade Settlement_ Payment Means. Details,,
CI_ Trade Settlement_ Payment Means. Payment Channel. Code,0,1
CI_ Trade Settlement_ Payment Means. Type. Code,0,1
CI_ Trade Settlement_ Payment Means. Guarantee Method. Code,0,1
CI_ Trade Settlement_ Payment Means. Payment Method. Code,0,1
CI_ Trade Settlement_ Payment Means. Identification. Identifier,0,unbounded
CI_ Trade Settlement_ Payment Means. Information. Text,0,unbounded
CI_ Trade Settlement_ Payment Means. Paid. Amount,0,1
CI_ Trade Settlement_ Payment Means. Payer_ Party. CI_ Debtor_ Financial Account,0,1
CI_ Trade Settlement_ Payment Means. Payee_ Party. CI_ Creditor_ Financial Account,0,1
CI_ Trade Settlement_ Payment Means. Payer_ Specified. CI_ Debtor_ Financial Institution,0,1
CI_ Trade Settlement_ Payment Means. Payee_ Specified. CI_ Creditor_ Financial Institution,0,1
CI_ Trade Settlement_ Payment Means. Applicable. Trade Settlement_ Financial Card,0,1
CI_ Trade_ Accounting Account. Details,,
CI_ Trade_ Accounting Account. Identification. Identifier,1,1
CI_ Trade_ Accounting Account. Set Trigger. Code,0,1
CI_ Trade_ Accounting Account. Type. Code,0,1
CI_ Trade_ Accounting Account. Amount Type. Code,0,1
CI_ Trade_ Accounting Account. Name. Text,0,1
CI_ Trade_ Accounting Account. Cost Reference Dimension Pattern. Text,0,1
CI_ Trade_ Accounting Account. Sub Account. Identifier,0,1
CI_ Trade_ Address. Details,,
CI_ Trade_ Address. Identification. Identifier,0,1
CI_ Trade_ Address. Postcode. Code,0,1
CI_ Trade_ Address. Post Office Box. Text,0,1
CI_ Trade_ Address. Building Name. Text,0,1
CI_ Trade_ Address. Line One. Text,0,1
CI_ Trade_ Address. Line Two. Text,0,1
CI_ Trade_ Address. Line Three. Text,0,1
CI_ Trade_ Address. Line Four. Text,0,1
CI_ Trade_ Address. Line Five. Text,0,1
CI_ Trade_ Address. Street Name. Text,0,1
CI_ Trade_ Address. City Name. Text,0,1
CI_ Trade_ Address. City Sub-Division Name. Text,0,1
CI_ Trade_ Address. Country. Identifier,0,1
CI_ Trade_ Address. Country Name. Text,0,unbounded
CI_ Trade_ Address. Country Sub-Division. Identifier,0,1
CI_ Trade_ Address. Country Sub-Division Name. Text,0,unbounded
CI_ Trade_ Address. Attention Of. Text,0,1
CI_ Trade_ Address. Care Of. Text,0,1
CI_ Trade_ Address. Building Number. Text,0,1
CI_ Trade_ Address. Additional_ Street Name. Text,0,1
CI_ Trade_ Address. Department Name. Text,0,1
CI_ Trade_ Allowance Charge. Details,,
CI_ Trade_ Allowance Charge. Charge. Indicator,0,1
CI_ Trade_ Allowance Charge. Identification. Identifier,0,1
CI_ Trade_ Allowance Charge. Sequence. Numeric,0,1
CI_ Trade_ Allowance Charge. Calculation. Percent,0,1
CI_ Trade_ Allowance Charge. Basis. Quantity,0,1
CI_ Trade_ Allowance Charge. Prepaid. Indicator,0,1
CI_ Trade_ Allowance Charge. Actual. Amount,0,unbounded
CI_ Trade_ Allowance Charge. Reason. Code,0,1
CI_ Trade_ Allowance Charge. Reason. Text,0,1
CI_ Trade_ Allowance Charge. Type. Code,0,1
CI_ Trade_ Allowance Charge. Basis. Amount,0,1
CI_ Trade_ Allowance Charge. Unit_ Basis. Amount,0,1
CI_ Trade_ Allowance Charge. Category. CI_ Trade_ Tax,0,unbounded
CI_ Trade_ Allowance Charge. Actual. CI_ Trade_ Currency Exchange,0,1
CI_ Trade_ Contact. Details,,
CI_ Trade_ Contact. Identification. Identifier,0,1
CI_ Trade_ Contact. Person Name. Text,0,1
CI_ Trade_ Contact. Department Name. Text,0,1
CI_ Trade_ Contact. Type. Code,0,1
CI_ Trade_ Contact. Job Title. Text,0,1
CI_ Trade_ Contact. Responsibility. Text,0,1
CI_ Trade_ Contact. Person_ Identification. Identifier,0,unbounded
CI_ Trade_ Contact. Authorized_ Person Name. Text,0,1
CI_ Trade_ Contact. Telephone. CI_ Universal_ Communication,0,1
CI_ Trade_ Contact. Direct_ Telephone. CI_ Universal_ Communication,0,1
CI_ Trade_ Contact. Mobile_ Telephone. CI_ Universal_ Communication,0,1
CI_ Trade_ Contact. Fax. CI_ Universal_ Communication,0,1
CI_ Trade_ Contact. Email_ URI. CI_ Universal_ Communication,0,1
CI_ Trade_ Contact. Telex. CI_ Universal_ Communication,0,1
CI_ Trade_ Contact. VOIP. CI_ Universal_ Communication,0,1
CI_ Trade_ Contact. Instant Messaging. CI_ Universal_ Communication,0,1
CI_ Trade_ Contact. Specified. CI_ Note,0,unbounded
CI_ Trade_ Contact. Specified. CI_ Contact_ Person,0,1
CI_ Trade_ Country Sub-Division. Details,,
CI_ Trade_ Country Sub-Division. Identification. Identifier,0,1
CI_ Trade_ Country Sub-Division. Name. Text,0,unbounded
CI_ Trade_ Country. Details,,
CI_ Trade_ Country. Identification. Identifier,0,1
CI_ Trade_ Country. Name. Text,0,unbounded
CI_ Trade_ Country. Subordinate. CI_ Trade_ Country Sub-Division,0,unbounded
CI_ Trade_ Currency Exchange. Details,,
CI_ Trade_ Currency Exchange. Source Currency. Code,1,1
CI_ Trade_ Currency Exchange. Source Unit Basis. Numeric,0,1
CI_ Trade_ Currency Exchange. Target Currency. Code,1,1
CI_ Trade_ Currency Exchange. Target Unit Base. Numeric,0,1
CI_ Trade_ Currency Exchange. Market. Identifier,0,1
CI_ Trade_ Currency Exchange. Conversion. Rate,1,1
CI_ Trade_ Currency Exchange. Conversion Rate. Date Time,0,1
CI_ Trade_ Currency Exchange. Referenced. CI_ Referenced_ Document,0,1
CI_ Trade_ Delivery Terms. Details,,
CI_ Trade_ Delivery Terms. Delivery Type. Code,0,1
CI_ Trade_ Delivery Terms. Description. Text,0,unbounded
CI_ Trade_ Delivery Terms. Delivery Discontinuation. Code,0,1
CI_ Trade_ Delivery Terms. Partial Delivery Allowed. Indicator,0,1
CI_ Trade_ Delivery Terms. Relevant. CI_ Trade_ Location,0,1
CI_ Trade_ Location. Details,,
CI_ Trade_ Location. Country. Identifier,0,1
CI_ Trade_ Location. Country Name. Text,0,1
CI_ Trade_ Location. Identification. Identifier,0,1
CI_ Trade_ Location. Name. Text,0,1
CI_ Trade_ Party. Details,,
CI_ Trade_ Party. Identification. Identifier,0,unbounded
CI_ Trade_ Party. Global_ Identification. Identifier,0,unbounded
CI_ Trade_ Party. Name. Text,0,1
CI_ Trade_ Party. Role. Code,0,unbounded
CI_ Trade_ Party. Description. Text,0,unbounded
CI_ Trade_ Party. Registered_ Identification. Identifier,0,1
CI_ Trade_ Party. DUNS_ Identification. Identifier,0,1
CI_ Trade_ Party. Type. Code,0,unbounded
CI_ Trade_ Party. Specified. CI_ Legal_ Organization,0,1
CI_ Trade_ Party. Defined. CI_ Trade_ Contact,0,unbounded
CI_ Trade_ Party. Postal. CI_ Trade_ Address,0,1
CI_ Trade_ Party. URI. CI_ Universal_ Communication,0,unbounded
CI_ Trade_ Party. Specified. CI_ Tax_ Registration,0,unbounded
CI_ Trade_ Party. End Point_ URI. CI_ Universal_ Communication,0,1
CI_ Trade_ Party. Logo_ Associated. Specified_ Binary File,0,unbounded
CI_ Trade_ Party. Specified. CI_ Logistics_ Location,0,1
CI_ Trade_ Payment Discount Terms. Details,,
CI_ Trade_ Payment Discount Terms. Basis. Date Time,0,1
CI_ Trade_ Payment Discount Terms. Basis Period. Measure,0,1
CI_ Trade_ Payment Discount Terms. Basis. Amount,0,1
CI_ Trade_ Payment Discount Terms. Calculation. Percent,0,1
CI_ Trade_ Payment Discount Terms. Actual Discount. Amount,0,1
CI_ Trade_ Payment Penalty Terms. Details,,
CI_ Trade_ Payment Penalty Terms. Basis. Date Time,0,1
CI_ Trade_ Payment Penalty Terms. Basis Period. Measure,0,1
CI_ Trade_ Payment Penalty Terms. Basis. Amount,0,1
CI_ Trade_ Payment Penalty Terms. Calculation. Percent,0,1
CI_ Trade_ Payment Penalty Terms. Actual Penalty. Amount,0,1
CI_ Trade_ Payment Terms. Details,,
CI_ Trade_ Payment Terms. Identification. Identifier,0,1
CI_ Trade_ Payment Terms. From Event. Code,0,1
CI_ Trade_ Payment Terms. Settlement Period. Measure,0,1
CI_ Trade_ Payment Terms. Description. Text,0,unbounded
CI_ Trade_ Payment Terms. Due Date. Date Time,0,1
CI_ Trade_ Payment Terms. Instruction_ Type. Code,0,1
CI_ Trade_ Payment Terms. Payment Means_ Identification. Identifier,0,unbounded
CI_ Trade_ Payment Terms. Partial Payment. Percent,0,1
CI_ Trade_ Payment Terms. Direct Debit Mandate_ Identification. Identifier,0,unbounded
CI_ Trade_ Payment Terms. Type. Code,0,1
CI_ Trade_ Payment Terms. Partial Payment. Amount,0,unbounded
CI_ Trade_ Payment Terms. Bill Start. Date Time,0,1
CI_ Trade_ Payment Terms. Instructed. Amount,0,1
CI_ Trade_ Payment Terms. Applicable. CI_ Trade_ Payment Penalty Terms,0,1
CI_ Trade_ Payment Terms. Applicable. CI_ Trade_ Payment Discount Terms,0,1
CI_ Trade_ Payment Terms. Payee. CI_ Trade_ Party,0,unbounded
CI_ Trade_ Price. Details,,
CI_ Trade_ Price. Type. Code,0,1
CI_ Trade_ Price. Charge. Amount,1,unbounded
CI_ Trade_ Price. Basis. Quantity,0,1
CI_ Trade_ Price. Order_ Unit Conversion Factor. Numeric,0,1
CI_ Trade_ Price. Change Reason. Text,0,unbounded
CI_ Trade_ Price. Minimum. Quantity,0,1
CI_ Trade_ Price. Maximum. Quantity,0,1
CI_ Trade_ Price. Type. Text,0,unbounded
CI_ Trade_ Price. Basis. Date Time,0,1
CI_ Trade_ Price. Applied. CI_ Trade_ Allowance Charge,0,unbounded
CI_ Trade_ Price. Validity. CI_ Specified_ Period,0,1
CI_ Trade_ Price. Referenced. CI_ Referenced_ Document,0,unbounded
CI_ Trade_ Price. Delivery. CI_ Trade_ Location,0,unbounded
CI_ Trade_ Price. Trade_ Comparison. Reference_ Price,0,unbounded
CI_ Trade_ Product Instance. Details,,
CI_ Trade_ Product Instance. Global Serial_ Identification. Identifier,0,1
CI_ Trade_ Product Instance. Batch_ Identification. Identifier,0,1
CI_ Trade_ Product Instance. Kanban_ Identification. Identifier,0,1
CI_ Trade_ Product Instance. Supplier Assigned Serial_ Identification. Identifier,0,1
CI_ Trade_ Product Instance. Best Before. Date Time,0,1
CI_ Trade_ Product Instance. Expiry. Date Time,0,1
CI_ Trade_ Product Instance. Sell By. Date Time,0,1
CI_ Trade_ Product Instance. Serial_ Identification. Identifier,0,unbounded
CI_ Trade_ Product Instance. Registration_ Identification. Identifier,0,unbounded
CI_ Trade_ Product Instance. Product. CI_ Product_ Characteristic,0,unbounded
CI_ Trade_ Product Instance. Production. CI_ Supply Chain_ Event,0,1
CI_ Trade_ Product Instance. Packaging. CI_ Supply Chain_ Event,0,1
CI_ Trade_ Product Instance. Applicable. CI_ Material_ Goods Characteristic,0,unbounded
CI_ Trade_ Product. Details,,
CI_ Trade_ Product. Identification. Identifier,0,1
CI_ Trade_ Product. Global_ Identification. Identifier,0,1
CI_ Trade_ Product. Seller Assigned_ Identification. Identifier,0,1
CI_ Trade_ Product. Buyer Assigned_ Identification. Identifier,0,1
CI_ Trade_ Product. Manufacturer Assigned_ Identification. Identifier,0,1
CI_ Trade_ Product. Name. Text,0,unbounded
CI_ Trade_ Product. Trade_ Name. Text,0,1
CI_ Trade_ Product. Description. Text,0,unbounded
CI_ Trade_ Product. Type. Code,0,1
CI_ Trade_ Product. Net Weight. Measure,0,1
CI_ Trade_ Product. Gross Weight. Measure,0,1
CI_ Trade_ Product. Drained_ Net Weight. Measure,0,1
CI_ Trade_ Product. Brand_ Name. Text,0,1
CI_ Trade_ Product. Sub-Brand_ Name. Text,0,1
CI_ Trade_ Product. Product Group. Identifier,0,unbounded
CI_ Trade_ Product. Area Density. Measure,0,1
CI_ Trade_ Product. Colour. Code,0,1
CI_ Trade_ Product. Colour_ Description. Text,0,unbounded
CI_ Trade_ Product. Use_ Description. Text,0,unbounded
CI_ Trade_ Product. Designation. Text,0,unbounded
CI_ Trade_ Product. End Item_ Name. Text,0,unbounded
CI_ Trade_ Product. Latest_ Product Data Change. Date Time,0,1
CI_ Trade_ Product. End Item_ Type. Code,0,unbounded
CI_ Trade_ Product. Variable Measure. Indicator,0,1
CI_ Trade_ Product. Additional_ Description. Text,0,unbounded
CI_ Trade_ Product. Batch_ Identification. Identifier,0,unbounded
CI_ Trade_ Product. Common_ Name. Text,0,unbounded
CI_ Trade_ Product. Concise_ Description. Text,0,unbounded
CI_ Trade_ Product. Configurable. Indicator,0,1
CI_ Trade_ Product. Content_ Unit. Quantity,0,1
CI_ Trade_ Product. Customer Assigned_ Identification. Identifier,0,unbounded
CI_ Trade_ Product. Gross Volume. Measure,0,unbounded
CI_ Trade_ Product. Industry Assigned_ Identification. Identifier,0,unbounded
CI_ Trade_ Product. Model_ Identification. Identifier,0,unbounded
CI_ Trade_ Product. Net Volume. Measure,0,unbounded
CI_ Trade_ Product. Recycling_ Type. Code,0,1
CI_ Trade_ Product. Status. Code,0,unbounded
CI_ Trade_ Product. Unit_ Type. Code,0,unbounded
CI_ Trade_ Product. Export. Indicator,0,1
CI_ Trade_ Product. Size. Code,0,1
CI_ Trade_ Product. Size_ Description. Text,0,unbounded
CI_ Trade_ Product. Classification. Code,0,1
CI_ Trade_ Product. Applicable. CI_ Product_ Characteristic,0,unbounded
CI_ Trade_ Product. Applicable. CI_ Material_ Goods Characteristic,0,unbounded
CI_ Trade_ Product. Designated. CI_ Product_ Classification,0,unbounded
CI_ Trade_ Product. Individual. CI_ Trade_ Product Instance,0,unbounded
CI_ Trade_ Product. Certification Evidence_ Reference. CI_ Referenced_ Document,0,unbounded
CI_ Trade_ Product. Inspection_ Reference. CI_ Referenced_ Document,0,unbounded
CI_ Trade_ Product. Origin. CI_ Trade_ Country,0,1
CI_ Trade_ Product. Linear. CI_ Spatial_ Dimension,0,1
CI_ Trade_ Product. Minimum_ Linear. CI_ Spatial_ Dimension,0,1
CI_ Trade_ Product. Maximum_ Linear. CI_ Spatial_ Dimension,0,1
CI_ Trade_ Product. Manufacturer. CI_ Trade_ Party,0,1
CI_ Trade_ Product. MSDS_ Reference. CI_ Referenced_ Document,0,1
CI_ Trade_ Product. Additional_ Reference. CI_ Referenced_ Document,0,unbounded
CI_ Trade_ Product. Information. CI_ Note,0,unbounded
CI_ Trade_ Product. Brand Owner. CI_ Trade_ Party,0,1
CI_ Trade_ Product. Legal Rights Owner. CI_ Trade_ Party,0,1
CI_ Trade_ Product. Presentation. Specified_ Binary File,0,unbounded
CI_ Trade_ Product. Buyer Supplied Parts_ Reference. CI_ Referenced_ Document,0,unbounded
CI_ Trade_ Tax. Details,,
CI_ Trade_ Tax. Calculated. Amount,0,unbounded
CI_ Trade_ Tax. Type. Code,0,1
CI_ Trade_ Tax. Exemption Reason. Text,0,1
CI_ Trade_ Tax. Calculated. Rate,0,1
CI_ Trade_ Tax. Calculation Sequence. Numeric,0,1
CI_ Trade_ Tax. Basis. Quantity,0,1
CI_ Trade_ Tax. Basis. Amount,0,unbounded
CI_ Trade_ Tax. Unit_ Basis. Amount,0,unbounded
CI_ Trade_ Tax. Category. Code,0,1
CI_ Trade_ Tax. Currency. Code,0,1
CI_ Trade_ Tax. Jurisdiction. Text,0,unbounded
CI_ Trade_ Tax. Customs Duty. Indicator,0,1
CI_ Trade_ Tax. Exemption Reason. Code,0,1
CI_ Trade_ Tax. Tax Basis Allowance. Rate,0,1
CI_ Trade_ Tax. Tax Point. Date,0,1
CI_ Trade_ Tax. Type. Text,0,1
CI_ Trade_ Tax. Information. Amount,0,unbounded
CI_ Trade_ Tax. Category Name. Text,0,unbounded
CI_ Trade_ Tax. Due Date Type. Code,0,1
CI_ Trade_ Tax. Rate_ Applicable. Percent,0,1
CI_ Trade_ Tax. Grand Total. Amount,0,1
CI_ Trade_ Tax. Calculation Method. Code,0,1
CI_ Trade_ Tax. Local Tax System. Identifier,0,1
CI_ Trade_ Tax. Specified. CI_ Trade_ Accounting Account,0,unbounded
CI_ Trade_ Tax. Buyer Deductible Tax_ Specified. CI_ Trade_ Accounting Account,0,1
CI_ Trade_ Tax. Buyer Non-Deductible Tax_ Specified. CI_ Trade_ Accounting Account,0,1
CI_ Trade_ Tax. Buyer Repayable Tax_ Specified. CI_ Trade_ Accounting Account,0,1
CI_ Trade_ Tax. Seller Payable Tax_ Specified. CI_ Trade_ Accounting Account,0,1
CI_ Trade_ Tax. Seller Refundable Tax_ Specified. CI_ Trade_ Accounting Account,0,1
CI_ Trade_ Tax. Service Supply. CI_ Trade_ Country,0,1
CI_ Trade_ Tax. Place_ Applicable. CI_ Trade_ Location,0,unbounded
CI_ Transport_ Cargo Insurance. Details,,
CI_ Transport_ Cargo Insurance. Coverage. Code,0,1
CI_ Transport_ Cargo Insurance. Coverage Description. Text,0,1
CI_ Transport_ Cargo Insurance. Contract General Conditions. Text,0,1
CI_ Transport_ Cargo Insurance. Coverage. CI_ Trade_ Party,0,1
CI_ Transport_ Dangerous Goods. Details,,
CI_ Transport_ Dangerous Goods. UNDG Identification. Code,0,1
CI_ Transport_ Dangerous Goods. Regulation. Code,0,1
CI_ Transport_ Dangerous Goods. Regulation Name. Text,0,unbounded
CI_ Transport_ Dangerous Goods. Technical Name. Text,0,unbounded
CI_ Transport_ Dangerous Goods. EMS. Identifier,0,1
CI_ Transport_ Dangerous Goods. Packaging Danger Level. Code,0,1
CI_ Transport_ Dangerous Goods. Hazard Classification. Identifier,0,1
CI_ Transport_ Dangerous Goods. Additional_ Hazard Classification. Identifier,0,1
CI_ Transport_ Dangerous Goods. Proper Shipping Name. Text,0,1
CI_ Transport_ Dangerous Goods. Limited Quantity. Code,0,unbounded
CI_ Transport_ Dangerous Goods. Transport Expert. CI_ Trade_ Contact,0,1
CI_ Transport_ Dangerous Goods. Flashpoint Temperature. Measurement,0,1
CI_ Transport_ Event. Details,,
CI_ Transport_ Event. Estimated_ Occurrence. Date Time,0,1
CI_ Transport_ Event. Scheduled_ Occurrence. Date Time,0,1
CI_ Transport_ Event. Requested_ Occurrence. Date Time,0,1
CI_ Transport_ Event. Actual_ Occurrence. Date Time,0,1
CI_ Transport_ Event. Occurrence. Logistics_ Location,0,1
CI_ Universal_ Communication. Details,,
CI_ Universal_ Communication. URI. Identifier,0,1
CI_ Universal_ Communication. Channel. Code,0,1
CI_ Universal_ Communication. Complete Number. Text,0,1
CI_ Workflow Object. Details,,
CI_ Workflow Object. Identification. Identifier,1,1
CI_ Workflow Object. Status. Code,1,1
CI_ Workflow Object. Previous_ Status. Code,0,1
Client_ Business Account. Details,,
Client_ Business Account. Identification. Identifier,0,1
Client_ Business Account. Number_ Identification. Identifier,0,1
Client_ Financial Account. Details,,
Client_ Financial Account. IBAN_ Identification. Identifier,0,1
Client_ Financial Account. Account Name. Text,0,1
Client_ Financial Account. Currency. Code,0,1
Client_ Financial Account. Servicing. Payment_ Financial Institution,0,1
Commodity Origin_ Country. Details,,
Commodity Origin_ Country. Identification. Identifier,0,1
Commodity Origin_ Country. Name. Text,0,1
Communication_ Event. Details,,
Communication_ Event. Identification. Identifier,0,1
Communication_ Event. Occurrence. Date Time,0,1
Communication_ Event. Type. Code,0,1
Communication_ Event. Description. Text,0,unbounded
Communication_ Event. Unit. Quantity,0,1
Communication_ Event. Reason. Code,0,1
Communication_ Event. Value. Measure,0,1
Communication_ Event. Operational_ Responsible. Trade_ Party,0,1
Communication_ Event. Occurrence. Logistics_ Location,0,1
Communication_ Event. Associated. Specified_ Geographical Feature,0,unbounded
Communication_ Pairing. Details,,
Communication_ Pairing. Paired. Indicator,0,1
Communication_ Pairing. Method. Code,0,1
Communication_ Pairing. Target Entity. Identifier,0,1
Communication_ Pairing. Matching. Communication_ Event,0,unbounded
Complaint_ Issue. Details,,
Complaint_ Issue. Identification. Identifier,0,1
Complaint_ Issue. Type. Code,0,unbounded
Complaint_ Issue. Severity. Code,0,unbounded
Complaint_ Issue. Description. Text,0,1
Complaint_ Issue. Closed. Indicator,0,1
Completed Waste Recovery Disposal_ Process. Details,,
Completed Waste Recovery Disposal_ Process. Type. Code,0,unbounded
Completed Waste Recovery Disposal_ Process. Description. Text,0,1
Completed Waste Recovery Disposal_ Process. End. Date Time,0,1
Compliance_ Policy. Details,,
Compliance_ Policy. Identification. Identifier,0,unbounded
Compliance_ Policy. Description. Text,0,unbounded
Compliance_ Policy. Applicable. Referenced_ Standard,0,unbounded
Conformance_ Certificate. Details,,
Conformance_ Certificate. Identification. Identifier,0,1
Conformance_ Certificate. Type. Code,0,1
Conformance_ Certificate. Software Operating System. Text,0,1
Conformance_ Certificate. Issue. Date Time,0,1
Conformance_ Certificate. Issuing_ Party. Identifier,0,unbounded
Consignee_ Party. Details,,
Consignee_ Party. Primary_ Identification. Identifier,1,1
Consignee_ Party. Additional_ Identification. Identifier,0,unbounded
Consignee_ Party. Tax_ Identification. Identifier,0,unbounded
Consignee_ Party. Name. Text,0,1
Consignee_ Party. Postal. Structured_ Address,0,1
Consignee_ Party. Postal. Unstructured_ Address,0,1
Consignee_ Party. Postal. Post Box_ Address,0,1
Consignee_ Party. Defined. Trade_ Contact,0,unbounded
Consignor_ Party. Details,,
Consignor_ Party. Primary_ Identification. Identifier,1,1
Consignor_ Party. Additional_ Identification. Identifier,0,unbounded
Consignor_ Party. Tax_ Identification. Identifier,0,unbounded
Consignor_ Party. Name. Text,0,1
Consignor_ Party. Postal. Structured_ Address,0,1
Consignor_ Party. Postal. Unstructured_ Address,0,1
Consignor_ Party. Postal. Post Box_ Address,0,1
Consignor_ Party. Defined. Trade_ Contact,0,unbounded
Construction_ Event. Details,,
Construction_ Event. Description. Text,0,unbounded
Construction_ Event. Occurrence. Date Time,0,1
Construction_ Event. Related. Construction_ Location,0,1
Construction_ Location. Details,,
Construction_ Location. Country. Identifier,0,1
Construction_ Location. Description. Text,0,unbounded
Construction_ Location. Geopolitical Region. Code,0,1
Construction_ Location. Identification. Identifier,0,unbounded
Construction_ Location. Name. Text,0,unbounded
Construction_ Location. Type. Code,0,1
Construction_ Location. Specified. Contact_ Party,0,unbounded
Construction_ Location. Physical. Structured_ Address,0,1
Contact_ Party. Details,,
Contact_ Party. Identification. Identifier,0,unbounded
Contact_ Party. Name. Text,0,1
Contact_ Party. Description. Text,0,unbounded
Contact_ Party. Nationality_ Country. Identifier,0,unbounded
Contact_ Party. Language. Code,0,unbounded
Contact_ Party. Residence Country. Identifier,0,1
Contact_ Party. Role. Code,0,unbounded
Contact_ Party. Specified. Structured_ Address,0,unbounded
Contact_ Party. Specified. Contact_ Person,0,unbounded
Contact_ Party. Telephone. Telecommunication_ Communication,0,unbounded
Contact_ Party. Fax. Telecommunication_ Communication,0,unbounded
Contact_ Party. URI. Email_ Communication,0,unbounded
Contact_ Party. Specified. Universal_ Communication,0,unbounded
Contact_ Person. Details,,
Contact_ Person. Title. Text,0,1
Contact_ Person. Given Name. Text,0,1
Contact_ Person. Middle Name. Text,0,1
Contact_ Person. Family Name Prefix. Text,0,1
Contact_ Person. Family Name. Text,0,unbounded
Contact_ Person. Name Suffix. Text,0,1
Contact_ Person. Gender. Code,0,1
Contact_ Person. Alias. Text,0,1
Contact_ Person. Birth. Date Time,0,1
Contact_ Person. Birthplace Name. Text,0,1
Contact_ Person. Title. Code,0,1
Contact_ Person. Role. Text,0,unbounded
Contact_ Person. Residence Country. Identifier,0,1
Contact_ Person. Telephone. Telecommunication_ Communication,0,1
Contact_ Person. Fax. Telecommunication_ Communication,0,1
Contact_ Person. Email_ URI. Email_ Communication,0,1
Contact_ Person. Website_ URI. Website_ Communication,0,1
Contact_ Person. Specified. Universal_ Communication,0,unbounded
Contact_ Person. Specified. Birth_ Address,0,1
Contact_ Person. Specified. Employer_ Identity,0,unbounded
Contact_ Person. Specified. Person_ Identity,0,1
Contact_ Person. Specified. Tax_ Registration,0,unbounded
Contact_ Person. Telephone. Universal_ Communication,0,unbounded
Contact_ Person. Fax. Universal_ Communication,0,unbounded
Contact_ Person. Email_ URI. Universal_ Communication,0,unbounded
Contact_ Person. Website_ URI. Universal_ Communication,0,unbounded
Contact_ Person. Instant Messaging. Universal_ Communication,0,unbounded
Contractor_ Party. Details,,
Contractor_ Party. Identification. Identifier,0,1
Contractor_ Party. Name. Text,0,1
Contractor_ Party. Description. Text,0,1
Contractor_ Party. Access Rights. Code,0,1
Contractor_ Party. Language. Code,0,unbounded
Contractor_ Party. Type. Code,0,1
Contractor_ Party. Specified. Project_ Organization,0,1
Contractor_ Party. Specified. Project_ Person,0,1
Contractor_ Party. Specified. Unstructured_ Address,0,1
Contract_ Performance Measurement. Details,,
Contract_ Performance Measurement. Penalty_ Calculation. Percent,0,1
Contract_ Performance Measurement. Bonus_ Calculation. Percent,0,1
Contract_ Performance Measurement. Basis. Amount,0,1
Contract_ Performance Measurement. Actual. Amount,0,1
Contract_ Performance Measurement. Calculated. Amount,0,1
Control Setting_ Parameter. Details,,
Control Setting_ Parameter. Identification. Identifier,0,1
Control Setting_ Parameter. Type. Code,0,1
Control Setting_ Parameter. Status. Code,0,1
Control Setting_ Parameter. Description. Text,0,unbounded
Control Setting_ Parameter. Name. Text,0,1
Control Setting_ Parameter. Value Allowed. Indicator,0,1
Control Setting_ Parameter. Value. Text,0,1
Control Setting_ Parameter. Value. Measure,0,1
Control Setting_ Parameter. Changeable. Indicator,0,1
Control Setting_ Parameter. Requested. Specified_ Range,0,unbounded
Cooperating_ Organization. Details,,
Cooperating_ Organization. Name. Text,0,unbounded
Cooperating_ Organization. Role. Code,0,1
Cooperating_ Organization. Used. Specified_ Information Source,0,unbounded
Corporate_ Accounting Book. Details,,
Corporate_ Accounting Book. Identification. Identifier,0,1
Corporate_ Accounting Book. Test Condition. Indicator,0,1
Corporate_ Accounting Book. Specified. Accounting_ Processed Entity,1,unbounded
Corrective_ Action. Details,,
Corrective_ Action. Type. Code,0,1
Corrective_ Action. Type. Text,0,unbounded
Corrective_ Action. Description. Text,0,unbounded
Corrective_ Event. Details,,
Corrective_ Event. Identification. Identifier,0,1
Cost Report_ Document. Details,,
Cost Report_ Document. Creation. Date Time,0,1
Cost Report_ Document. Submission. Date Time,0,1
Cost Report_ Document. Description. Text,0,1
Cost Report_ Document. Security_ Type. Code,0,1
Cost Report_ Document. Effective. Base_ Period,0,1
Cost Schedule Report_ Document. Details,,
Cost Schedule Report_ Document. Creation. Date Time,0,1
Cost Schedule Report_ Document. Submission. Date Time,0,1
Cost Schedule Report_ Document. Description. Text,0,1
Cost Schedule Report_ Document. Security_ Type. Code,0,1
Cost Schedule Report_ Document. Schedule_ Type. Code,0,1
Cost Schedule Report_ Document. Effective. Base_ Period,0,1
Cost Schedule Report_ Document. Owner. Project_ Party,0,1
Country Section_ Route. Details,,
Country Section_ Route. Description. Text,0,1
Country Section_ Route. Distance. Measure,0,1
Country Section_ Route. Start. Waypoint_ Location,0,1
Country Section_ Route. End. Waypoint_ Location,0,1
Country Section_ Route. Subordinate. Section_ Route,0,unbounded
Credit Transfer_ Payment Transaction Instruction. Details,,
Credit Transfer_ Payment Transaction Instruction. Identification. Identifier,0,1
Credit Transfer_ Payment Transaction Instruction. End-To-End. Identifier,0,1
Credit Transfer_ Payment Transaction Instruction. Priority_ Service Level. Code,0,1
Credit Transfer_ Payment Transaction Instruction. Service Level. Code,0,1
Credit Transfer_ Payment Transaction Instruction. Proprietary_ Service Level. Text,0,1
Credit Transfer_ Payment Transaction Instruction. Clearing Channel. Code,0,1
Credit Transfer_ Payment Transaction Instruction. External_ Local Instrument. Code,0,1
Credit Transfer_ Payment Transaction Instruction. Proprietary_ Local Instrument. Code,0,1
Credit Transfer_ Payment Transaction Instruction. Purpose Category. Code,0,1
Credit Transfer_ Payment Transaction Instruction. External_ Purpose. Code,0,1
Credit Transfer_ Payment Transaction Instruction. Proprietary_ Purpose. Code,0,1
Credit Transfer_ Payment Transaction Instruction. Instructed Transfer. Amount,0,1
Credit Transfer_ Payment Transaction Instruction. Equivalent Transfer. Amount,0,1
Creditor Agent_ Financial Account. Details,,
Creditor Agent_ Financial Account. IBAN_ Identification. Identifier,0,1
Creditor Agent_ Financial Account. BBAN_ Identification. Identifier,0,1
Creditor Agent_ Financial Account. UPIC_ Identification. Identifier,0,1
Creditor Agent_ Financial Account. Proprietary_ Account Name. Text,0,1
Creditor Agent_ Financial Account. Type. Code,0,1
Creditor Agent_ Financial Account. Proprietary_ Type. Text,0,1
Creditor Agent_ Financial Account. Currency. Code,0,1
Creditor Agent_ Financial Account. Account Name. Text,0,1
Creditor Agent_ Financial Account. Proprietary_ Identification. Identifier,0,1
Creditor_ Financial Account. Details,,
Creditor_ Financial Account. IBAN_ Identification. Identifier,0,1
Creditor_ Financial Account. BBAN_ Identification. Identifier,0,1
Creditor_ Financial Account. UPIC_ Identification. Identifier,0,1
Creditor_ Financial Account. Proprietary_ Account Name. Text,0,1
Creditor_ Financial Account. Type. Code,0,1
Creditor_ Financial Account. Proprietary_ Type. Text,0,1
Creditor_ Financial Account. Currency. Code,0,1
Creditor_ Financial Account. Account Name. Text,0,1
Creditor_ Financial Account. Proprietary_ Identification. Identifier,0,1
Creditor_ Financial Institution. Details,,
Creditor_ Financial Institution. BIC. Identifier,0,1
Creditor_ Financial Institution. CHIPS Universal_ Identification. Identifier,0,1
Creditor_ Financial Institution. New Zealand NCC_ Identification. Identifier,0,1
Creditor_ Financial Institution. Irish NSC_ Identification. Identifier,0,1
Creditor_ Financial Institution. UK Sort Code_ Identification. Identifier,0,1
Creditor_ Financial Institution. CHIPS Participant_ Identification. Identifier,0,1
Creditor_ Financial Institution. Swiss BC_ Identification. Identifier,0,1
Creditor_ Financial Institution. Fedwire Routing Number_ Identification. Identifier,0,1
Creditor_ Financial Institution. Portuguese NCC_ Identification. Identifier,0,1
Creditor_ Financial Institution. Russian Central Bank_ Identification. Identifier,0,1
Creditor_ Financial Institution. Italian Domestic_ Identification. Identifier,0,1
Creditor_ Financial Institution. Austrian Bankleitzahl_ Identification. Identifier,0,1
Creditor_ Financial Institution. Canadian Payments Association_ Identification. Identifier,0,1
Creditor_ Financial Institution. SIC_ Identification. Identifier,0,1
Creditor_ Financial Institution. German Bankleitzahl_ Identification. Identifier,0,1
Creditor_ Financial Institution. Spanish Domestic Interbanking_ Identification. Identifier,0,1
Creditor_ Financial Institution. South African NCC_ Identification. Identifier,0,1
Creditor_ Financial Institution. Hong Kong Bank_ Identification. Identifier,0,1
Creditor_ Financial Institution. Australian BSB_ Identification. Identifier,0,1
Creditor_ Financial Institution. Indian Financial System_ Identification. Identifier,0,1
Creditor_ Financial Institution. Hellenic Bank_ Identification. Identifier,0,1
Creditor_ Financial Institution. Polish National Clearing_ Identification. Identifier,0,1
Creditor_ Financial Institution. Name. Text,0,1
Creditor_ Financial Institution. Clearing System Name. Text,0,1
Creditor_ Financial Institution. Sort Code_ Identification. Identifier,0,unbounded
Creditor_ Financial Institution. Japan Financial Institution Common_ Identification. Identifier,0,1
Creditor_ Financial Institution. Australian SN_ Identification. Identifier,0,1
Creditor_ Financial Institution. Additional_ Clearing System. Identifier,0,unbounded
Creditor_ Financial Institution. Location. Financial Institution_ Address,0,1
Creditor_ Financial Institution. Sub-Division. Branch_ Financial Institution,0,1
Creditor_ Financial Institution. Specified. Proprietary_ Identity,0,unbounded
Creditor_ Party. Details,,
Creditor_ Party. BIC_ Identification. Identifier,0,1
Creditor_ Party. IBEI_ Identification. Identifier,0,1
Creditor_ Party. BEI_ Identification. Identifier,0,1
Creditor_ Party. GLN_ Identification. Identifier,0,1
Creditor_ Party. CHIPS Universal_ Identification. Identifier,0,1
Creditor_ Party. DUNS_ Identification. Identifier,0,1
Creditor_ Party. Tax_ Identification. Identifier,0,2
Creditor_ Party. Drivers License_ Identification. Identifier,0,1
Creditor_ Party. Customer_ Identification. Identifier,0,1
Creditor_ Party. Social Security_ Identification. Identifier,0,1
Creditor_ Party. Alien Registration_ Identification. Identifier,0,1
Creditor_ Party. Passport_ Identification. Identifier,0,1
Creditor_ Party. Identity Card_ Identification. Identifier,0,1
Creditor_ Party. Residence Country. Identifier,0,1
Creditor_ Party. Name. Text,0,1
Creditor_ Party. Proprietary_ Identification. Text,0,2
Creditor_ Party. Bank Assigned_ Identification. Text,0,1
Creditor_ Party. Specified. Payment_ Person,0,1
Creditor_ Party. Postal. Financial Institution_ Address,0,1
Creditor_ Party. Specified. Employer_ Identity,0,1
Creditor_ Party. Specified. Proprietary Identification Issuer_ Identity,0,2
Crop Data Sheet_ Document. Details,,
Crop Data Sheet_ Document. Identification. Identifier,1,1
Crop Data Sheet_ Document. Type. Code,1,1
Crop Data Sheet_ Document. Creation. Date Time,1,1
Crop Data Sheet_ Document. Copy. Indicator,1,1
Crop Data Sheet_ Document. Line Count. Numeric,0,1
Crop Data Sheet_ Document. Issuer. Crop Data Sheet_ Party,1,1
Crop Data Sheet_ Document. Recipient. Crop Data Sheet_ Party,1,1
Crop Data Sheet_ Party. Details,,
Crop Data Sheet_ Party. Identification. Identifier,1,1
Crop Data Sheet_ Party. Name. Text,1,1
Crop Data Sheet_ Party. Description. Text,1,1
Crop Data Sheet_ Party. Defined. Party_ Contact,0,1
Crop Data Sheet_ Party. Specified. Structured_ Address,0,1
Crop Input_ Batch. Details,,
Crop Input_ Batch. Identification. Identifier,1,1
Crop Input_ Batch. Weight. Measure,0,1
Crop Input_ Batch. Applicable. Technical_ Characteristic,0,unbounded
Crop Input_ Chemical. Details,,
Crop Input_ Chemical. Type. Code,1,1
Crop Input_ Chemical. Presence. Percent,1,1
Crop Produce_ Batch. Details,,
Crop Produce_ Batch. Identification. Identifier,0,1
Crop Produce_ Batch. Creation. Date Time,0,1
Crop Produce_ Batch. Break Up. Date Time,0,1
Crop Produce_ Batch. Product Name. Text,0,1
Crop Produce_ Batch. Type. Code,0,1
Crop Produce_ Batch. Size. Measure,0,1
Crop Produce_ Batch. Unit. Quantity,0,1
Crop Produce_ Batch. Specified. Quantity,0,1
Crop Produce_ Batch. Nominal Size. Numeric,0,1
Crop Produce_ Batch. Applied Treatment. Text,0,unbounded
Crop Produce_ Batch. Specified. Agricultural_ Characteristic,0,unbounded
Crop Produce_ Batch. Specified. Agricultural_ Certificate,0,unbounded
Crop Produce_ Batch. Specified. Referenced_ Observation Result,0,unbounded
Crop Produce_ Batch. Specified. Crop_ Produce,0,unbounded
Crop Production_ Agricultural Process. Details,,
Crop Production_ Agricultural Process. Type. Code,0,1
Crop Production_ Agricultural Process. Subordinate_ Type. Code,0,1
Crop Production_ Agricultural Process. Earliest_ Start. Date Time,0,1
Crop Production_ Agricultural Process. Actual_ Start. Date Time,0,1
Crop Production_ Agricultural Process. Latest_ End. Date Time,0,1
Crop Production_ Agricultural Process. Actual_ End. Date Time,0,1
Crop Production_ Agricultural Process. Status. Code,0,1
Crop Production_ Agricultural Process. Description. Text,0,1
Crop Production_ Agricultural Process. Harvested. Crop Produce_ Batch,0,unbounded
Crop Production_ Agricultural Process. Used. Specified_ Agricultural Device,0,unbounded
Crop Production_ Agricultural Process. Allocated. Agricultural_ Man Machine System,0,unbounded
Crop Production_ Agricultural Process. Applied. Specified_ Agricultural Application,0,unbounded
Crop Production_ Agricultural Process. Specified. Field_ Crop,0,unbounded
Crop Production_ Agricultural Process. Production Waste. Disposal_ Instructions,0,unbounded
Crop Production_ Agricultural Process. Reported. Production Waste_ Material,0,unbounded
Crop Report_ Document. Details,,
Crop Report_ Document. Identification. Identifier,1,1
Crop Report_ Document. Report Count. Numeric,0,1
Crop Report_ Document. Description. Text,0,1
Crop Report_ Document. Issue. Date Time,1,1
Crop Report_ Document. Type. Code,0,1
Crop Report_ Document. Copy. Indicator,1,1
Crop Report_ Document. Control Requirement. Indicator,1,1
Crop Report_ Document. Purpose. Code,0,1
Crop Report_ Document. Line Count. Numeric,0,1
Crop Report_ Document. Information. Text,0,1
Crop Report_ Document. Status. Code,0,1
Crop Report_ Document. Sequence. Identifier,0,1
Crop Report_ Document. Sender. Specified_ Party,1,1
Crop Report_ Document. Recipient. Specified_ Party,1,1
Crop_ Plot. Details,,
Crop_ Plot. Identification. Identifier,1,1
Crop_ Plot. Start. Date Time,0,1
Crop_ Plot. End. Date Time,0,1
Crop_ Plot. Area. Measure,0,1
Crop_ Plot. Regulatory_ Soil Type. Code,0,1
Crop_ Plot. Regulatory_ Organic. Indicator,0,1
Crop_ Plot. Specified. Agricultural_ Characteristic,0,unbounded
Crop_ Plot. Specified. Agricultural Zone_ Area,0,unbounded
Crop_ Plot. Included. Crop_ Plot,0,unbounded
Crop_ Plot. Specified. Referenced_ Location,0,1
Crop_ Plot. Included. Mobile_ Plot,0,1
Crop_ Plot. Specified. Agricultural_ Certificate,0,unbounded
Crop_ Plot. Grown. Field_ Crop,0,unbounded
Crop_ Plot. Applicable. Crop Production_ Agricultural Process,0,unbounded
Crop_ Plot. Applied. Specified_ Agricultural Application,0,unbounded
Crop_ Produce. Details,,
Crop_ Produce. Identification. Identifier,0,unbounded
Crop_ Produce. Type. Code,0,1
Crop_ Produce. Subordinate_ Type. Code,0,1
Crop_ Produce. Name. Text,0,1
Crop_ Produce. Calculated_ Yield. Measure,0,unbounded
Crop_ Produce. Estimated_ Yield. Measure,0,unbounded
Crop_ Produce. Input_ Specified. Crop Produce_ Batch,0,unbounded
Crop_ Produce. Output_ Specified. Crop Produce_ Batch,1,unbounded
Crop_ Species Variety. Details,,
Crop_ Species Variety. Type. Code,1,1
Crop_ Species Variety. Description. Text,0,1
Cross Border Animal Movement_ Event. Details,,
Cross Border Animal Movement_ Event. Import_ Occurrence. Date Time,0,1
Cross Border Animal Movement_ Event. Export_ Occurrence. Date Time,0,1
Cross Border Animal Movement_ Event. Departure_ Location. Identifier,0,1
Cross Border Animal Movement_ Event. Arrival_ Location. Identifier,0,1
Cross Border Animal Movement_ Event. Origin_ Related. Referenced_ Country,0,1
Cross Border Animal Movement_ Event. Destination_ Related. Referenced_ Country,0,1
Cross Border Animal Movement_ Issue. Details,,
Cross Border Animal Movement_ Issue. Description. Text,0,1
Cross Border Animal Movement_ Issue. Specified. Cross Border Animal Movement_ Event,0,1
Cross-Border_ Cargo. Details,,
Cross-Border_ Cargo. Type. Code,0,unbounded
Cross-Border_ Consignment Item. Details,,
Cross-Border_ Consignment Item. Nature Identification. Cross-Border_ Cargo,0,unbounded
Cross-Border_ Consignment Item. Included. Cross-Border_ Trade Line Item,0,unbounded
Cross-Border_ Consignment. Details,,
Cross-Border_ Consignment. Identification. Identifier,0,1
Cross-Border_ Consignment. Availability Due. Date Time,0,1
Cross-Border_ Consignment. Export Exit. Date Time,0,1
Cross-Border_ Consignment. Ship Stores. Indicator,0,1
Cross-Border_ Consignment. Consignor. Referenced_ Party,0,1
Cross-Border_ Consignment. Consignee. Referenced_ Party,0,1
Cross-Border_ Consignment. Export. Trade_ Country,0,1
Cross-Border_ Consignment. Re-Export. Trade_ Country,0,unbounded
Cross-Border_ Consignment. Storage. Cross-Border_ Event,0,unbounded
Cross-Border_ Consignment. Loading Baseport. Referenced_ Location,0,1
Cross-Border_ Consignment. Import. Trade_ Country,0,1
Cross-Border_ Consignment. Consignee Receipt. Referenced_ Location,0,1
Cross-Border_ Consignment. Transit. Trade_ Country,0,unbounded
Cross-Border_ Consignment. Transit. Referenced_ Location,0,unbounded
Cross-Border_ Consignment. Unloading Baseport. Referenced_ Location,0,1
Cross-Border_ Consignment. Examination. Cross-Border_ Event,0,1
Cross-Border_ Consignment. Carrier. Referenced_ Party,0,1
Cross-Border_ Consignment. Despatch. Referenced_ Party,0,1
Cross-Border_ Consignment. Delivery. Referenced_ Party,0,1
Cross-Border_ Consignment. Customs Transit Agent. Referenced_ Party,0,1
Cross-Border_ Consignment. Main Carriage. Cross-Border_ Transport Movement,0,unbounded
Cross-Border_ Consignment. Utilized. Cross-Border_ Transport Equipment,0,unbounded
Cross-Border_ Consignment. Included. Cross-Border_ Consignment Item,0,unbounded
Cross-Border_ Customs Procedure. Details,,
Cross-Border_ Customs Procedure. Total Payable. Amount,0,1
Cross-Border_ Customs Procedure. Type. Code,0,1
Cross-Border_ Customs Procedure. Previous Procedure. Code,0,1
Cross-Border_ Customs Procedure. Goods Status. Code,0,1
Cross-Border_ Customs Procedure. Request Override. Code,0,1
Cross-Border_ Customs Procedure. Guarantee. Code,0,1
Cross-Border_ Customs Procedure. Guarantee. Text,0,1
Cross-Border_ Customs Procedure. Transaction Nature. Code,0,1
Cross-Border_ Customs Procedure. Amendment Reason. Code,0,unbounded
Cross-Border_ Customs Procedure. Subordinate Category. Code,0,unbounded
Cross-Border_ Customs Procedure. Additional_ Valuation Basis. Amount,0,1
Cross-Border_ Customs Procedure. Total Consignment Value. Amount,0,1
Cross-Border_ Customs Procedure. Duty Payable. Amount,0,unbounded
Cross-Border_ Customs Procedure. Other Charges Payable. Amount,0,1
Cross-Border_ Customs Procedure. Immediate_ Total Payable. Amount,0,1
Cross-Border_ Customs Procedure. Deferred_ Total Payable. Amount,0,1
Cross-Border_ Customs Procedure. Tariff. Quantity,0,unbounded
Cross-Border_ Customs Procedure. Third_ Tariff. Quantity,0,1
Cross-Border_ Customs Procedure. Supplementary_ Tariff. Quantity,0,unbounded
Cross-Border_ Customs Procedure. Statistical_ Tariff. Quantity,0,unbounded
Cross-Border_ Customs Procedure. Tariff Deduction. Quantity,0,unbounded
Cross-Border_ Customs Procedure. Performance. Date Time,0,1
Cross-Border_ Customs Procedure. Export License Control Classification. Identifier,0,1
Cross-Border_ Customs Procedure. Tariff Quota. Identifier,0,1
Cross-Border_ Customs Procedure. Control Start Date Confirmation. Indicator,0,1
Cross-Border_ Customs Procedure. Export_ Control Requirement. Indicator,0,1
Cross-Border_ Customs Procedure. Deferred Payment Method. Indicator,0,1
Cross-Border_ Customs Procedure. Transit_ Control Duration. Measure,0,1
Cross-Border_ Customs Procedure. Information. Text,0,unbounded
Cross-Border_ Customs Procedure. Control Result. Text,0,unbounded
Cross-Border_ Customs Procedure. Origin Criteria. Text,0,1
Cross-Border_ Customs Procedure. Consignment. Cross-Border_ Customs Valuation,0,1
Cross-Border_ Customs Procedure. Applicable. Trade_ Tax,0,unbounded
Cross-Border_ Customs Procedure. Previous. Referenced_ Document,0,unbounded
Cross-Border_ Customs Procedure. Additional. Referenced_ Document,0,unbounded
Cross-Border_ Customs Procedure. Statement. Note,0,unbounded
Cross-Border_ Customs Procedure. Entry Customs Office. Logistics_ Location,0,1
Cross-Border_ Customs Procedure. Exit Customs Office. Logistics_ Location,0,1
Cross-Border_ Customs Procedure. Transit Customs Office. Logistics_ Location,0,1
Cross-Border_ Customs Procedure. Transit Release Customs Office. Logistics_ Location,0,1
Cross-Border_ Customs Procedure. Declaration Lodgement. Logistics_ Location,0,1
Cross-Border_ Customs Procedure. Payment Office. Logistics_ Location,0,1
Cross-Border_ Customs Procedure. Transit_ Consignment Destination. Logistics_ Location,0,1
Cross-Border_ Customs Procedure. Export Customs Office. Logistics_ Location,0,1
Cross-Border_ Customs Procedure. Import Customs Office. Logistics_ Location,0,1
Cross-Border_ Customs Procedure. Applicable. Trade_ Currency Exchange,0,1
Cross-Border_ Customs Procedure. Payer_ Specified. Debtor_ Financial Account,0,unbounded
Cross-Border_ Customs Procedure. Reported. Error_ Status,0,unbounded
Cross-Border_ Customs Procedure. Exemption Claimant. Trade_ Party,0,unbounded
Cross-Border_ Customs Valuation. Details,,
Cross-Border_ Customs Valuation. Added_ Adjustment. Amount,0,1
Cross-Border_ Customs Valuation. Deducted_ Adjustment. Amount,0,1
Cross-Border_ Customs Valuation. Added_ Adjustment. Percent,0,1
Cross-Border_ Customs Valuation. Deducted_ Adjustment. Percent,0,1
Cross-Border_ Customs Valuation. Method. Code,0,1
Cross-Border_ Customs Valuation. WTO Addition. Code,0,1
Cross-Border_ Customs Valuation. Charge Apportion Method. Code,0,1
Cross-Border_ Customs Valuation. Other Charge. Amount,0,unbounded
Cross-Border_ Customs Valuation. Buyer Seller Relationship. Indicator,0,1
Cross-Border_ Customs Valuation. Buyer Seller Relationship Price Influence. Indicator,0,1
Cross-Border_ Customs Valuation. Sale Restriction. Indicator,0,1
Cross-Border_ Customs Valuation. Sale Price Condition. Indicator,0,1
Cross-Border_ Customs Valuation. Royalty License Fee. Indicator,0,1
Cross-Border_ Customs Valuation. Type. Code,0,1
Cross-Border_ Customs Valuation. Sale Restriction. Text,0,unbounded
Cross-Border_ Customs Valuation. Applicable. Trade_ Currency Exchange,0,1
Cross-Border_ Event. Details,,
Cross-Border_ Event. Occurrence. Referenced_ Location,0,unbounded
Cross-Border_ Regulatory Procedure. Details,,
Cross-Border_ Regulatory Procedure. Type. Code,0,unbounded
Cross-Border_ Regulatory Procedure. Previous Procedure Type. Code,0,unbounded
Cross-Border_ Regulatory Procedure. Request Override. Code,0,unbounded
Cross-Border_ Regulatory Procedure. Guarantee. Code,0,1
Cross-Border_ Regulatory Procedure. Guarantee. Text,0,1
Cross-Border_ Regulatory Procedure. Transaction Nature. Code,0,unbounded
Cross-Border_ Regulatory Procedure. Valuation Basis. Amount,0,1
Cross-Border_ Regulatory Procedure. Total Consignment Value. Amount,0,1
Cross-Border_ Regulatory Procedure. Tariff. Quantity,0,unbounded
Cross-Border_ Regulatory Procedure. Tariff Deduction. Quantity,0,unbounded
Cross-Border_ Regulatory Procedure. Performance. Date Time,0,unbounded
Cross-Border_ Regulatory Procedure. Declarant Assigned Declaration. Identifier,0,1
Cross-Border_ Regulatory Procedure. Control Start Date Confirmation. Indicator,0,1
Cross-Border_ Regulatory Procedure. Control Requirement. Indicator,0,1
Cross-Border_ Regulatory Procedure. Tariff. Amount,0,unbounded
Cross-Border_ Regulatory Procedure. Non-Tariff Charge. Amount,0,unbounded
Cross-Border_ Regulatory Procedure. Total Charge. Amount,0,unbounded
Cross-Border_ Regulatory Procedure. Remark. Text,0,unbounded
Cross-Border_ Regulatory Procedure. Quota. Identifier,0,unbounded
Cross-Border_ Regulatory Procedure. Payment Method. Code,0,1
Cross-Border_ Regulatory Procedure. Control Result. Text,0,unbounded
Cross-Border_ Regulatory Procedure. Origin Criteria. Text,0,1
Cross-Border_ Regulatory Procedure. Amendment Reason. Code,0,unbounded
Cross-Border_ Regulatory Procedure. Category. Code,0,unbounded
Cross-Border_ Regulatory Procedure. Used To Date_ Quota. Quantity,0,1
Cross-Border_ Regulatory Procedure. Annual_ Quota. Quantity,0,1
Cross-Border_ Regulatory Procedure. Acquisition. Date Time,0,1
Cross-Border_ Regulatory Procedure. Transport Movement_ Type. Code,0,unbounded
Cross-Border_ Regulatory Procedure. Responsible Agency. Code,0,1
Cross-Border_ Regulatory Procedure. Responsible Agency Involvement. Code,0,unbounded
Cross-Border_ Regulatory Procedure. Responsible Agency Action. Code,0,unbounded
Cross-Border_ Regulatory Procedure. Immediate Payable_ Total Charge. Amount,0,unbounded
Cross-Border_ Regulatory Procedure. Deferred Payable_ Total Charge. Amount,0,unbounded
Cross-Border_ Regulatory Procedure. Deferred Payment Method. Indicator,0,1
Cross-Border_ Regulatory Procedure. Registered Deferred Payment Payer. Identifier,0,1
Cross-Border_ Regulatory Procedure. Goods Status. Code,0,1
Cross-Border_ Regulatory Procedure. Export Licence Control Classification. Identifier,0,1
Cross-Border_ Regulatory Procedure. Certification Basis. Text,0,unbounded
Cross-Border_ Regulatory Procedure. Free Trade Agreement Name. Text,0,1
Cross-Border_ Regulatory Procedure. Previous. Referenced_ Document,0,unbounded
Cross-Border_ Regulatory Procedure. Referenced. Referenced_ Document,0,unbounded
Cross-Border_ Regulatory Procedure. Applicable. Trade_ Tax,0,unbounded
Cross-Border_ Regulatory Procedure. Declaration Lodgement. Logistics_ Location,0,1
Cross-Border_ Regulatory Procedure. Payment Office. Logistics_ Location,0,1
Cross-Border_ Regulatory Procedure. Statement. Note,0,unbounded
Cross-Border_ Regulatory Procedure. Specified. Debtor_ Financial Account,0,unbounded
Cross-Border_ Regulatory Procedure. Reported. Logistics_ Status,0,unbounded
Cross-Border_ Regulatory Procedure. Exemption Claimant. Trade_ Party,0,unbounded
Cross-Border_ Regulatory Procedure. Consignment Destination_ Specified. Logistics_ Location,0,unbounded
Cross-Border_ Regulatory Procedure. Applicable. Trade_ Currency Exchange,0,1
Cross-Border_ Regulatory Procedure. Specified. Cross-Border_ Customs Procedure,0,unbounded
Cross-Border_ Regulatory Procedure. Applicable. Specified_ Period,0,unbounded
Cross-Border_ Regulatory Procedure. Treatment. Transport_ Event,0,unbounded
Cross-Border_ Regulatory Procedure. Examination. Transport_ Event,0,unbounded
Cross-Border_ Regulatory Procedure. Required. Logistics_ Seal,0,unbounded
Cross-Border_ Regulatory Procedure. Border Clearance. Transport_ Instructions,0,unbounded
Cross-Border_ Regulatory Procedure. Entry Customs Office_ Specified. Logistics_ Location,0,1
Cross-Border_ Regulatory Procedure. Exit Customs Office_ Specified. Logistics_ Location,0,1
Cross-Border_ Regulatory Procedure. Import Customs Office_ Specified. Logistics_ Location,0,1
Cross-Border_ Regulatory Procedure. Export Customs Office_ Specified. Logistics_ Location,0,1
Cross-Border_ Regulatory Procedure. Transit Customs Office_ Specified. Logistics_ Location,0,unbounded
Cross-Border_ Regulatory Procedure. Transit Release Customs Office_ Specified. Logistics_ Location,0,unbounded
Cross-Border_ Regulatory Procedure. Required. Applied_ Chemical Treatment,0,unbounded
Cross-Border_ Regulatory Procedure. Required. Certification_ Test Specification Report,0,unbounded
Cross-Border_ Seal. Details,,
Cross-Border_ Seal. Identification. Identifier,0,1
Cross-Border_ Seal. Maximum_ Identification. Identifier,0,1
Cross-Border_ Seal. Issuing. Referenced_ Party,0,1
Cross-Border_ Shipping Marks. Details,,
Cross-Border_ Shipping Marks. Marking. Text,0,unbounded
Cross-Border_ Temperature. Details,,
Cross-Border_ Temperature. Value. Measure,0,1
Cross-Border_ Temperature. Minimum_ Value. Measure,0,1
Cross-Border_ Temperature. Maximum_ Value. Measure,0,1
Cross-Border_ Temperature. Type. Code,0,1
Cross-Border_ Trade Line Item. Details,,
Cross-Border_ Trade Line Item. Sequence. Numeric,0,1
Cross-Border_ Trade Line Item. Description. Text,0,unbounded
Cross-Border_ Trade Line Item. Common_ Name. Text,0,unbounded
Cross-Border_ Trade Line Item. Scientific_ Name. Text,0,unbounded
Cross-Border_ Trade Line Item. Production Batch. Identifier,0,unbounded
Cross-Border_ Trade Line Item. Intended_ Use. Text,0,unbounded
Cross-Border_ Trade Line Item. Expiry. Date Time,0,unbounded
Cross-Border_ Trade Line Item. Net Weight. Measure,0,1
Cross-Border_ Trade Line Item. Gross Weight. Measure,0,1
Cross-Border_ Trade Line Item. Net Volume. Measure,0,1
Cross-Border_ Trade Line Item. Gross Volume. Measure,0,1
Cross-Border_ Trade Line Item. Additional Information. Note,0,unbounded
Cross-Border_ Trade Line Item. Applicable. Product_ Classification,0,unbounded
Cross-Border_ Trade Line Item. Physical. Trade_ Package,0,unbounded
Cross-Border_ Trade Line Item. Associated. Cross-Border_ Transport Equipment,0,unbounded
Cross-Border_ Trade Line Item. Origin. Trade_ Country,0,unbounded
Cross-Border_ Trade Line Item. Origin. Referenced_ Location,0,unbounded
Cross-Border_ Trade Line Item. Applied. Product Handling_ Process,0,unbounded
Cross-Border_ Trade Line Item. Asserted. Document_ Authentication,0,unbounded
Cross-Border_ Transport Equipment. Details,,
Cross-Border_ Transport Equipment. Identification. Identifier,0,1
Cross-Border_ Transport Equipment. Affixed. Cross-Border_ Seal,0,unbounded
Cross-Border_ Transport Equipment. Setting. Cross-Border_ Temperature,0,unbounded
Cross-Border_ Transport Means. Details,,
Cross-Border_ Transport Means. Name. Text,0,1
Cross-Border_ Transport Movement. Details,,
Cross-Border_ Transport Movement. Identification. Identifier,0,1
Cross-Border_ Transport Movement. Mode. Code,0,1
Cross-Border_ Transport Movement. Used. Cross-Border_ Transport Means,0,1
CS Engineering_ Coordinate Reference System. Details,,
CS Engineering_ Coordinate Reference System. Identification. Identifier,1,1
CS Engineering_ Coordinate Reference System. Name. Text,0,1
CS Engineering_ Coordinate Reference System. Level. Text,1,1
CS Engineering_ Coordinate Reference System. Subordinate. CS Engineering_ Coordinate Reference System,0,unbounded
CS Engineering_ Coordinate Reference System. Specified. Delimited_ Period,0,unbounded
Customer Accountant_ Party. Details,,
Customer Accountant_ Party. Primary_ Identification. Identifier,1,1
Customer Accountant_ Party. Additional_ Identification. Identifier,0,unbounded
Customer Accountant_ Party. Tax_ Identification. Identifier,0,unbounded
Customer Accountant_ Party. Name. Text,0,1
Customer Accountant_ Party. Postal. Structured_ Address,0,1
Customer Accountant_ Party. Postal. Unstructured_ Address,0,1
Customer Accountant_ Party. Postal. Post Box_ Address,0,1
Customer Accountant_ Party. Defined. Trade_ Contact,0,unbounded
Customer Class. Details,,
Customer Class. Category. Code,0,1
Customer Class. Category Name. Text,0,1
Customer Class. Upper Age Limit. Numeric,0,1
Customer Class. Lower Age Limit. Numeric,0,1
Customer Class. Gender. Code,0,1
Customer Class. Meal Service Category. Code,0,1
Customer Class. Special Bedding Service Offered. Indicator,0,1
Customer Class. Description. Text,0,1
Customer_ Party. Details,,
Customer_ Party. Primary_ Identification. Identifier,1,1
Customer_ Party. Additional_ Identification. Identifier,0,unbounded
Customer_ Party. Tax_ Identification. Identifier,0,unbounded
Customer_ Party. Name. Text,0,1
Customer_ Party. Postal. Structured_ Address,0,1
Customer_ Party. Postal. Unstructured_ Address,0,1
Customer_ Party. Postal. Post Box_ Address,0,1
Customer_ Party. Defined. Trade_ Contact,0,unbounded
Daily_ Price. Details,,
Daily_ Price. Type. Code,0,1
Daily_ Price. Type. Text,0,1
Daily_ Price. Charge. Date Time,0,1
Daily_ Price. Basic_ Charge. Amount,0,1
Daily_ Price. Extra_ Charge. Amount,0,1
Daily_ Price. Discount_ Charge. Amount,0,1
Daily_ Price. Customer Service Point. Quantity,0,1
Daily_ Price. Service_ Charge. Amount,0,1
Daily_ Price. Travel Product_ Tax_ Charge. Amount,0,1
Daily_ Price. Commission_ Charge. Amount,0,1
Daily_ Price. Tax_ Commission_ Charge. Amount,0,1
Daily_ Price. Cancellation_ Charge. Amount,0,1
Daily_ Price. Information. Text,0,1
Daily_ Price. Charged. Basic_ Price,0,1
Daily_ Price. Charged. Extra_ Price,0,unbounded
Daily_ Price. Charged. Discount_ Price,0,unbounded
Daily_ Price. Charged. Service_ Price,0,1
Daily_ Price. Charged. Travel Product_ Tax,0,unbounded
Daily_ Price. Charged. Cancellation_ Price,0,unbounded
Data Cube_ Code Scheme Reference. Details,,
Data Cube_ Code Scheme Reference. Code Scheme. Identifier,0,1
Data Cube_ Data Structure. Details,,
Data Cube_ Data Structure. Manager. Data Cube_ Maintainable Artefact,0,1
Data Cube_ Data Structure. Specified. Data Cube_ Statistical Dimension Set,0,1
Data Cube_ Data Structure. Specified. Data Cube_ Statistical Dimension Group,0,1
Data Cube_ Data Structure. Specified. Data Cube_ Statistical Attribute Set,0,1
Data Cube_ Data Structure. Specified. Data Cube_ Statistical Measure Set,0,1
Data Cube_ Facet. Details,,
Data Cube_ Facet. Type. Code,0,1
Data Cube_ Facet. Value. Text,0,1
Data Cube_ Facet. Value Type. Code,0,1
Data Cube_ Identifiable Artefact. Details,,
Data Cube_ Identifiable Artefact. Identification. Identifier,0,1
Data Cube_ Identifiable Artefact. URI. Identifier,0,1
Data Cube_ Identifiable Artefact. URN. Identifier,0,1
Data Cube_ Maintainable Artefact. Details,,
Data Cube_ Maintainable Artefact. Agency. Identifier,0,1
Data Cube_ Maintainable Artefact. Modifiable. Indicator,0,1
Data Cube_ Maintainable Artefact. External Reference. Indicator,0,1
Data Cube_ Maintainable Artefact. Document_ URL. Identifier,0,1
Data Cube_ Maintainable Artefact. Web Service_ URL. Identifier,0,1
Data Cube_ Maintainable Artefact. Specified. Data Cube_ Version,0,1
Data Cube_ Maintainable Artefact. Specified. Data Cube_ Nameable Artefact,0,1
Data Cube_ Nameable Artefact. Details,,
Data Cube_ Nameable Artefact. Name. Text,0,unbounded
Data Cube_ Nameable Artefact. Description. Text,0,unbounded
Data Cube_ Nameable Artefact. Associated. Data Cube_ Identifiable Artefact,0,1
Data Cube_ Representation. Details,,
Data Cube_ Representation. Format. Data Cube_ Facet,0,unbounded
Data Cube_ Representation. Identified. Data Cube_ Code Scheme Reference,0,1
Data Cube_ Representation. Identified. Data Cube_ Statistical Concept Scheme Reference,0,1
Data Cube_ Statistical Attribute Relationship. Details,,
Data Cube_ Statistical Attribute Relationship. Data Set Related. Indicator,0,1
Data Cube_ Statistical Attribute Relationship. Primary Measure Related. Indicator,0,1
Data Cube_ Statistical Attribute Relationship. Included. Data Cube_ Statistical Dimension,0,unbounded
Data Cube_ Statistical Attribute Relationship. Included. Data Cube_ Statistical Dimension Group,0,unbounded
Data Cube_ Statistical Attribute Set. Details,,
Data Cube_ Statistical Attribute Set. Associated. Data Cube_ Identifiable Artefact,0,1
Data Cube_ Statistical Attribute Set. Included. Data Cube_ Statistical Attribute,0,unbounded
Data Cube_ Statistical Attribute. Details,,
Data Cube_ Statistical Attribute. Mandatory. Indicator,0,1
Data Cube_ Statistical Attribute. Associated. Data Cube_ Identifiable Artefact,0,1
Data Cube_ Statistical Attribute. Semantic. Data Cube_ Statistical Concept Reference,0,1
Data Cube_ Statistical Attribute. Role. Data Cube_ Statistical Concept Reference,0,unbounded
Data Cube_ Statistical Attribute. Format. Data Cube_ Representation,0,1
Data Cube_ Statistical Attribute. Specified. Data Cube_ Statistical Attribute Relationship,0,1
Data Cube_ Statistical Concept Reference. Details,,
Data Cube_ Statistical Concept Reference. Identification. Identifier,0,1
Data Cube_ Statistical Concept Reference. Concept Scheme. Identifier,0,1
Data Cube_ Statistical Concept Scheme Reference. Details,,
Data Cube_ Statistical Concept Scheme Reference. Identification. Identifier,0,1
Data Cube_ Statistical Dimension Group. Details,,
Data Cube_ Statistical Dimension Group. Associated. Data Cube_ Identifiable Artefact,0,1
Data Cube_ Statistical Dimension Group. Included. Data Cube_ Statistical Dimension,0,unbounded
Data Cube_ Statistical Dimension Set. Details,,
Data Cube_ Statistical Dimension Set. Associated. Data Cube_ Identifiable Artefact,0,1
Data Cube_ Statistical Dimension Set. Included. Data Cube_ Statistical Dimension,0,unbounded
Data Cube_ Statistical Dimension Set. Included. Data Cube_ Statistical Measure Dimension,0,1
Data Cube_ Statistical Dimension Set. Included. Data Cube_ Statistical Time Dimension,0,1
Data Cube_ Statistical Dimension. Details,,
Data Cube_ Statistical Dimension. Sequence. Numeric,0,1
Data Cube_ Statistical Dimension. Associated. Data Cube_ Identifiable Artefact,0,1
Data Cube_ Statistical Dimension. Semantic. Data Cube_ Statistical Concept Reference,0,1
Data Cube_ Statistical Dimension. Role. Data Cube_ Statistical Concept Reference,0,unbounded
Data Cube_ Statistical Dimension. Format. Data Cube_ Representation,0,1
Data Cube_ Statistical Measure Dimension. Details,,
Data Cube_ Statistical Measure Dimension. Sequence. Numeric,0,1
Data Cube_ Statistical Measure Dimension. Enumeration Scheme. Identifier,0,1
Data Cube_ Statistical Measure Dimension. Associated. Data Cube_ Identifiable Artefact,0,1
Data Cube_ Statistical Measure Dimension. Semantic. Data Cube_ Statistical Concept Reference,0,1
Data Cube_ Statistical Measure Dimension. Role. Data Cube_ Statistical Concept Reference,0,unbounded
Data Cube_ Statistical Measure Set. Details,,
Data Cube_ Statistical Measure Set. Associated. Data Cube_ Identifiable Artefact,0,1
Data Cube_ Statistical Measure Set. Primary. Data Cube_ Statistical Measure,0,1
Data Cube_ Statistical Measure. Details,,
Data Cube_ Statistical Measure. Associated. Data Cube_ Identifiable Artefact,0,1
Data Cube_ Statistical Measure. Semantic. Data Cube_ Statistical Concept Reference,0,1
Data Cube_ Statistical Measure. Format. Data Cube_ Representation,0,1
Data Cube_ Statistical Time Dimension. Details,,
Data Cube_ Statistical Time Dimension. Sequence. Numeric,0,1
Data Cube_ Statistical Time Dimension. Associated. Data Cube_ Identifiable Artefact,0,1
Data Cube_ Statistical Time Dimension. Semantic. Data Cube_ Statistical Concept Reference,0,1
Data Cube_ Statistical Time Dimension. Format. Data Cube_ Facet,0,unbounded
Data Cube_ Version. Details,,
Data Cube_ Version. Identification. Identifier,0,1
Data Cube_ Version. Name. Text,0,1
Data Cube_ Version. Validity Start. Date Time,0,1
Data Cube_ Version. Validity End. Date Time,0,1
Data Set_ Version. Details,,
Data Set_ Version. Identification. Identifier,1,1
Data Set_ Version. Name. Text,0,1
Data Set_ Version. Validity Start. Date Time,1,1
Data Set_ Version. Validity End. Date Time,1,1
Data Specification Profile_ Complex Description. Details,,
Data Specification Profile_ Complex Description. Content. Text,1,unbounded
Data Specification Profile_ Complex Description. Subset. Data Specification Profile_ Complex Description,1,unbounded
Data Specification Profile_ Complex Description. Registration. Data Specification_ Identity,1,1
Data Specification Profile_ Complex Description. Response. Summary_ Document,0,1
Data Specification Retrieval_ Query. Details,,
Data Specification Retrieval_ Query. Content. Text,0,1
Data Specification Retrieval_ Query. Registration. Data Specification_ Identity,1,1
Data Specification Retrieval_ Query. Subject. Response_ Identity,0,1
Data Specification Search_ Query. Details,,
Data Specification Search_ Query. Content. Text,0,1
Data Specification Search_ Query. Identification. Identifier,0,1
Data Specification Search_ Query. Simple. Primitive_ Query Parameter,0,1
Data Specification Search_ Query. Compound. Logical_ Query Parameter,0,1
Data Specification_ Complex Description. Details,,
Data Specification_ Complex Description. Content. Text,1,unbounded
Data Specification_ Complex Description. Registration. Data Specification_ Identity,1,1
Data Specification_ Complex Description. Response. Data Specification_ Document,1,unbounded
Data Specification_ Document. Details,,
Data Specification_ Document. Content_ Type. Code,1,1
Data Specification_ Document. Attached. Specified_ Binary File,0,unbounded
Data Specification_ Identity. Details,,
Data Specification_ Identity. Classification_ Identification. Identifier,1,1
Data Specification_ Identity. Identification. Identifier,1,1
Debtor Agent_ Financial Account. Details,,
Debtor Agent_ Financial Account. IBAN_ Identification. Identifier,0,1
Debtor Agent_ Financial Account. BBAN_ Identification. Identifier,0,1
Debtor Agent_ Financial Account. UPIC_ Identification. Identifier,0,1
Debtor Agent_ Financial Account. Proprietary_ Account Name. Text,0,1
Debtor Agent_ Financial Account. Type. Code,0,1
Debtor Agent_ Financial Account. Proprietary_ Type. Text,0,1
Debtor Agent_ Financial Account. Currency. Code,0,1
Debtor Agent_ Financial Account. Account Name. Text,0,1
Debtor Agent_ Financial Account. Proprietary_ Identification. Identifier,0,1
Debtor_ Financial Account. Details,,
Debtor_ Financial Account. IBAN_ Identification. Identifier,0,1
Debtor_ Financial Account. BBAN_ Identification. Identifier,0,1
Debtor_ Financial Account. UPIC_ Identification. Identifier,0,1
Debtor_ Financial Account. Proprietary_ Account Name. Text,0,1
Debtor_ Financial Account. Type. Code,0,1
Debtor_ Financial Account. Proprietary_ Type. Text,0,1
Debtor_ Financial Account. Currency. Code,0,1
Debtor_ Financial Account. Account Name. Text,0,1
Debtor_ Financial Account. Proprietary_ Identification. Identifier,0,1
Debtor_ Financial Institution. Details,,
Debtor_ Financial Institution. BIC. Identifier,0,1
Debtor_ Financial Institution. Clearing System Name. Text,0,1
Debtor_ Financial Institution. CHIPS Universal_ Identification. Identifier,0,1
Debtor_ Financial Institution. New Zealand NCC_ Identification. Identifier,0,1
Debtor_ Financial Institution. Irish NSC_ Identification. Identifier,0,1
Debtor_ Financial Institution. UK Sort Code_ Identification. Identifier,0,1
Debtor_ Financial Institution. CHIPS Participant_ Identification. Identifier,0,1
Debtor_ Financial Institution. Swiss BC_ Identification. Identifier,0,1
Debtor_ Financial Institution. Fedwire Routing Number_ Identification. Identifier,0,1
Debtor_ Financial Institution. Portuguese NCC_ Identification. Identifier,0,1
Debtor_ Financial Institution. Russian Central Bank_ Identification. Identifier,0,1
Debtor_ Financial Institution. Italian Domestic_ Identification. Identifier,0,1
Debtor_ Financial Institution. Austrian Bankleitzahl_ Identification. Identifier,0,1
Debtor_ Financial Institution. Canadian Payments Association_ Identification. Identifier,0,1
Debtor_ Financial Institution. SIC_ Identification. Identifier,0,1
Debtor_ Financial Institution. German Bankleitzahl_ Identification. Identifier,0,1
Debtor_ Financial Institution. Spanish Domestic Interbanking_ Identification. Identifier,0,1
Debtor_ Financial Institution. South African NCC_ Identification. Identifier,0,1
Debtor_ Financial Institution. Hong Kong Bank_ Identification. Identifier,0,1
Debtor_ Financial Institution. Australian BSB_ Identification. Identifier,0,1
Debtor_ Financial Institution. Indian Financial System_ Identification. Identifier,0,1
Debtor_ Financial Institution. Hellenic Bank_ Identification. Identifier,0,1
Debtor_ Financial Institution. Polish National Clearing_ Identification. Identifier,0,1
Debtor_ Financial Institution. Name. Text,0,1
Debtor_ Financial Institution. Japan Financial Institution Common_ Identification. Identifier,0,1
Debtor_ Financial Institution. Location. Financial Institution_ Address,0,1
Debtor_ Financial Institution. Sub-Division. Branch_ Financial Institution,0,1
Debtor_ Party. Details,,
Debtor_ Party. BIC_ Identification. Identifier,0,1
Debtor_ Party. IBEI_ Identification. Identifier,0,1
Debtor_ Party. BEI_ Identification. Identifier,0,1
Debtor_ Party. GLN_ Identification. Identifier,0,1
Debtor_ Party. CHIPS Universal_ Identification. Identifier,0,1
Debtor_ Party. DUNS_ Identification. Identifier,0,1
Debtor_ Party. Tax_ Identification. Identifier,0,2
Debtor_ Party. Drivers License_ Identification. Identifier,0,1
Debtor_ Party. Customer_ Identification. Identifier,0,1
Debtor_ Party. Social Security_ Identification. Identifier,0,1
Debtor_ Party. Alien Registration_ Identification. Identifier,0,1
Debtor_ Party. Passport_ Identification. Identifier,0,1
Debtor_ Party. Identity Card_ Identification. Identifier,0,1
Debtor_ Party. Residence Country. Identifier,0,1
Debtor_ Party. Name. Text,0,1
Debtor_ Party. Bank Assigned_ Identification. Text,0,1
Debtor_ Party. Proprietary_ Identification. Text,0,2
Debtor_ Party. Specified. Payment_ Person,0,1
Debtor_ Party. Postal. Financial Institution_ Address,0,1
Debtor_ Party. Specified. Employer_ Identity,0,1
Debtor_ Party. Specified. Proprietary Identification Issuer_ Identity,0,2
Declared_ Error. Details,,
Declared_ Error. Reason. Code,0,unbounded
Declared_ Error. Issue. Date Time,0,unbounded
Declared_ Error. Associated. Corrective_ Event,0,unbounded
Decomposition Temperature Range_ Measurement. Details,,
Decomposition Temperature Range_ Measurement. Lower Limit_ Comparison Operator. Code,0,1
Decomposition Temperature Range_ Measurement. Upper Limit_ Comparison Operator. Code,0,1
Decomposition Temperature Range_ Measurement. Lower Limit_ Actual. Measure,0,1
Decomposition Temperature Range_ Measurement. Upper Limit_ Actual. Measure,0,1
Decomposition Temperature Range_ Measurement. Test_ Method. Text,0,1
Delegatee_ Organization. Details,,
Delegatee_ Organization. Identification. Identifier,0,1
Delegatee_ Organization. Name. Text,0,1
Delegatee_ Organization. Designated. Tendering_ Contact,0,unbounded
Delegatee_ Organization. Postal. Tendering_ Address,0,1
Delimited_ Accounting Period. Details,,
Delimited_ Accounting Period. Specified. Delimited_ Period,1,1
Delimited_ Accounting Period. Specified. Validity_ Accounting Check,1,1
Delimited_ Period. Details,,
Delimited_ Period. Start. Date Time,0,1
Delimited_ Period. End. Date Time,0,1
Delimited_ Period. Duration. Measure,0,1
Delimited_ Period. Purpose. Code,0,1
Delimited_ Period. Function. Code,0,unbounded
Delimited_ Period. Inclusive. Indicator,0,1
Delimited_ Period. Description. Text,0,unbounded
Delimited_ Period. Complete. Date Time,0,1
Delivery_ Adjustment. Details,,
Delivery_ Adjustment. Reason. Code,0,1
Delivery_ Adjustment. Reason. Text,0,unbounded
Delivery_ Adjustment. Actual. Amount,0,unbounded
Delivery_ Adjustment. Actual. Quantity,0,1
Delivery_ Adjustment. Actual. Date Time,0,1
Delivery_ Instructions. Details,,
Delivery_ Instructions. Handling. Code,0,unbounded
Delivery_ Instructions. Handling. Text,0,unbounded
Delivery_ Instructions. Requirement. Indicator,0,1
Delivery_ Instructions. Procedure. Text,0,unbounded
Delivery_ Instructions. Type. Text,0,unbounded
Delivery_ Instructions. Item Name. Text,0,unbounded
Delivery_ Instructions. Description. Text,0,unbounded
Delivery_ Instructions. Description. Code,0,1
Density Range_ Measurement. Details,,
Density Range_ Measurement. Lower Limit_ Comparison Operator. Code,0,1
Density Range_ Measurement. Upper Limit_ Comparison Operator. Code,0,1
Density Range_ Measurement. Lower Limit_ Actual. Measure,0,1
Density Range_ Measurement. Upper Limit_ Actual. Measure,0,1
Density Range_ Measurement. Test_ Method. Text,0,1
Density Range_ Measurement. Lower Limit Temperature_ Condition. Measure,0,1
Density Range_ Measurement. Upper Limit Temperature_ Condition. Measure,0,1
Density Range_ Measurement. Description. Text,0,1
Discount_ Price. Details,,
Discount_ Price. Type. Code,0,1
Discount_ Price. Type. Text,0,1
Discount_ Price. Seasonal_ Rank. Code,0,1
Discount_ Price. Basis. Quantity,0,1
Discount_ Price. Net Price. Indicator,0,1
Discount_ Price. Charge. Amount,0,1
Discount_ Price. Calculation. Percent,0,1
Discount_ Price. Service_ Charge Applicable. Indicator,0,1
Discount_ Price. Tax_ Charge Applicable. Indicator,0,1
Discount_ Price. Cancellation_ Charge Applicable. Indicator,0,1
Discount_ Price. Commission Paid. Indicator,0,1
Discount_ Price. Reason. Code,0,1
Discount_ Price. Reason Applicable. Quantity,0,1
Discount_ Price. Multiple Reason. Indicator,0,1
Discount_ Price. Validity. Travel Product_ Period,0,unbounded
Discount_ Price. Validity. Seasonal_ Period,0,unbounded
Discount_ Price. Additional Information. Travel Product_ Note,0,unbounded
Discount_ Price. Applicable. Customer Class,0,unbounded
Discount_ Price. Applicable. Lodging House_ Customer Class,0,unbounded
Disease_ Protection Means. Details,,
Disease_ Protection Means. Category. Code,0,1
Disease_ Protection Means. Item. Text,0,unbounded
Disease_ Protection Means. Restriction. Text,0,unbounded
Disease_ Protection Means. Accepted. Indicator,0,1
Disease_ Protection Means. Description. Text,0,unbounded
Disposal_ Instructions. Details,,
Disposal_ Instructions. Handling. Text,0,1
Disposal_ Instructions. RCRA_ Handling. Text,0,1
Disposal_ Instructions. Material. Identifier,0,1
Disposal_ Instructions. Recycling_ Description. Code,0,unbounded
Disposal_ Instructions. Description. Text,0,unbounded
Disposal_ Instructions. Recycling_ Procedure. Text,0,unbounded
Distinct_ Chemical. Details,,
Distinct_ Chemical. Scientific_ Name. Text,0,1
Distinct_ Chemical. Common_ Name. Text,0,unbounded
Distinct_ Chemical. Synonym_ Name. Text,0,unbounded
Distinct_ Chemical. Family_ Name. Text,0,1
Distinct_ Chemical. Molecular_ Weight. Measure,0,1
Distinct_ Chemical. Type. Code,0,1
Distinct_ Chemical. Formula_ Description. Text,0,1
Distinct_ Chemical. Identification. Identifier,0,unbounded
Distinct_ Chemical. Weight. Measure,0,unbounded
Distinct_ Chemical. Mass. Measure,0,unbounded
Distinct_ Chemical. Mass Ratio. Measure,0,unbounded
Distinct_ Chemical. Volume. Measure,0,unbounded
Distinct_ Chemical. Volume Ratio. Measure,0,unbounded
Distinct_ Chemical. Presence. Percent,0,1
Distinct_ Chemical. Presence. Ingredient Range_ Measurement,0,2
Distinct_ Chemical. Applicable. Toxicological_ Hazardous Material,0,2
Distinct_ Chemical. Applicable. Product_ Characteristic,0,unbounded
Distinct_ Chemical. Specified. Product_ Certificate,0,unbounded
Distinct_ Chemical. Applicable. Sustainability_ Characteristic,0,unbounded
Document Context_ Parameter. Details,,
Document Context_ Parameter. Identification. Identifier,0,1
Document Context_ Parameter. Value. Text,0,1
Document Context_ Parameter. Specified. Document_ Version,0,1
Document Handling_ Instructions. Details,,
Document Handling_ Instructions. Procedure. Text,0,unbounded
Document Handling_ Instructions. Requirement. Indicator,0,1
Document Line_ Document. Details,,
Document Line_ Document. Line. Identifier,0,1
Document Line_ Document. UUID_ Line. Identifier,0,1
Document Line_ Document. Parent_ Line. Identifier,0,1
Document Line_ Document. Line Status. Code,0,1
Document Line_ Document. Line Status Reason. Code,0,1
Document Line_ Document. Latest_ Revision. Date Time,0,1
Document Line_ Document. Identification. Identifier,0,1
Document Line_ Document. Issue. Date Time,0,1
Document Line_ Document. Line Status Reason. Text,0,unbounded
Document Line_ Document. Publication. Date Time,0,1
Document Line_ Document. Buyer Assigned_ Category. Code,0,1
Document Line_ Document. Subordinate Line. Identifier,0,unbounded
Document Line_ Document. Category. Code,0,1
Document Line_ Document. Response Reason. Code,0,1
Document Line_ Document. Requested_ Response Type. Code,0,1
Document Line_ Document. Included. Note,0,unbounded
Document Line_ Document. Effective. Specified_ Period,0,1
Document Line_ Document. Reference. Acknowledgement_ Document,0,1
Document Line_ Document. Reference. Referenced_ Document,0,unbounded
Document Preparer_ Party. Details,,
Document Preparer_ Party. Name. Text,1,1
Document_ Authentication. Details,,
Document_ Authentication. Type. Code,0,1
Document_ Authentication. Actual. Date Time,0,1
Document_ Authentication. Identification. Identifier,0,unbounded
Document_ Authentication. Transport Means_ Identification. Identifier,0,1
Document_ Authentication. Information. Text,0,unbounded
Document_ Authentication. Statement. Text,0,1
Document_ Authentication. Statement. Code,0,1
Document_ Authentication. Representation Type. Code,0,1
Document_ Authentication. Signatory. Text,0,1
Document_ Authentication. Signatory_ Image. Binary Object,0,1
Document_ Authentication. Category. Code,0,unbounded
Document_ Authentication. Provider. Referenced_ Party,0,1
Document_ Authentication. Issue. Referenced_ Location,0,1
Document_ Authentication. Location Provider. Referenced_ Party,0,1
Document_ Authentication. Included. Document_ Clause,0,unbounded
Document_ Authentication. Provider. Trade_ Party,0,1
Document_ Authentication. Location Provider. Trade_ Party,0,1
Document_ Authentication. Issue. Logistics_ Location,0,1
Document_ Characteristic. Details,,
Document_ Characteristic. Identification. Identifier,0,unbounded
Document_ Characteristic. Type. Code,0,unbounded
Document_ Characteristic. Value_ Changed. Indicator,0,1
Document_ Characteristic. Value_ Adjustment Direction. Code,0,1
Document_ Characteristic. Name. Text,0,unbounded
Document_ Characteristic. Description. Text,0,unbounded
Document_ Characteristic. Location. Text,0,unbounded
Document_ Characteristic. Value. Text,0,unbounded
Document_ Characteristic. Value. Amount,0,unbounded
Document_ Characteristic. Value. Measure,0,unbounded
Document_ Characteristic. Value. Date Time,0,unbounded
Document_ Characteristic. Value. Code,0,unbounded
Document_ Characteristic. Value. Quantity,0,unbounded
Document_ Characteristic. Value. Numeric,0,unbounded
Document_ Characteristic. Value. Percent,0,unbounded
Document_ Clause. Details,,
Document_ Clause. Identification. Identifier,0,1
Document_ Clause. Content. Text,0,unbounded
Document_ Clause. URL. Identifier,0,1
Document_ Clause. Associated. Measurement,0,unbounded
Document_ Clause. Associated. Specified_ Period,0,unbounded
Document_ Status. Details,,
Document_ Status. Description. Text,0,1
Document_ Status. Reference. Date Time,0,1
Document_ Status. Condition. Code,0,1
Document_ Status. Reason. Code,0,unbounded
Document_ Status. Reason. Text,0,unbounded
Document_ Status. Information. Text,0,unbounded
Document_ Status. Condition. Text,0,unbounded
Document_ Status. Process_ Condition. Code,0,1
Document_ Status. Process_ Condition. Text,0,unbounded
Document_ Status. Reason_ Information. Code,0,1
Document_ Status. Reason_ Information. Text,0,unbounded
Document_ Status. Reason_ Classification. Code,0,1
Document_ Status. Reason_ Classification. Text,0,unbounded
Document_ Status. Requested_ Action. Code,0,1
Document_ Status. Requested_ Action. Text,0,unbounded
Document_ Status. Invalid_ Information. Text,0,1
Document_ Status. Valid_ Information. Text,0,1
Document_ Status. Sequence. Numeric,0,unbounded
Document_ Status. Validity. Specified_ Period,0,unbounded
Document_ Status. Included. Note,0,unbounded
Document_ Status. Specified. Document_ Characteristic,0,unbounded
Document_ Version. Details,,
Document_ Version. Identification. Identifier,0,1
Document_ Version. Name. Text,0,1
Document_ Version. Issue. Date Time,0,1
Ecological Impact_ Goods Characteristic. Details,,
Ecological Impact_ Goods Characteristic. Overview_ Description. Text,0,1
Ecological Impact_ Goods Characteristic. Details_ Description. Text,0,1
Ecological Impact_ Goods Characteristic. Related Impact_ Description. Text,0,1
Ecological Impact_ Goods Characteristic. Test Method. Text,0,1
Electronic_ Negotiation Exchange. Details,,
Electronic_ Negotiation Exchange. Session. Identifier,1,1
Electronic_ Negotiation Exchange. Sequence. Numeric,0,1
Electronic_ Negotiation Exchange. Type. Code,0,1
Electronic_ Negotiation Exchange. Protocol_ Type. Code,0,1
Electronic_ Negotiation Exchange. Response Due. Date Time,0,1
Electronic_ Negotiation Exchange. Specified. Negotiation_ Context,0,unbounded
Electronic_ Negotiation Exchange. Specified. Target_ Issue,0,unbounded
Email_ Communication. Details,,
Email_ Communication. URI. Identifier,0,1
Employer_ Identity. Details,,
Employer_ Identity. Identification. Identifier,0,1
End User_ Party. Details,,
End User_ Party. Primary_ Identification. Identifier,1,1
End User_ Party. Additional_ Identification. Identifier,0,unbounded
End User_ Party. Tax_ Identification. Identifier,0,unbounded
End User_ Party. Name. Text,0,1
End User_ Party. Postal. Structured_ Address,0,1
End User_ Party. Postal. Unstructured_ Address,0,1
End User_ Party. Postal. Post Box_ Address,0,1
End User_ Party. Defined. Trade_ Contact,0,unbounded
Error_ Status. Details,,
Error_ Status. Reason. Code,0,unbounded
Error_ Status. Reason. Text,0,unbounded
Error_ Status. Sequence. Numeric,0,unbounded
Error_ Status. Information. Text,0,1
Evaporation Range_ Measurement. Details,,
Evaporation Range_ Measurement. Lower Limit_ Comparison Operator. Code,0,1
Evaporation Range_ Measurement. Upper Limit_ Comparison Operator. Code,0,1
Evaporation Range_ Measurement. Lower Limit_ Actual. Measure,0,1
Evaporation Range_ Measurement. Upper Limit_ Actual. Measure,0,1
Evaporation Range_ Measurement. Evaporation Rate_ Method. Text,0,1
Evaporation Range_ Measurement. Reference Material_ Description. Text,0,1
Evaporation Range_ Measurement. Evaporation Rate_ Description. Text,0,1
Evidence_ Document. Details,,
Evidence_ Document. Identification. Identifier,1,1
Evidence_ Document. Type. Code,0,1
Evidence_ Document. Purpose. Text,0,1
Evidence_ Document. Receipt. Date Time,0,1
Evidence_ Document. Attachment. Binary Object,0,unbounded
Evidence_ Document. Creation. Date Time,0,1
Evidence_ Document. Justified. Posted_ Accounting Entry,1,unbounded
Evidence_ Document. Production. Production_ Software,0,1
Evidence_ Document. Referenced. Originator_ Accounting Voucher,0,unbounded
Evidence_ Document. Attached. AAA Entry_ Binary File,0,unbounded
Examination Result Notification_ Document. Details,,
Examination Result Notification_ Document. Identification. Identifier,0,1
Examination Result Notification_ Document. Name. Text,0,1
Examination Result Notification_ Document. Issue. Date Time,0,1
Examination Result Notification_ Document. Effective. Tendering_ Period,0,1
Exchanged Document_ Context. Details,,
Exchanged Document_ Context. Specified_ Transaction. Identifier,0,1
Exchanged Document_ Context. Test. Indicator,0,1
Exchanged Document_ Context. Processing_ Transaction. Date Time,0,1
Exchanged Document_ Context. Business Process_ Specified. Document Context_ Parameter,0,unbounded
Exchanged Document_ Context. BIM_ Specified. Document Context_ Parameter,0,unbounded
Exchanged Document_ Context. Scenario_ Specified. Document Context_ Parameter,0,unbounded
Exchanged Document_ Context. Application_ Specified. Document Context_ Parameter,0,unbounded
Exchanged Document_ Context. Guideline_ Specified. Document Context_ Parameter,0,unbounded
Exchanged Document_ Context. Subset_ Specified. Document Context_ Parameter,0,unbounded
Exchanged Document_ Context. Message Standard_ Specified. Document Context_ Parameter,0,1
Exchanged Document_ Context. User_ Specified. Document Context_ Parameter,0,unbounded
Exchanged_ Declaration. Details,,
Exchanged_ Declaration. Identification. Identifier,0,unbounded
Exchanged_ Declaration. Issue. Date Time,0,1
Exchanged_ Declaration. Gross Weight_ Specified. Measure,0,1
Exchanged_ Declaration. Total Package_ Specified. Quantity,0,1
Exchanged_ Declaration. Jurisdiction Entry. Date Time,0,1
Exchanged_ Declaration. Version. Identifier,0,1
Exchanged_ Declaration. Type. Code,0,1
Exchanged_ Declaration. Procedure. Code,0,unbounded
Exchanged_ Declaration. Customs Value_ Specified. Amount,0,1
Exchanged_ Declaration. Statistical Value_ Specified. Amount,0,1
Exchanged_ Declaration. Total Invoice_ Specified. Amount,0,1
Exchanged_ Declaration. Currency Exchange. Rate,0,1
Exchanged_ Declaration. Specific Circumstance. Code,0,1
Exchanged_ Declaration. Declarant. Trade_ Party,0,1
Exchanged_ Declaration. Declarant Agent. Trade_ Party,0,1
Exchanged_ Declaration. Submission. Logistics_ Location,0,1
Exchanged_ Declaration. Applicable. Cross-Border_ Customs Valuation,0,1
Exchanged_ Declaration. Previous. Referenced_ Document,0,unbounded
Exchanged_ Declaration. Principal_ Associated. Trade_ Party,0,unbounded
Exchanged_ Declaration. Additional_ Statement. Note,0,unbounded
Exchanged_ Declaration. Associated. Referenced_ Document,0,unbounded
Exchanged_ Document. Details,,
Exchanged_ Document. Identification. Identifier,0,1
Exchanged_ Document. Name. Text,0,unbounded
Exchanged_ Document. Description. Text,0,unbounded
Exchanged_ Document. Type. Code,0,1
Exchanged_ Document. Status. Code,0,1
Exchanged_ Document. Issue. Date Time,0,1
Exchanged_ Document. Copy. Indicator,0,1
Exchanged_ Document. Purpose. Text,0,1
Exchanged_ Document. Submission. Date Time,0,1
Exchanged_ Document. Control Requirement. Indicator,0,1
Exchanged_ Document. Attachment. Binary Object,0,unbounded
Exchanged_ Document. Item Identification. Identifier,0,1
Exchanged_ Document. Remarks. Text,0,unbounded
Exchanged_ Document. Language. Identifier,0,unbounded
Exchanged_ Document. Line Count. Numeric,0,1
Exchanged_ Document. Acceptance. Date Time,0,1
Exchanged_ Document. Original Required. Quantity,0,1
Exchanged_ Document. Copy Required. Quantity,0,1
Exchanged_ Document. Original Issued. Quantity,0,1
Exchanged_ Document. Copy Issued. Quantity,0,1
Exchanged_ Document. Purpose. Code,0,unbounded
Exchanged_ Document. Amendment_ Purpose. Code,0,unbounded
Exchanged_ Document. Information. Text,0,unbounded
Exchanged_ Document. Disposition. Text,0,unbounded
Exchanged_ Document. Electronic Presentation. Indicator,0,1
Exchanged_ Document. Page. Identifier,0,1
Exchanged_ Document. Revision. Date Time,0,1
Exchanged_ Document. Line_ Item. Quantity,0,1
Exchanged_ Document. Trader Assigned_ Identification. Identifier,0,unbounded
Exchanged_ Document. Sender Assigned_ Identification. Identifier,0,unbounded
Exchanged_ Document. Recipient Assigned_ Identification. Identifier,0,unbounded
Exchanged_ Document. Customs_ Identification. Identifier,0,unbounded
Exchanged_ Document. Version_ Identification. Identifier,0,1
Exchanged_ Document. Global_ Identification. Identifier,0,1
Exchanged_ Document. Revision_ Identification. Identifier,0,1
Exchanged_ Document. Previous Revision_ Identification. Identifier,0,1
Exchanged_ Document. Total Page. Quantity,0,1
Exchanged_ Document. Category. Code,0,1
Exchanged_ Document. Header_ Information. Text,0,unbounded
Exchanged_ Document. Summary_ Information. Text,0,unbounded
Exchanged_ Document. Cancellation. Date Time,0,1
Exchanged_ Document. Rejection_ Response. Date Time,0,unbounded
Exchanged_ Document. Response. Date Time,0,unbounded
Exchanged_ Document. Suffix_ Identification. Identifier,0,unbounded
Exchanged_ Document. Response Reason. Code,0,unbounded
Exchanged_ Document. Requested_ Response Type. Code,0,unbounded
Exchanged_ Document. Response Document_ Type. Code,0,unbounded
Exchanged_ Document. Creation. Date Time,0,1
Exchanged_ Document. Urgency. Code,0,1
Exchanged_ Document. Additional_ Identification. Identifier,0,unbounded
Exchanged_ Document. Urgency. Text,0,unbounded
Exchanged_ Document. Offset Processing_ Status. Text,0,unbounded
Exchanged_ Document. First Version Issue. Date Time,0,1
Exchanged_ Document. Subtype. Code,0,1
Exchanged_ Document. Amendment_ Purpose. Text,0,unbounded
Exchanged_ Document. Issuer. Referenced_ Party,0,1
Exchanged_ Document. Recipient. Referenced_ Party,0,unbounded
Exchanged_ Document. Included. Note,0,unbounded
Exchanged_ Document. Reference. Referenced_ Document,0,unbounded
Exchanged_ Document. Signatory. Document_ Authentication,0,unbounded
Exchanged_ Document. Effective. Specified_ Period,0,1
Exchanged_ Document. Owner. Trade_ Party,0,1
Exchanged_ Document. Issue. Logistics_ Location,0,1
Exchanged_ Document. Lodgement. Logistics_ Location,0,1
Exchanged_ Document. Contractual. Document_ Clause,0,unbounded
Exchanged_ Document. First_ Signatory. Document_ Authentication,0,1
Exchanged_ Document. Second_ Signatory. Document_ Authentication,0,1
Exchanged_ Document. Third_ Signatory. Document_ Authentication,0,1
Exchanged_ Document. Fourth_ Signatory. Document_ Authentication,0,1
Exchanged_ Document. Sender. Trade_ Party,0,1
Exchanged_ Document. Agent. Trade_ Party,0,unbounded
Exchanged_ Document. Issuer. Trade_ Party,0,1
Exchanged_ Document. Recipient. Trade_ Party,0,unbounded
Exchanged_ Document. Attached. Specified_ Binary File,0,unbounded
Exchanged_ Document. Buyer_ Signatory. Document_ Authentication,0,1
Exchanged_ Document. Approver_ Signatory. Document_ Authentication,0,1
Exchanged_ Document. Platform Provider. Trade_ Party,0,unbounded
Exhibit_ Contract Line Item. Details,,
Exhibit_ Contract Line Item. Identification. Identifier,0,1
Exhibit_ Contract Line Item. Description. Text,0,1
Exhibit_ Contract Line Item. Identified. Amount,0,1
Exhibit_ Contract Line Item. Actual_ Unit. Amount,0,1
Exhibit_ Contract Line Item. Total. Quantity,0,1
Exhibit_ Contract Line Item. Measurement. Code,0,1
Exhibit_ Contract Line Item. Total_ Actual. Amount,0,1
Expected_ Measurement. Details,,
Expected_ Measurement. Value. Measure,0,1
Expected_ Measurement. Value. Code,0,1
Expected_ Measurement. Basis. Code,0,1
Expected_ Measurement. Minimum_ Value. Measure,0,1
Expected_ Measurement. Maximum_ Value. Measure,0,1
Expected_ Measurement. Description. Text,0,1
Experience Item_ Preference. Details,,
Experience Item_ Preference. Preferred_ Item. Text,0,unbounded
Experience Item_ Preference. Disliked_ Item. Text,0,unbounded
Experience Item_ Preference. Priority_ Ranking. Numeric,0,1
Experience Item_ Preference. Description. Text,0,unbounded
Experience Item_ Voucher. Details,,
Experience Item_ Voucher. Face. Amount,0,unbounded
Experience Item_ Voucher. Type. Code,0,1
Experience Item_ Voucher. Identification. Identifier,0,1
Experience Item_ Voucher. Issue. Date Time,0,1
Experience Item_ Voucher. Issuing Company Name. Text,0,unbounded
Experience Item_ Voucher. Description. Text,0,unbounded
Experience Item_ Voucher. Applicable. Indicator,0,1
Experience Program_ Action. Details,,
Experience Program_ Action. Type. Code,0,1
Experience Program_ Action. Type. Text,0,unbounded
Experience Program_ Action. Status. Code,0,1
Experience Program_ Action. Description. Text,0,unbounded
Experience Program_ Action. Specified. Trade_ Party,0,unbounded
Experience_ Event. Details,,
Experience_ Event. Date_ Sequence. Numeric,0,1
Experience_ Event. Name. Text,0,unbounded
Experience_ Event. Basic_ Objective. Text,0,unbounded
Experience_ Event. Identification. Identifier,0,1
Experience_ Event. Choice_ Allowed. Indicator,0,1
Experience_ Event. Reservation_ Required. Indicator,0,1
Experience_ Event. Location. Text,0,unbounded
Experience_ Event. Meeting. Date Time,0,1
Experience_ Event. Break Up. Date Time,0,1
Experience_ Event. Instruction. Text,0,unbounded
Experience_ Event. Reservation_ Guarantee. Text,0,unbounded
Experience_ Event. Indemnity_ Clause. Text,0,unbounded
Experience_ Event. Description. Text,0,unbounded
Experience_ Event. Provided. Specified_ Requirement,0,unbounded
Experience_ Event. Required. Specified_ Usage Condition,0,1
Experience_ Event. Specified. Trade_ Party,0,unbounded
Experience_ Event. Distinctive. Specified_ Feature,0,unbounded
Experience_ Event. Provided. Specified_ Certificate,0,unbounded
Experience_ Event. Calculated. Trade_ Price,0,unbounded
Experience_ Event. Operational. Specified_ Period,0,unbounded
Experience_ Event. Applicable. Specified_ Note,0,unbounded
Experience_ Facility. Details,,
Experience_ Facility. Name. Text,0,unbounded
Experience_ Facility. Identification. Identifier,0,1
Experience_ Facility. Type. Code,0,1
Experience_ Facility. Type. Text,0,unbounded
Experience_ Facility. Architectural_ Style. Text,0,unbounded
Experience_ Facility. Completion. Date Time,0,1
Experience_ Facility. Latest_ Renovation. Date Time,0,1
Experience_ Facility. Description. Text,0,unbounded
Experience_ Facility. Used. Water_ Source,0,unbounded
Experience_ Facility. Available. Specified_ Route,0,unbounded
Experience_ Facility. Physical. Specified_ Location,0,unbounded
Experience_ Facility. Specified. Universal_ Communication,0,unbounded
Experience_ Product. Details,,
Experience_ Product. Identification. Identifier,0,1
Experience_ Product. Theme. Text,0,unbounded
Experience_ Product. Theme Type. Code,0,1
Experience_ Product. Category. Code,0,1
Experience_ Product. Name. Text,0,unbounded
Experience_ Product. Brand_ Name. Text,0,unbounded
Experience_ Product. Objective. Text,0,unbounded
Experience_ Product. Instruction. Text,0,unbounded
Experience_ Product. Location. Text,0,unbounded
Experience_ Product. Reservation_ Guarantee. Text,0,unbounded
Experience_ Product. Indemnity_ Clause. Text,0,unbounded
Experience_ Product. Description. Text,0,unbounded
Experience_ Product. Certified Person_ Arrangement. Indicator,0,1
Experience_ Product. Maximum_ Unit. Quantity,0,1
Experience_ Product. Minimum_ Unit. Quantity,0,1
Experience_ Product. Applicable Quantity Unit_ Type. Code,0,1
Experience_ Product. Required Reservation_ Guarantee. Indicator,0,1
Experience_ Product. Included. Experience_ Event,0,unbounded
Experience_ Product. Optional. Experience_ Product,0,unbounded
Experience_ Product. Provided. Specified_ Certificate,0,unbounded
Experience_ Product. Provided. Specified_ Requirement,0,unbounded
Experience_ Product. Distinctive. Specified_ Feature,0,unbounded
Experience_ Product. Operational. Specified_ Period,0,unbounded
Experience_ Product. Required. Specified_ Usage Condition,0,unbounded
Experience_ Product. Applicable. Specified_ Note,0,unbounded
Experience_ Product. Calculated. Trade_ Price,0,unbounded
Experience_ Product. Specified. Trade_ Party,0,unbounded
Explosive Limits Concentration Range_ Measurement. Details,,
Explosive Limits Concentration Range_ Measurement. Lower Limit_ Actual. Measure,0,1
Explosive Limits Concentration Range_ Measurement. Upper Limit_ Actual. Measure,0,1
Exposure Control_ Instructions. Details,,
Exposure Control_ Instructions. Ventilation_ Handling. Text,0,unbounded
Exposure Control_ Instructions. Work Hygienic Recommended_ Procedure. Text,0,1
Extra_ Price. Details,,
Extra_ Price. Type. Code,0,1
Extra_ Price. Type. Text,0,1
Extra_ Price. Seasonal_ Rank. Code,0,1
Extra_ Price. Basis. Quantity,0,1
Extra_ Price. Net Price. Indicator,0,1
Extra_ Price. Charge. Amount,0,1
Extra_ Price. Calculation. Percent,0,1
Extra_ Price. Service_ Charge Applicable. Indicator,0,1
Extra_ Price. Tax_ Charge Applicable. Indicator,0,1
Extra_ Price. Cancellation_ Charge Applicable. Indicator,0,1
Extra_ Price. Commission Paid. Indicator,0,1
Extra_ Price. Reason. Code,0,1
Extra_ Price. Reason Applicable. Quantity,0,1
Extra_ Price. Multiple Reason. Indicator,0,1
Extra_ Price. Validity. Travel Product_ Period,0,unbounded
Extra_ Price. Validity. Seasonal_ Period,0,unbounded
Extra_ Price. Additional Information. Travel Product_ Note,0,unbounded
Extra_ Price. Applicable. Customer Class,0,unbounded
Extra_ Price. Applicable. Lodging House_ Customer Class,0,unbounded
FA Report_ Document. Details,,
FA Report_ Document. Type. Code,0,1
FA Report_ Document. FMC_ Marker. Code,0,1
FA Report_ Document. Related_ Report. Identifier,0,unbounded
FA Report_ Document. Acceptance. Date Time,0,1
FA Report_ Document. Transmission. Date Time,0,1
FA Report_ Document. Related. FLUX Report_ Document,1,1
FA Report_ Document. Specified. Fishing_ Activity,0,unbounded
FA Report_ Document. Specified. Vessel_ Transport Means,0,1
FA Report_ Document. Specified. FLUX_ Characteristic,0,unbounded
Facility_ Production Unit. Details,,
Facility_ Production Unit. Identification. Identifier,0,unbounded
Facility_ Production Unit. Global_ Identification. Identifier,0,unbounded
Facility_ Production Unit. Type. Code,0,1
Facility_ Production Unit. Name. Text,0,1
Facility_ Production Unit. Description. Text,0,unbounded
Facility_ Production Unit. Construction. Date,0,1
Facility_ Production Unit. Completion. Date,0,1
Facility_ Production Unit. Dedicated. Production_ Facility,0,unbounded
Facility_ Production Unit. Applicable. Production_ Machine,0,unbounded
Facility_ Production Unit. Applicable. Specified_ Production Device,0,unbounded
Facility_ Production Unit. Input_ Applicable. Product_ Batch,0,unbounded
Facility_ Production Unit. Input_ Applicable. Trade_ Product,0,unbounded
Facility_ Production Unit. Input_ Applicable. Specified_ Material,0,unbounded
Facility_ Production Unit. Output_ Applicable. Product_ Batch,0,unbounded
Facility_ Production Unit. Output_ Applicable. Trade_ Product,0,unbounded
Facility_ Production Unit. Output_ Applicable. Specified_ Material,0,unbounded
Facility_ Production Unit. Physical. Referenced_ Location,0,unbounded
Facility_ Production Unit. Related. Trade_ Party,0,unbounded
Facility_ Production Unit. Subcontractor. Trade_ Party,0,unbounded
Facility_ Production Unit. Manufacturer. Trade_ Party,0,unbounded
Facility_ Production Unit. Applicable. Production_ Process,0,unbounded
Facility_ Production Unit. Specified. Product Batch_ Certificate,0,unbounded
Facility_ Production Unit. Specified. Process_ Certificate,0,unbounded
Facility_ Production Unit. Specified. Product_ Certificate,0,unbounded
Facility_ Production Unit. Specified. Organizational_ Certificate,0,unbounded
Facility_ Production Unit. Applicable. Sustainability_ Characteristic,0,unbounded
Facility_ Production Unit. Subordinate. Facility_ Production Unit,0,unbounded
Factor_ Currency Exchange. Details,,
Factor_ Currency Exchange. Target Unit Base. Numeric,0,1
Factor_ Currency Exchange. Rate Type. Code,0,1
Factor_ Currency Exchange. Applicable. Foreign Exchange_ Contract,0,1
FA_ Catch. Details,,
FA_ Catch. Species. Code,1,1
FA_ Catch. Unit. Quantity,0,1
FA_ Catch. Weight. Measure,0,1
FA_ Catch. Weighing Means. Code,0,1
FA_ Catch. Usage. Code,0,1
FA_ Catch. Type. Code,0,1
FA_ Catch. Tolerance Margin. Numeric,0,1
FA_ Catch. Related. Fishing_ Trip,0,unbounded
FA_ Catch. Specified. Size_ Distribution,0,1
FA_ Catch. Related. AAP_ Stock,0,unbounded
FA_ Catch. Applied. AAP_ Process,0,unbounded
FA_ Catch. Related. Sales_ Batch,0,unbounded
FA_ Catch. Specified. FLUX_ Location,0,unbounded
FA_ Catch. Used. Fishing_ Gear,0,unbounded
FA_ Catch. Applicable. FLUX_ Characteristic,0,unbounded
FA_ Catch. Destination. FLUX_ Location,0,unbounded
FA_ Catch. Specified. Delimited_ Period,0,unbounded
FA_ Query Parameter. Details,,
FA_ Query Parameter. Type. Code,1,1
FA_ Query Parameter. Value. Code,0,1
FA_ Query Parameter. Value. Date Time,0,1
FA_ Query Parameter. Value. Identifier,0,1
FA_ Query. Details,,
FA_ Query. Identification. Identifier,1,1
FA_ Query. Submitted. Date Time,1,1
FA_ Query. Type. Code,1,1
FA_ Query. Specified. Delimited_ Period,0,1
FA_ Query. Submitter. FLUX_ Party,0,1
FA_ Query. Simple. FA_ Query Parameter,0,unbounded
Field_ Crop Mixture Constituent. Details,,
Field_ Crop Mixture Constituent. Crop_ Proportion. Percent,1,1
Field_ Crop Mixture Constituent. Specified. Botanical_ Crop,1,1
Field_ Crop. Details,,
Field_ Crop. Sowing_ Period. Code,0,1
Field_ Crop. Purpose. Code,0,unbounded
Field_ Crop. Planting Reason. Code,0,unbounded
Field_ Crop. Description. Text,0,1
Field_ Crop. Classification. Code,0,unbounded
Field_ Crop. Cultivation Type. Code,0,1
Field_ Crop. Propagation Material. Indicator,0,1
Field_ Crop. Cultivation Coverage. Code,0,unbounded
Field_ Crop. Cultivation Medium. Code,0,1
Field_ Crop. Cultivation Container. Code,0,1
Field_ Crop. Harvest. Date Time,0,1
Field_ Crop. Class Name. Text,0,1
Field_ Crop. Production_ Period. Code,0,1
Field_ Crop. Production_ Environment. Code,0,1
Field_ Crop. Grown_ Previous. Field_ Crop,0,unbounded
Field_ Crop. Grown. Crop_ Plot,1,1
Field_ Crop. Specified. Field_ Crop Mixture Constituent,1,unbounded
Field_ Crop. Harvested. Crop_ Produce,0,unbounded
Field_ Crop. Specified. Referenced_ Observation Result,0,unbounded
Field_ Crop. Applicable. Crop Production_ Agricultural Process,0,unbounded
Field_ Crop. Specified. Single_ Agronomical Observation,0,unbounded
Field_ Crop. Specified. Agricultural_ Characteristic,0,unbounded
Field_ Crop. Applied. Specified_ Agricultural Application,0,unbounded
Field_ Crop. Specified. Agricultural Extreme_ Weather Condition,0,unbounded
Financial Institution_ Address. Details,,
Financial Institution_ Address. Postcode. Code,0,1
Financial Institution_ Address. Building Number. Text,0,1
Financial Institution_ Address. Line One. Text,0,1
Financial Institution_ Address. Line Two. Text,0,1
Financial Institution_ Address. Line Three. Text,0,1
Financial Institution_ Address. Line Four. Text,0,1
Financial Institution_ Address. Line Five. Text,0,1
Financial Institution_ Address. Street Name. Text,0,1
Financial Institution_ Address. City Name. Text,0,1
Financial Institution_ Address. Country Sub-Division. Identifier,0,1
Financial Institution_ Address. Country. Identifier,0,1
Financial Institution_ Address. Type. Code,0,1
Financial Institution_ Address. Department Name. Text,0,1
Financial Institution_ Address. Post Office Box. Text,0,1
Financial Institution_ Address. City. Identifier,0,1
Financial Institution_ Address. Country Sub-Division Name. Text,0,1
Financial Institution_ Address. Country Name. Text,0,1
Financial Invoicee_ Party. Details,,
Financial Invoicee_ Party. BIC_ Identification. Identifier,0,1
Financial Invoicee_ Party. IBEI_ Identification. Identifier,0,1
Financial Invoicee_ Party. BEI_ Identification. Identifier,0,1
Financial Invoicee_ Party. GLN_ Identification. Identifier,0,1
Financial Invoicee_ Party. CHIPS Universal_ Identification. Identifier,0,1
Financial Invoicee_ Party. DUNS_ Identification. Identifier,0,1
Financial Invoicee_ Party. Tax_ Identification. Identifier,0,2
Financial Invoicee_ Party. Drivers License_ Identification. Identifier,0,1
Financial Invoicee_ Party. Customer_ Identification. Identifier,0,1
Financial Invoicee_ Party. Social Security_ Identification. Identifier,0,1
Financial Invoicee_ Party. Alien Registration_ Identification. Identifier,0,1
Financial Invoicee_ Party. Passport_ Identification. Identifier,0,1
Financial Invoicee_ Party. Identity Card_ Identification. Identifier,0,1
Financial Invoicee_ Party. Residence Country. Identifier,0,1
Financial Invoicee_ Party. Name. Text,0,1
Financial Invoicee_ Party. Bank Assigned_ Identification. Text,0,1
Financial Invoicee_ Party. Proprietary_ Identification. Text,0,2
Financial Invoicee_ Party. Specified. Payment_ Person,0,1
Financial Invoicee_ Party. Specified. Employer_ Identity,0,1
Financial Invoicee_ Party. Postal. Financial Institution_ Address,0,1
Financial Invoicee_ Party. Specified. Proprietary Identification Issuer_ Identity,0,2
Financial Invoicer_ Party. Details,,
Financial Invoicer_ Party. BIC_ Identification. Identifier,0,1
Financial Invoicer_ Party. IBEI_ Identification. Identifier,0,1
Financial Invoicer_ Party. BEI_ Identification. Identifier,0,1
Financial Invoicer_ Party. GLN_ Identification. Identifier,0,1
Financial Invoicer_ Party. CHIPS Universal_ Identification. Identifier,0,1
Financial Invoicer_ Party. DUNS_ Identification. Identifier,0,1
Financial Invoicer_ Party. Tax_ Identification. Identifier,0,2
Financial Invoicer_ Party. Drivers License_ Identification. Identifier,0,1
Financial Invoicer_ Party. Customer_ Identification. Identifier,0,1
Financial Invoicer_ Party. Social Security_ Identification. Identifier,0,1
Financial Invoicer_ Party. Alien Registration_ Identification. Identifier,0,1
Financial Invoicer_ Party. Passport_ Identification. Identifier,0,1
Financial Invoicer_ Party. Identity Card_ Identification. Identifier,0,1
Financial Invoicer_ Party. Residence Country. Identifier,0,1
Financial Invoicer_ Party. Name. Text,0,1
Financial Invoicer_ Party. Bank Assigned_ Identification. Text,0,1
Financial Invoicer_ Party. Proprietary_ Identification. Text,0,2
Financial Invoicer_ Party. Specified. Payment_ Person,0,1
Financial Invoicer_ Party. Specified. Employer_ Identity,0,1
Financial Invoicer_ Party. Postal. Financial Institution_ Address,0,1
Financial Invoicer_ Party. Specified. Proprietary Identification Issuer_ Identity,0,2
Financial_ Adjustment. Details,,
Financial_ Adjustment. Reason. Code,0,unbounded
Financial_ Adjustment. Reason. Text,0,unbounded
Financial_ Adjustment. Actual. Amount,0,unbounded
Financial_ Adjustment. Actual. Quantity,0,1
Financial_ Adjustment. Actual. Date Time,0,1
Financial_ Adjustment. Direction. Code,0,1
Financial_ Adjustment. Claim_ Related. Trade_ Party,0,1
Financial_ Adjustment. Invoice_ Reference. Referenced_ Document,0,1
Financial_ Adjustment. Related. Trade_ Tax,0,unbounded
Financial_ Booking. Details,,
Financial_ Booking. Actual. Date Time,0,unbounded
Financial_ Booking. Credit. Date Time,0,1
Financial_ Booking. Debit. Date Time,0,1
Financial_ Guarantee. Details,,
Financial_ Guarantee. Description. Text,0,unbounded
Financial_ Guarantee. Liability. Amount,0,unbounded
Financial_ Guarantee. Condition. Text,0,unbounded
Financial_ Guarantee. Effective. Delimited_ Period,0,1
Financial_ Identity. Details,,
Financial_ Identity. BIC_ Identification. Identifier,0,1
Financial_ Identity. IBEI_ Identification. Identifier,0,1
Financial_ Identity. BEI_ Identification. Identifier,0,1
Financial_ Identity. CHIPS Universal_ Identification. Identifier,0,1
Financial_ Identity. Agent Assigned Customer_ Identification. Identifier,0,1
Financial_ Identity. Bank Assigned_ Identification. Identifier,0,1
Financial_ Regulatory Reporting. Details,,
Financial_ Regulatory Reporting. Credit Debit_ Type. Code,0,1
Financial_ Regulatory Reporting. Purpose. Code,0,1
Financial_ Regulatory Reporting. Reported. Amount,0,1
Financial_ Regulatory Reporting. Information. Text,0,1
Financial_ Regulatory Reporting. Authority. Administration_ Party,0,1
Financing Request Result_ Document. Details,,
Financing Request Result_ Document. Financed_ Total. Amount,0,unbounded
Financing Request Result_ Document. Financed_ Rate. Percent,0,1
Financing Request Result_ Document. Specified. Financing_ Status,0,1
Financing Request_ Document. Details,,
Financing Request_ Document. Group_ Identification. Identifier,0,1
Financing Request_ Document. Grouped Transaction_ Specified. Quantity,0,1
Financing Request_ Document. Grouped Transaction_ Total. Amount,0,unbounded
Financing Request_ Document. Creation. Date Time,0,1
Financing Request_ Document. Copy. Indicator,0,1
Financing Request_ Document. Authorization. Text,0,unbounded
Financing Request_ Document. Cancellation Reason. Text,0,unbounded
Financing Request_ Document. Currency. Code,0,1
Financing Request_ Document. Agreement_ Information. Text,0,unbounded
Financing Request_ Document. First Agent_ Specified. Creditor_ Financial Institution,0,1
Financing Request_ Document. Intermediary_ Specified. Creditor_ Financial Institution,0,1
Financing Request_ Document. Specified. Requesting_ Party,0,1
Financing Request_ Document. Specified. Cancellation_ Status,0,unbounded
Financing Request_ Document. Specified. Validation_ Status,0,1
Financing Request_ Document. Contractual. Document_ Clause,0,unbounded
Financing Request_ Document. Additional Information_ Included. Note,0,unbounded
Financing Summary_ Document. Details,,
Financing Summary_ Document. Financed Transaction_ Specified. Quantity,0,1
Financing Summary_ Document. Accepted Transaction Original_ Total. Amount,0,unbounded
Financing Summary_ Document. Financed_ Total. Amount,0,unbounded
Financing Summary_ Document. Financed Applied_ Rate. Percent,0,1
Financing Summary_ Document. Related. Financial_ Booking,0,1
Financing Summary_ Document. Line Of Credit_ Specified. Financing_ Financial Account,0,1
Financing Summary_ Document. Specified. Creditor_ Financial Account,0,1
Financing_ Financial Account. Details,,
Financing_ Financial Account. IBAN_ Identification. Identifier,0,1
Financing_ Financial Account. BBAN_ Identification. Identifier,0,1
Financing_ Financial Account. UPIC_ Identification. Identifier,0,1
Financing_ Financial Account. Type. Code,0,1
Financing_ Financial Account. Proprietary_ Type. Text,0,1
Financing_ Financial Account. Currency. Code,0,1
Financing_ Financial Account. Account Name. Text,0,1
Financing_ Financial Account. Proprietary_ Identification. Identifier,0,1
Financing_ Status. Details,,
Financing_ Status. Condition. Code,0,1
Financing_ Status. Reason. Code,0,1
Financing_ Status. Reason. Text,0,unbounded
Financing_ Status. Reason_ Information. Text,0,unbounded
Fire Fighting_ Instructions. Details,,
Fire Fighting_ Instructions. Fire And Explosion Hazard_ Handling. Text,0,1
Fire Fighting_ Instructions. Flammability Condition_ Handling. Text,0,1
Fire Fighting_ Instructions. Hazardous Combustion Product_ Handling. Text,0,1
Fire Fighting_ Instructions. Special_ Procedure. Text,0,1
Fire Fighting_ Instructions. Extinguishing Medium_ Item Name. Text,0,unbounded
Fire Fighting_ Instructions. Flashpoint Fire_ Procedure. Text,0,1
Fire Fighting_ Instructions. Autoignition Fire_ Procedure. Text,0,1
Fire Fighting_ Instructions. Unsuitable Extinguishing Medium_ Item Name. Text,0,unbounded
Fire Fighting_ Instructions. General Safety_ Procedure. Text,0,1
Fire Fighting_ Instructions. Personal Protective Equipment_ Item Name. Text,0,unbounded
First Aid_ Instructions. Details,,
First Aid_ Instructions. Medical Condition Exposure Result_ Handling. Text,0,1
First Aid_ Instructions. Procedure. Text,1,1
First Aid_ Instructions. Hazardous Material Entry Route_ Type. Text,0,1
First Aid_ Instructions. Note To Physician_ Procedure. Text,0,1
Fiscal_ Tax. Details,,
Fiscal_ Tax. Identification. Identifier,0,1
Fiscal_ Tax. Calculated. Amount,0,1
Fiscal_ Tax. Type. Code,0,1
Fiscal_ Tax. Exemption Reason. Text,0,1
Fiscal_ Tax. Calculated. Rate,0,1
Fiscal_ Tax. Calculation Sequence. Numeric,0,1
Fiscal_ Tax. Basis. Quantity,0,1
Fiscal_ Tax. Basis. Amount,0,1
Fiscal_ Tax. Category. Code,0,1
Fiscal_ Tax. Currency. Code,0,1
Fiscal_ Tax. Jurisdiction. Text,0,1
Fiscal_ Tax. Customs Duty. Indicator,0,1
Fiscal_ Tax. Exemption Reason. Code,0,unbounded
Fiscal_ Tax. Tax Basis Allowance. Rate,0,1
Fiscal_ Tax. Specified. Booked_ Accounting Account,1,unbounded
Fish Catch_ Characteristic. Details,,
Fish Catch_ Characteristic. Identification. Identifier,0,unbounded
Fish Catch_ Characteristic. Value. Measure,0,unbounded
Fish Catch_ Characteristic. Type. Code,0,unbounded
Fish Catch_ Characteristic. Description. Code,0,unbounded
Fishing Gear_ Equipment. Details,,
Fishing Gear_ Equipment. Type. Code,0,1
Fishing Gear_ Equipment. Applicable. FLUX_ Characteristic,0,unbounded
Fishing Gear_ Equipment. Related. Gear Equipment Inspection_ Event,0,unbounded
Fishing_ Activity. Details,,
Fishing_ Activity. Identification. Identifier,0,unbounded
Fishing_ Activity. Type. Code,1,1
Fishing_ Activity. Occurrence. Date Time,0,1
Fishing_ Activity. Reason. Code,0,1
Fishing_ Activity. Vessel_ Related Activity. Code,0,1
Fishing_ Activity. Fishery_ Type. Code,0,1
Fishing_ Activity. Species_ Target. Code,0,1
Fishing_ Activity. Operations. Quantity,0,1
Fishing_ Activity. Fishing_ Duration. Measure,0,1
Fishing_ Activity. Specified. FA_ Catch,0,unbounded
Fishing_ Activity. Related. FLUX_ Location,0,unbounded
Fishing_ Activity. Specified. Gear_ Problem,0,unbounded
Fishing_ Activity. Specified. FLUX_ Characteristic,0,unbounded
Fishing_ Activity. Specified. Fishing_ Gear,0,unbounded
Fishing_ Activity. Source. Vessel Storage_ Characteristic,0,1
Fishing_ Activity. Destination. Vessel Storage_ Characteristic,0,1
Fishing_ Activity. Related. Fishing_ Activity,0,unbounded
Fishing_ Activity. Specified. FLAP_ Document,0,unbounded
Fishing_ Activity. Specified. Delimited_ Period,0,unbounded
Fishing_ Activity. Specified. Fishing_ Trip,0,1
Fishing_ Activity. Related. Vessel_ Transport Means,0,unbounded
Fishing_ Category. Details,,
Fishing_ Category. Type. Code,0,1
Fishing_ Category. Fishing_ Method. Code,0,unbounded
Fishing_ Category. Fishing_ Method. Text,0,unbounded
Fishing_ Category. Fishing_ Area. Code,0,unbounded
Fishing_ Category. Fishing_ Area. Text,0,unbounded
Fishing_ Category. Special Condition. Text,0,1
Fishing_ Category. Authorized. Fishing_ Gear,0,unbounded
Fishing_ Gear. Details,,
Fishing_ Gear. Type. Code,0,1
Fishing_ Gear. Role. Code,0,unbounded
Fishing_ Gear. Illustrate. FLUX_ Picture,0,unbounded
Fishing_ Gear. Applicable. Gear_ Characteristic,0,unbounded
Fishing_ Gear. Related. Gear Inspection_ Event,0,unbounded
Fishing_ Gear. Attached. Fishing Gear_ Equipment,0,unbounded
Fishing_ Trip. Details,,
Fishing_ Trip. Identification. Identifier,1,unbounded
Fishing_ Trip. Type. Code,0,1
Fishing_ Trip. Specified. Delimited_ Period,0,unbounded
FLAP Request_ Document. Details,,
FLAP Request_ Document. Identification. Identifier,0,1
FLAP Request_ Document. Type. Code,0,1
FLAP Request_ Document. FADA_ Type. Code,0,1
FLAP Request_ Document. Purpose. Code,0,1
FLAP Request_ Document. Purpose. Text,0,1
FLAP Request_ Document. Related. Fishing_ Category,0,1
FLAP Request_ Document. Related. Validation Result_ Document,0,unbounded
FLAP_ Document. Details,,
FLAP_ Document. Identification. Identifier,0,1
FLAP_ Document. Vessel_ Identification. Identifier,0,unbounded
FLAP_ Document. Joined Vessel_ Identification. Identifier,0,unbounded
FLAP_ Document. Name. Text,0,1
FLAP_ Document. First_ Application. Indicator,0,1
FLAP_ Document. Remarks. Text,0,1
FLAP_ Document. Decision. Date Time,0,1
FLAP_ Document. Type. Code,0,1
FLAP_ Document. Specified. FLUX_ Characteristic,0,unbounded
FLAP_ Document. Specified. Vessel_ Crew,0,unbounded
FLAP_ Document. Applicable. Delimited_ Period,0,unbounded
FLAP_ Document. Entry Into Force. Delimited_ Period,0,1
FLAP_ Document. Specified. Vessel_ Transport Charter,0,unbounded
FLAP_ Document. Specified. Contact_ Party,0,unbounded
FLAP_ Document. Specified. Targeted_ Quota,0,unbounded
FLAP_ Document. Attached. FLUX_ Binary File,0,unbounded
FLAP_ Document. Specified. FLUX_ Location,0,unbounded
FLAP_ Document. Related. Validation Result_ Document,0,unbounded
FLAP_ Document. Related. FLAP Request_ Document,0,unbounded
FLAP_ Document. Specified. Authorization_ Status,0,unbounded
FLAP_ Document. Specified. Vessel_ Transport Means,0,unbounded
FLAP_ Identity. Details,,
FLAP_ Identity. Identification. Identifier,0,1
FLAP_ Identity. Request_ Identification. Identifier,0,1
FLAP_ Identity. FADA_ Type. Code,0,1
FLAP_ Identity. FC_ Type. Code,0,1
FLAP_ Identity. Status. Code,0,unbounded
FLAP_ Query. Details,,
FLAP_ Query. Submitted. Date Time,1,1
FLAP_ Query. Type. Code,1,1
FLAP_ Query. Specified. Delimited_ Period,0,1
FLAP_ Query. Subject. FLAP_ Identity,0,unbounded
FLAP_ Query. Subject. Vessel_ Identity,0,unbounded
FLAP_ Query. Submitter. FLUX_ Party,0,1
Flashpoint Range_ Measurement. Details,,
Flashpoint Range_ Measurement. Lower Limit_ Comparison Operator. Code,1,1
Flashpoint Range_ Measurement. Upper Limit_ Comparison Operator. Code,0,1
Flashpoint Range_ Measurement. Lower Limit_ Actual. Measure,1,1
Flashpoint Range_ Measurement. Upper Limit_ Actual. Measure,0,1
Flashpoint Range_ Measurement. Test_ Method. Text,1,1
FLUX Report_ Document. Details,,
FLUX Report_ Document. Identification. Identifier,1,unbounded
FLUX Report_ Document. Referenced_ Identification. Identifier,0,1
FLUX Report_ Document. Creation. Date Time,1,1
FLUX Report_ Document. Purpose. Code,1,1
FLUX Report_ Document. Purpose. Text,0,1
FLUX Report_ Document. Type. Code,0,1
FLUX Report_ Document. Owner. FLUX_ Party,0,1
FLUX Response_ Document. Details,,
FLUX Response_ Document. Identification. Identifier,1,unbounded
FLUX Response_ Document. Referenced_ Identification. Identifier,1,1
FLUX Response_ Document. Creation. Date Time,1,1
FLUX Response_ Document. Response. Code,1,1
FLUX Response_ Document. Remarks. Text,0,1
FLUX Response_ Document. Rejection Reason. Text,0,1
FLUX Response_ Document. Type. Code,0,1
FLUX Response_ Document. Related. Validation Result_ Document,0,unbounded
FLUX Response_ Document. Respondent. FLUX_ Party,0,1
FLUX_ ACDR Report. Details,,
FLUX_ ACDR Report. Regional Area. Code,0,1
FLUX_ ACDR Report. Regional Species. Code,0,1
FLUX_ ACDR Report. Fishing Category. Code,0,1
FLUX_ ACDR Report. FAO_ Fishing Gear. Code,0,1
FLUX_ ACDR Report. Type. Code,0,1
FLUX_ ACDR Report. Specified. Vessel_ Transport Means,0,1
FLUX_ ACDR Report. Specified. ACDR_ Reported Area,0,unbounded
FLUX_ Binary File. Details,,
FLUX_ Binary File. Title. Text,0,1
FLUX_ Binary File. Included. Binary Object,0,1
FLUX_ Binary File. Description. Text,0,1
FLUX_ Binary File. Size. Measure,0,1
FLUX_ Binary File. Type. Code,0,1
FLUX_ Binary File. Name. Text,0,1
FLUX_ Characteristic. Details,,
FLUX_ Characteristic. Type. Code,0,1
FLUX_ Characteristic. Description. Text,0,unbounded
FLUX_ Characteristic. Value. Measure,0,1
FLUX_ Characteristic. Value. Date Time,0,1
FLUX_ Characteristic. Value. Indicator,0,1
FLUX_ Characteristic. Value. Code,0,1
FLUX_ Characteristic. Value. Text,0,unbounded
FLUX_ Characteristic. Value. Quantity,0,1
FLUX_ Characteristic. Specified. FLUX_ Location,0,unbounded
FLUX_ Characteristic. Related. FLAP_ Document,0,unbounded
FLUX_ Geographical Coordinate. Details,,
FLUX_ Geographical Coordinate. Longitude. Measure,1,1
FLUX_ Geographical Coordinate. Latitude. Measure,1,1
FLUX_ Geographical Coordinate. Altitude. Measure,0,1
FLUX_ Geographical Coordinate. System. Identifier,0,1
FLUX_ Location. Details,,
FLUX_ Location. Type. Code,0,1
FLUX_ Location. Country. Identifier,0,1
FLUX_ Location. Identification. Identifier,0,1
FLUX_ Location. Geopolitical Region. Code,0,1
FLUX_ Location. Name. Text,0,unbounded
FLUX_ Location. Sovereign Rights_ Country. Identifier,0,1
FLUX_ Location. Jurisdiction_ Country. Identifier,0,1
FLUX_ Location. Regional Fisheries_ Management Organization. Code,0,1
FLUX_ Location. Specified_ Physical. FLUX_ Geographical Coordinate,0,1
FLUX_ Location. Postal. Structured_ Address,0,unbounded
FLUX_ Location. Physical. Structured_ Address,0,1
FLUX_ Location. Boundary. Specified_ Polygon,0,unbounded
FLUX_ Location. Applicable. FLUX_ Characteristic,0,unbounded
FLUX_ Organization. Details,,
FLUX_ Organization. Name. Text,1,1
FLUX_ Organization. Postal. Structured_ Address,0,unbounded
FLUX_ Party. Details,,
FLUX_ Party. Identification. Identifier,1,unbounded
FLUX_ Party. Name. Text,0,unbounded
FLUX_ Picture. Details,,
FLUX_ Picture. Identification. Identifier,0,1
FLUX_ Picture. Type. Code,0,1
FLUX_ Picture. Taken. Date Time,0,1
FLUX_ Picture. Area Included. Identifier,0,1
FLUX_ Picture. Description. Text,0,1
FLUX_ Picture. Digital Image. Binary Object,0,1
Forecast_ Delivery Schedule. Details,,
Forecast_ Delivery Schedule. Scope. Code,0,1
Forecast_ Delivery Schedule. Ship To. Trade_ Party,0,unbounded
Forecast_ Delivery Schedule. Specified. Supply Chain_ Trade Line Item,0,unbounded
Foreign Exchange_ Contract. Details,,
Foreign Exchange_ Contract. Identification. Identifier,0,1
Forwarding_ Financial Institution. Details,,
Forwarding_ Financial Institution. BIC. Identifier,0,1
Forwarding_ Financial Institution. Clearing System Name. Text,0,1
Forwarding_ Financial Institution. CHIPS Universal_ Identification. Identifier,0,1
Forwarding_ Financial Institution. New Zealand NCC_ Identification. Identifier,0,1
Forwarding_ Financial Institution. Irish NSC_ Identification. Identifier,0,1
Forwarding_ Financial Institution. UK Sort Code_ Identification. Identifier,0,1
Forwarding_ Financial Institution. CHIPS Participant_ Identification. Identifier,0,1
Forwarding_ Financial Institution. Swiss BC_ Identification. Identifier,0,1
Forwarding_ Financial Institution. Fedwire Routing Number_ Identification. Identifier,0,1
Forwarding_ Financial Institution. Portuguese NCC_ Identification. Identifier,0,1
Forwarding_ Financial Institution. Russian Central Bank_ Identification. Identifier,0,1
Forwarding_ Financial Institution. Italian Domestic_ Identification. Identifier,0,1
Forwarding_ Financial Institution. Austrian Bankleitzahl_ Identification. Identifier,0,1
Forwarding_ Financial Institution. Canadian Payments Association_ Identification. Identifier,0,1
Forwarding_ Financial Institution. SIC_ Identification. Identifier,0,1
Forwarding_ Financial Institution. German Bankleitzahl_ Identification. Identifier,0,1
Forwarding_ Financial Institution. Spanish Domestic Interbanking_ Identification. Identifier,0,1
Forwarding_ Financial Institution. South African NCC_ Identification. Identifier,0,1
Forwarding_ Financial Institution. Hong Kong Bank_ Identification. Identifier,0,1
Forwarding_ Financial Institution. Australian BSB_ Identification. Identifier,0,1
Forwarding_ Financial Institution. Indian Financial System_ Identification. Identifier,0,1
Forwarding_ Financial Institution. Hellenic Bank_ Identification. Identifier,0,1
Forwarding_ Financial Institution. Polish National Clearing_ Identification. Identifier,0,1
Forwarding_ Financial Institution. Name. Text,0,1
Forwarding_ Financial Institution. Japan Financial Institution Common_ Identification. Identifier,0,1
Forwarding_ Financial Institution. Location. Financial Institution_ Address,0,1
Forwarding_ Financial Institution. Sub-Division. Branch_ Financial Institution,0,1
Found_ Stowaway. Details,,
Found_ Stowaway. Discovered. Date Time,0,unbounded
Found_ Stowaway. Interview. Date Time,0,unbounded
Found_ Stowaway. Intended Destination Name. Text,0,unbounded
Found_ Stowaway. Intended Destination Location. Code,0,unbounded
Found_ Stowaway. Stated Embarkation Reason. Text,0,unbounded
Found_ Stowaway. Stated Embarkation Method. Text,0,unbounded
Found_ Stowaway. Provided Name. Text,0,unbounded
Found_ Stowaway. Physical Description. Text,0,1
Found_ Stowaway. Possession List. Text,0,unbounded
Found_ Stowaway. Personal Statement. Text,0,unbounded
Found_ Stowaway. Responsible Person Statement. Text,0,unbounded
Found_ Stowaway. Care Provided. Text,0,unbounded
Found_ Stowaway. Claimed Nationality. Identifier,0,unbounded
Found_ Stowaway. Embarkation. Logistics_ Location,0,unbounded
Found_ Stowaway. Photographic_ Picture. Specified_ Binary File,0,unbounded
Found_ Stowaway. Claimed. Personal_ Language Proficiency,0,unbounded
Found_ Stowaway. Home. Trade_ Address,0,unbounded
Found_ Stowaway. Provided. Trade_ Contact,0,unbounded
Freezing Point Range_ Measurement. Details,,
Freezing Point Range_ Measurement. Lower Limit_ Comparison Operator. Code,0,1
Freezing Point Range_ Measurement. Upper Limit_ Comparison Operator. Code,0,1
Freezing Point Range_ Measurement. Lower Limit_ Actual. Measure,0,1
Freezing Point Range_ Measurement. Upper Limit_ Actual. Measure,0,1
Freezing Point Range_ Measurement. Test_ Method. Text,0,1
Freezing Point Range_ Measurement. Description. Text,0,1
Funding Report_ Document. Details,,
Funding Report_ Document. Creation. Date Time,0,1
Funding Report_ Document. Description. Text,0,1
Funding Report_ Document. Amount Factor_ Description. Text,0,1
Funding Report_ Document. Last Reported_ Submission. Date Time,0,1
Funding Report_ Document. Effective. Base_ Period,0,1
Gear Equipment Inspection_ Event. Details,,
Gear Equipment Inspection_ Event. Identification. Identifier,0,1
Gear Equipment Inspection_ Event. Occurrence. Date Time,0,1
Gear Equipment Inspection_ Event. Applicable. Gear_ Characteristic,0,unbounded
Gear Inspection_ Event. Details,,
Gear Inspection_ Event. Identification. Identifier,0,unbounded
Gear Inspection_ Event. Description. Text,0,unbounded
Gear Inspection_ Event. Occurrence. Date Time,0,1
Gear Inspection_ Event. Occurrence. Delimited_ Period,0,1
Gear Inspection_ Event. Related. Gear_ Characteristic,0,unbounded
Gear_ Characteristic. Details,,
Gear_ Characteristic. Type. Code,0,1
Gear_ Characteristic. Description. Text,0,unbounded
Gear_ Characteristic. Value. Measure,0,1
Gear_ Characteristic. Value. Date Time,0,1
Gear_ Characteristic. Value. Indicator,0,1
Gear_ Characteristic. Value. Code,0,1
Gear_ Characteristic. Value. Text,0,1
Gear_ Characteristic. Value. Quantity,0,1
Gear_ Characteristic. Specified. FLUX_ Location,0,unbounded
Gear_ Characteristic. Value. FLUX_ Binary File,0,1
Gear_ Problem. Details,,
Gear_ Problem. Type. Code,0,1
Gear_ Problem. Affected. Quantity,0,1
Gear_ Problem. Recovery Measure. Code,0,unbounded
Gear_ Problem. Specified. FLUX_ Location,0,unbounded
Gear_ Problem. Related. Fishing_ Gear,0,unbounded
Geographical Coordinate. Details,,
Geographical Coordinate. Altitude. Measure,0,1
Geographical Coordinate. Latitude. Measure,0,1
Geographical Coordinate. Longitude. Measure,0,1
Geographical Coordinate. Latitude Direction. Indicator,0,1
Geographical Coordinate. Longitude Direction. Indicator,0,1
Geographical Coordinate. System. Identifier,0,1
Geographical Coordinate. Identification. Identifier,0,1
Geographical Coordinate. Altimetric System. Identifier,0,1
Geographical Coordinate. Time Zone. Date Time,0,1
Geographical Coordinate. Time Zone. Code,0,1
Geographical Coordinate. Time Zone. Text,0,1
Geographical Coordinate. Acquisition. Date Time,0,1
Geographical Coordinate. Alternative Source System. Identifier,0,unbounded
Geographical Coordinate. Used. CS Engineering_ Coordinate Reference System,0,1
Geographical Coordinate. Used. Geographical_ Coordinate Source System,0,1
Geographical_ Area. Details,,
Geographical_ Area. Identification. Identifier,1,1
Geographical_ Area. Name. Text,1,1
Geographical_ Area. Actual. Specified_ Geographical Coordinate,0,1
Geographical_ Coordinate Source System. Details,,
Geographical_ Coordinate Source System. Identification. Identifier,0,1
Geographical_ Coordinate Source System. Source_ Type. Code,0,1
Geographical_ Coordinate Source System. Tolerance. Measure,0,1
Geographical_ Coordinate Source System. Used Signal Source. Quantity,0,1
Geographical_ Coordinate Source System. Signal Source Available. Quantity,0,1
Goods_ Production. Details,,
Goods_ Production. Identification. Identifier,0,1
Goods_ Production. Manufacturing Process_ Description. Text,0,unbounded
Government_ Registration. Details,,
Government_ Registration. Identification. Identifier,0,unbounded
Government_ Registration. Version. Identifier,0,1
Government_ Registration. Type. Code,0,unbounded
Government_ Registration. Category. Code,0,unbounded
Government_ Registration. Licence. Identifier,0,1
Government_ Registration. Recorded. Date,0,1
Government_ Registration. Last Registered Year. Date Time,0,1
Government_ Registration. Country. Identifier,0,1
Government_ Registration. Country Sub-Division. Identifier,0,1
Government_ Registration. Validity. Specified_ Period,0,1
Grouped_ Work Item. Details,,
Grouped_ Work Item. Identification. Identifier,1,1
Grouped_ Work Item. Primary_ Classification. Code,0,unbounded
Grouped_ Work Item. Alternative_ Classification. Code,0,unbounded
Grouped_ Work Item. Index. Value,0,1
Grouped_ Work Item. Type. Code,0,unbounded
Grouped_ Work Item. Comment. Text,0,unbounded
Grouped_ Work Item. Description. Text,0,unbounded
Grouped_ Work Item. Reference File. Binary Object,0,unbounded
Grouped_ Work Item. Total. Quantity,0,1
Grouped_ Work Item. Index. Text,0,1
Grouped_ Work Item. Requested Action. Code,0,unbounded
Grouped_ Work Item. Price List Item_ Identification. Identifier,0,1
Grouped_ Work Item. Contractual Language. Code,0,1
Grouped_ Work Item. Subordinate. Grouped_ Work Item,0,unbounded
Grouped_ Work Item. Subordinate. Basic_ Work Item,0,unbounded
Grouped_ Work Item. Total. Calculated_ Price,0,unbounded
Grouped_ Work Item. Item. Grouped_ Work Item,0,unbounded
Grouped_ Work Item. Item. Basic_ Work Item,0,unbounded
Grouped_ Work Item. Changed. Recorded_ Status,0,unbounded
Grouped_ Work Item. Referenced. Identified_ Binary File,0,unbounded
Grouped_ Work Item. Actual. Work Item_ Complex Description,0,unbounded
Grouped_ Work Item. Referenced. Specified_ Binary File,0,unbounded
Guarantee Creditor_ Organization. Details,,
Guarantee Creditor_ Organization. Name. Text,1,1
Guarantee Creditor_ Organization. Identification. Identifier,1,1
Guarantee Requesting_ Organization. Details,,
Guarantee Requesting_ Organization. Name. Text,1,1
Guarantee Requesting_ Organization. Identification. Identifier,1,1
Guarantee_ Organization. Details,,
Guarantee_ Organization. Name. Text,1,1
Guarantee_ Organization. Identification. Identifier,1,1
Guarantee_ Organization. Subordinate. Local_ Organization,0,unbounded
Guest Room_ Facility. Details,,
Guest Room_ Facility. Identification. Identifier,1,1
Guest Room_ Facility. Description. Text,0,1
Guest Room_ Facility. Architectural_ Style. Text,0,1
Guest Room_ Facility. Name. Text,0,1
Guest Room_ Facility. Construction. Date,0,1
Guest Room_ Facility. Latest_ Renovation. Date,0,1
Guest Room_ Facility. Type. Text,1,1
Guest Room_ Facility. Physical. Lodging House_ Location,0,1
Guest Room_ Facility. Specified. Lodging House_ Usage Condition,0,unbounded
Guest Room_ Facility. Operating. Specified_ Period,0,unbounded
Guest Room_ Facility. Actual. Lodging House_ Picture,0,unbounded
Guest Room_ Facility. Distinctive. Lodging House_ Feature,0,unbounded
Guest Room_ Facility. Offered. Supplemental_ Service,0,unbounded
Guest_ Allergy. Details,,
Guest_ Allergy. Name. Text,0,unbounded
Guest_ Allergy. Type. Code,0,1
Guest_ Allergy. Restriction. Text,0,unbounded
Guest_ Allergy. Description. Text,0,unbounded
Guest_ Carried Equipment. Details,,
Guest_ Carried Equipment. Name. Text,0,unbounded
Guest_ Carried Equipment. Type. Code,0,1
Guest_ Carried Equipment. Restriction. Text,0,unbounded
Guest_ Carried Equipment. Description. Text,0,unbounded
Guest_ Carried Equipment. Specification. Specified_ Note,0,unbounded
Guest_ Disability. Details,,
Guest_ Disability. Name. Text,0,unbounded
Guest_ Disability. Type. Code,0,1
Guest_ Disability. Required_ Supporting Device. Text,0,unbounded
Guest_ Disability. Restriction. Text,0,unbounded
Guest_ Disability. Registered. Date Time,0,1
Guest_ Disability. Description. Text,0,unbounded
Guest_ Food Choice. Details,,
Guest_ Food Choice. Name. Text,0,unbounded
Guest_ Food Choice. Type. Code,0,1
Guest_ Food Choice. Restriction. Text,0,unbounded
Guest_ Food Choice. Description. Text,0,unbounded
Guest_ Health Indication. Details,,
Guest_ Health Indication. Status. Text,0,unbounded
Guest_ Health Indication. Type. Code,0,1
Guest_ Health Indication. Restriction. Text,0,unbounded
Guest_ Health Indication. Description. Text,0,unbounded
Guest_ Person. Details,,
Guest_ Person. Identification. Identifier,0,1
Guest_ Person. Name. Text,0,unbounded
Guest_ Person. Title. Text,0,unbounded
Guest_ Person. Gender. Code,0,1
Guest_ Person. Birth. Date Time,0,1
Guest_ Person. Language. Identifier,0,1
Guest_ Person. Description. Text,0,unbounded
Guest_ Person. Passport. Identifier,0,1
Guest_ Person. Title. Code,0,1
Guest_ Person. Role. Code,0,1
Guest_ Person. Age. Measure,0,1
Guest_ Person. Residence Country. Identifier,0,1
Guest_ Person. Used. Universal_ Communication,0,unbounded
Guest_ Person. Information. Structured_ Address,0,1
Guest_ Person. Nationality. Referenced_ Country,0,1
Guest_ Person. Held. Travel_ Membership,0,unbounded
Guest_ Person. Additional. Person_ Note,0,unbounded
Guest_ Person. Notified. Specified_ Guest Arrival,0,unbounded
Guest_ Person. Raised. Special_ Query,0,unbounded
Guest_ Person. Applicable. Specified_ Note,0,unbounded
Guest_ Person. Accompanying. Pet_ Animal,0,unbounded
Guest_ Person. Specified. Guest_ Carried Equipment,0,unbounded
Guest_ Person. Notified. Guest_ Disability,0,unbounded
Guest_ Person. Notified. Guest_ Allergy,0,unbounded
Guest_ Person. Notified. Disease_ Protection Means,0,unbounded
Guest_ Person. Notified. Guest_ Health Indication,0,unbounded
Guest_ Person. Notified. Experience Item_ Preference,0,unbounded
Guest_ Person. Notified. Guest_ Food Choice,0,unbounded
Guest_ Person. Travel_ Insurance. Specified_ Certificate,0,unbounded
Guest_ Person. Carried. Specified_ Certificate,0,unbounded
Guest_ Person. Claimed. Personal_ Language Proficiency,0,unbounded
Guest_ Person. Specified. Trade Settlement_ Payment Means,0,unbounded
Handling_ Instructions. Details,,
Handling_ Instructions. Handling. Code,0,unbounded
Handling_ Instructions. Handling. Text,0,unbounded
Handling_ Instructions. Requirement. Indicator,0,unbounded
Handling_ Instructions. Procedure. Text,0,unbounded
Handling_ Instructions. Type. Text,0,unbounded
Handling_ Instructions. Item Name. Text,0,unbounded
Handling_ Instructions. Description. Text,0,unbounded
Handling_ Instructions. Description. Code,0,unbounded
Handling_ Instructions. Maximum Stackability Weight_ Applicable. Measure,0,1
Handling_ Instructions. Maximum Stackability_ Applicable. Quantity,0,1
Handling_ Instructions. Exclusive Usage. Indicator,0,1
Handling_ Instructions. Maximum Storage Humidity_ Applicable. Measure,0,1
Handling_ Instructions. Minimum Storage Humidity_ Applicable. Measure,0,1
Handling_ Instructions. Identification. Identifier,0,1
Handling_ Instructions. Applicable. Transport Setting_ Temperature,0,unbounded
Handling_ Instructions. Delivery_ Applicable. Instructed_ Temperature,0,1
Handling_ Instructions. Market Delivery_ Applicable. Instructed_ Temperature,0,1
Handling_ Instructions. Storage_ Applicable. Instructed_ Temperature,0,1
Haulage_ Instructions. Details,,
Haulage_ Instructions. Description. Text,0,1
Haulage_ Instructions. Description. Code,0,1
Hazard Rating. Details,,
Hazard Rating. System Name. Text,0,1
Hazard Rating. Classification Type. Text,0,1
Hazard Rating. Value. Text,0,1
Hazardous Material Handling_ Instructions. Details,,
Hazardous Material Handling_ Instructions. Description. Text,0,1
Hazardous Material Storage_ Instructions. Details,,
Hazardous Material Storage_ Instructions. Description. Text,0,1
Hazardous_ Goods Characteristic. Details,,
Hazardous_ Goods Characteristic. Appearance_ Description. Text,0,1
Hazardous_ Goods Characteristic. Odour_ Description. Text,0,1
Hazardous_ Goods Characteristic. Colour_ Description. Text,0,1
Hazardous_ Goods Characteristic. Physical State_ Description. Text,0,1
Hazardous_ Goods Characteristic. Corrosion Rate_ Feature. Measure,0,1
Hazardous_ Goods Characteristic. Saturated Vapour Concentration_ Feature. Measure,0,1
Hazardous_ Goods Characteristic. Octanol Water Coefficient_ Feature. Measure,0,1
Hazardous_ Goods Characteristic. Particle Size_ Feature. Measure,0,1
Hazardous_ Goods Characteristic. Heat_ Feature. Measure,0,1
Hazardous_ Goods Characteristic. Bulk Density_ Feature. Measure,0,1
Hazardous_ Goods Characteristic. Specified. Boiling Point Range_ Measurement,0,1
Hazardous_ Goods Characteristic. Specified. Vapour Pressure Range_ Measurement,0,1
Hazardous_ Goods Characteristic. Specified. Vapour Density Range_ Measurement,0,1
Hazardous_ Goods Characteristic. Specified. Decomposition Temperature Range_ Measurement,0,1
Hazardous_ Goods Characteristic. Specified. Density Range_ Measurement,0,1
Hazardous_ Goods Characteristic. Specified. Specific Gravity Range_ Measurement,0,1
Hazardous_ Goods Characteristic. Specified. Freezing Point Range_ Measurement,0,1
Hazardous_ Goods Characteristic. Specified. PH Range_ Measurement,0,1
Hazardous_ Goods Characteristic. Specified. Viscosity Range_ Measurement,0,1
Hazardous_ Goods Characteristic. Specified. Evaporation Range_ Measurement,0,1
Hazardous_ Goods Characteristic. Specified. Partition Coefficient Range_ Measurement,0,1
Hazardous_ Goods Characteristic. Specified. Unspecified Physical Property Range_ Measurement,0,1
Hazardous_ Goods Characteristic. Specified. Unspecified Chemical Property Range_ Measurement,0,1
Hazardous_ Goods Characteristic. Specified. Flashpoint Range_ Measurement,0,unbounded
Hazardous_ Goods Characteristic. Specified. Autoignition Range_ Measurement,0,unbounded
Hazardous_ Goods Characteristic. Specified. Explosive Limits Concentration Range_ Measurement,0,unbounded
Header_ Balance Out. Details,,
Header_ Balance Out. Identification. Identifier,0,1
Header_ Balance Out. Description. Text,0,unbounded
Header_ Balance Out. Reason. Code,0,1
Header_ Balance Out. Reason Description. Text,0,unbounded
Header_ Balance Out. Occurrence. Date Time,0,1
Header_ Balance Out. Calculated. Amount,0,unbounded
Header_ Balance Out. Breakdown. Header_ Balance Out,0,unbounded
Header_ Trade Agreement. Details,,
Header_ Trade Agreement. Reference. Text,0,unbounded
Header_ Trade Agreement. Buyer_ Reference. Text,0,unbounded
Header_ Trade Agreement. Delivery_ Priority. Code,0,1
Header_ Trade Agreement. Impact. Code,0,1
Header_ Trade Agreement. Priority. Code,0,1
Header_ Trade Agreement. Seller_ Reference. Text,0,unbounded
Header_ Trade Agreement. Identification. Identifier,0,unbounded
Header_ Trade Agreement. Revision_ Identification. Identifier,0,unbounded
Header_ Trade Agreement. Buyer_ Approved. Date Time,0,1
Header_ Trade Agreement. Seller. Trade_ Party,0,1
Header_ Trade Agreement. Buyer. Trade_ Party,0,1
Header_ Trade Agreement. Sales Agent. Trade_ Party,0,1
Header_ Trade Agreement. Buyer_ Requisitioner. Trade_ Party,0,unbounded
Header_ Trade Agreement. Buyer_ Assigned Accountant. Trade_ Party,0,1
Header_ Trade Agreement. Seller_ Assigned Accountant. Trade_ Party,0,1
Header_ Trade Agreement. Buyer_ Tax Representative. Trade_ Party,0,1
Header_ Trade Agreement. Seller_ Tax Representative. Trade_ Party,0,1
Header_ Trade Agreement. Product End User. Trade_ Party,0,1
Header_ Trade Agreement. Applicable. Trade_ Delivery Terms,0,1
Header_ Trade Agreement. Applicable. Trade_ Payment Terms,0,1
Header_ Trade Agreement. Applicable. Supply Chain_ Forecast Terms,0,1
Header_ Trade Agreement. Seller_ Order. Referenced_ Document,0,1
Header_ Trade Agreement. Buyer_ Order. Referenced_ Document,0,1
Header_ Trade Agreement. Marketplace_ Order. Referenced_ Document,0,1
Header_ Trade Agreement. Quotation. Referenced_ Document,0,1
Header_ Trade Agreement. Order Response. Referenced_ Document,0,1
Header_ Trade Agreement. Quotation Request. Referenced_ Document,0,1
Header_ Trade Agreement. Contract. Referenced_ Document,0,unbounded
Header_ Trade Agreement. Requisition. Referenced_ Document,0,unbounded
Header_ Trade Agreement. Demand Forecast. Referenced_ Document,0,unbounded
Header_ Trade Agreement. Supply Instruction. Referenced_ Document,0,unbounded
Header_ Trade Agreement. Promotional Deal. Referenced_ Document,0,1
Header_ Trade Agreement. Price List. Referenced_ Document,0,1
Header_ Trade Agreement. Additional. Referenced_ Document,0,unbounded
Header_ Trade Agreement. Requisitioner. Referenced_ Document,0,unbounded
Header_ Trade Agreement. Buyer Agent. Trade_ Party,0,1
Header_ Trade Agreement. Purchase_ Conditions. Referenced_ Document,0,unbounded
Header_ Trade Agreement. Sales_ Conditions. Referenced_ Document,0,unbounded
Header_ Trade Agreement. Catalogue. Referenced_ Document,0,unbounded
Header_ Trade Agreement. Catalogue_ Information Provider. Trade_ Party,0,1
Header_ Trade Agreement. Catalogue_ Information Receiver. Trade_ Party,0,1
Header_ Trade Agreement. Procurement. Trade_ Party,0,1
Header_ Trade Agreement. Target Market. Trade_ Country,0,unbounded
Header_ Trade Agreement. Applicable. Logistics_ Location,0,unbounded
Header_ Trade Agreement. Shipping. Specified_ Period,0,1
Header_ Trade Agreement. Catalogue Request. Referenced_ Document,0,unbounded
Header_ Trade Agreement. Catalogue Subscription. Referenced_ Document,0,unbounded
Header_ Trade Agreement. Sales Report. Referenced_ Document,0,1
Header_ Trade Agreement. Blanket Order. Referenced_ Document,0,1
Header_ Trade Agreement. Previous_ Order. Referenced_ Document,0,1
Header_ Trade Agreement. Previous_ Order Change. Referenced_ Document,0,1
Header_ Trade Agreement. Previous_ Order Response. Referenced_ Document,0,1
Header_ Trade Agreement. Original_ Order. Referenced_ Document,0,1
Header_ Trade Agreement. Engineering Change. Referenced_ Document,0,1
Header_ Trade Agreement. Letter Of Credit. Referenced_ Document,0,1
Header_ Trade Agreement. Import Licence. Referenced_ Document,0,1
Header_ Trade Agreement. Export Licence. Referenced_ Document,0,1
Header_ Trade Agreement. Quotation Proposal. Referenced_ Document,0,1
Header_ Trade Agreement. Quotation Proposal Response. Referenced_ Document,0,1
Header_ Trade Agreement. Quotation Request Response. Referenced_ Document,0,1
Header_ Trade Agreement. Quote_ Referenced. Trade_ Workflow Object,0,1
Header_ Trade Agreement. Specified. Procuring_ Project,0,1
Header_ Trade Agreement. Relevant. Trade_ Party,0,unbounded
Header_ Trade Agreement. Ultimate Customer_ Order. Referenced_ Document,0,unbounded
Header_ Trade Agreement. Applicable. Cross-Border_ Regulatory Procedure,0,unbounded
Header_ Trade Agreement. Pricing Base_ Applicable. Logistics_ Location,0,1
Header_ Trade Agreement. Carrier. Trade_ Party,0,1
Header_ Trade Agreement. Prime Contract_ Seller. Trade_ Party,0,1
Header_ Trade Delivery. Details,,
Header_ Trade Delivery. Identification. Identifier,0,1
Header_ Trade Delivery. Partial Delivery Allowed. Indicator,0,1
Header_ Trade Delivery. Final Delivery. Indicator,0,1
Header_ Trade Delivery. Requested. Quantity,0,1
Header_ Trade Delivery. Remaining_ Requested. Quantity,0,1
Header_ Trade Delivery. Agreed. Quantity,0,1
Header_ Trade Delivery. Despatched. Quantity,0,1
Header_ Trade Delivery. Modification_ Forecasted. Quantity,0,1
Header_ Trade Delivery. Due In_ Available. Quantity,0,1
Header_ Trade Delivery. Due In_ Forecasted. Quantity,0,1
Header_ Trade Delivery. Due In_ Requested. Quantity,0,1
Header_ Trade Delivery. Formatted_ Pick-Up Availability. Date Time,0,1
Header_ Trade Delivery. Subordinate_ Identification. Identifier,0,unbounded
Header_ Trade Delivery. Status. Code,0,1
Header_ Trade Delivery. Fully Delivered. Indicator,0,1
Header_ Trade Delivery. Over Delivery Allowed. Indicator,0,1
Header_ Trade Delivery. Ultimate Ship To Delivery. Date Time,0,1
Header_ Trade Delivery. Goods Ownership Change. Date Time,0,1
Header_ Trade Delivery. Goods Physical State_ Type. Code,0,1
Header_ Trade Delivery. Goods Physical State_ Type. Text,0,unbounded
Header_ Trade Delivery. Goods Physical State_ Description. Code,0,1
Header_ Trade Delivery. Goods Physical State_ Description. Text,0,unbounded
Header_ Trade Delivery. Buyer_ Order. Date Time,0,1
Header_ Trade Delivery. Global_ Identification. Identifier,0,unbounded
Header_ Trade Delivery. Quantity Calculation Method. Code,0,1
Header_ Trade Delivery. Tare Weight. Measure,0,1
Header_ Trade Delivery. Included. Supply Chain_ Packaging,0,unbounded
Header_ Trade Delivery. Related. Supply Chain_ Consignment,0,unbounded
Header_ Trade Delivery. Ship To. Trade_ Party,0,1
Header_ Trade Delivery. Ultimate_ Ship To. Trade_ Party,0,1
Header_ Trade Delivery. Ship From. Trade_ Party,0,1
Header_ Trade Delivery. Specified. Delivery_ Instructions,0,unbounded
Header_ Trade Delivery. Planned_ Despatch. Supply Chain_ Event,0,unbounded
Header_ Trade Delivery. Actual_ Despatch. Supply Chain_ Event,0,unbounded
Header_ Trade Delivery. Actual_ Pick-Up. Supply Chain_ Event,0,1
Header_ Trade Delivery. Planned_ Release. Supply Chain_ Event,0,1
Header_ Trade Delivery. Requested_ Delivery. Supply Chain_ Event,0,unbounded
Header_ Trade Delivery. Planned_ Delivery. Supply Chain_ Event,0,unbounded
Header_ Trade Delivery. Actual_ Delivery. Supply Chain_ Event,0,unbounded
Header_ Trade Delivery. Actual_ Receipt. Supply Chain_ Event,0,1
Header_ Trade Delivery. Actual_ Loading. Supply Chain_ Event,0,1
Header_ Trade Delivery. Additional. Referenced_ Document,0,unbounded
Header_ Trade Delivery. Despatch Advice. Referenced_ Document,0,1
Header_ Trade Delivery. Receiving Advice. Referenced_ Document,0,unbounded
Header_ Trade Delivery. Delivery Note. Referenced_ Document,0,1
Header_ Trade Delivery. Inventory Manager. Trade_ Party,0,unbounded
Header_ Trade Delivery. Information. Note,0,unbounded
Header_ Trade Delivery. Shipment Schedule. Referenced_ Document,0,1
Header_ Trade Delivery. Planned. Supply Chain_ Consignment,0,unbounded
Header_ Trade Delivery. Confirmed_ Release. Supply Chain_ Event,0,1
Header_ Trade Delivery. Ultimate Ship To_ Delivery. Supply Chain_ Event,0,1
Header_ Trade Delivery. Consumption Report. Referenced_ Document,0,1
Header_ Trade Delivery. Previous_ Delivery. Supply Chain_ Event,0,unbounded
Header_ Trade Delivery. Packing List. Referenced_ Document,0,1
Header_ Trade Delivery. Final Destination. Trade_ Country,0,1
Header_ Trade Delivery. Planned Ship From_ Delivery. Supply Chain_ Event,0,1
Header_ Trade Delivery. Specified. Handling_ Instructions,0,unbounded
Header_ Trade Delivery. Disposal. Trade_ Party,0,unbounded
Header_ Trade Delivery. Actual_ Unloading. Supply Chain_ Event,0,1
Header_ Trade Delivery. Confirmed_ Despatch. Supply Chain_ Event,0,1
Header_ Trade Delivery. Confirmed_ Pick-Up. Supply Chain_ Event,0,1
Header_ Trade Delivery. Goods Receipt Note. Referenced_ Document,0,unbounded
Header_ Trade Delivery. Planned Ship To_ Delivery. Supply Chain_ Event,0,1
Header_ Trade Delivery. Acceptance. Supply Chain_ Event,0,unbounded
Header_ Trade Delivery. Planned_ Pick-Up. Supply Chain_ Event,0,1
Header_ Trade Delivery. Requested_ Despatch. Supply Chain_ Event,0,unbounded
Header_ Trade Delivery. Specified. Supply Chain_ Event,0,unbounded
Header_ Trade Delivery. Specified. Supply Chain_ Schedule,0,unbounded
Header_ Trade Delivery. Classification. Referenced_ Document,0,1
Header_ Trade Delivery. Related. Trade_ Party,0,unbounded
Header_ Trade Delivery. Estimated_ Delivery. Supply Chain_ Event,0,unbounded
Header_ Trade Delivery. Freight Forwarder. Trade_ Party,0,unbounded
Header_ Trade Delivery. Utilized. Logistics_ Transport Equipment,0,unbounded
Header_ Trade Settlement. Details,,
Header_ Trade Settlement. Due Payable. Amount,0,unbounded
Header_ Trade Settlement. Creditor Reference Type. Code,0,unbounded
Header_ Trade Settlement. Creditor Reference Type. Text,0,unbounded
Header_ Trade Settlement. Creditor Reference Issuer. Identifier,0,unbounded
Header_ Trade Settlement. Creditor Reference. Identifier,0,1
Header_ Trade Settlement. Payment Reference. Text,0,unbounded
Header_ Trade Settlement. Tax_ Currency. Code,0,1
Header_ Trade Settlement. Order_ Currency. Code,0,1
Header_ Trade Settlement. Invoice_ Currency. Code,0,1
Header_ Trade Settlement. Price_ Currency. Code,0,1
Header_ Trade Settlement. Payment_ Currency. Code,0,1
Header_ Trade Settlement. Invoice Issuer_ Reference. Text,0,1
Header_ Trade Settlement. Payer_ Reference. Text,0,1
Header_ Trade Settlement. Quotation_ Currency. Code,0,1
Header_ Trade Settlement. Invoice. Date Time,0,1
Header_ Trade Settlement. Next_ Invoice. Date Time,0,unbounded
Header_ Trade Settlement. Credit Reason. Code,0,1
Header_ Trade Settlement. Credit Reason. Text,0,unbounded
Header_ Trade Settlement. Closing Book_ Due. Date Time,0,1
Header_ Trade Settlement. Scheduled_ Payment. Date Time,0,1
Header_ Trade Settlement. Description. Text,0,unbounded
Header_ Trade Settlement. Discount. Indicator,0,1
Header_ Trade Settlement. Total Invoice. Amount,0,unbounded
Header_ Trade Settlement. Total_ Adjustment. Amount,0,unbounded
Header_ Trade Settlement. Requested_ Financing. Amount,0,unbounded
Header_ Trade Settlement. Requested_ Financing Rate. Percent,0,1
Header_ Trade Settlement. Debit Note. Amount,0,unbounded
Header_ Trade Settlement. Credit Note. Amount,0,unbounded
Header_ Trade Settlement. Payment. Amount,0,unbounded
Header_ Trade Settlement. Invoicer. Trade_ Party,0,1
Header_ Trade Settlement. Invoicee. Trade_ Party,0,1
Header_ Trade Settlement. Payee. Trade_ Party,0,unbounded
Header_ Trade Settlement. Payer. Trade_ Party,0,1
Header_ Trade Settlement. Tax_ Applicable. Trade_ Currency Exchange,0,unbounded
Header_ Trade Settlement. Order_ Applicable. Trade_ Currency Exchange,0,1
Header_ Trade Settlement. Invoice_ Applicable. Trade_ Currency Exchange,0,1
Header_ Trade Settlement. Price_ Applicable. Trade_ Currency Exchange,0,1
Header_ Trade Settlement. Payment_ Applicable. Trade_ Currency Exchange,0,1
Header_ Trade Settlement. Specified. Trade Settlement_ Payment Means,0,unbounded
Header_ Trade Settlement. Applicable. Trade_ Tax,0,unbounded
Header_ Trade Settlement. Billing. Specified_ Period,0,unbounded
Header_ Trade Settlement. Specified. Trade_ Allowance Charge,0,unbounded
Header_ Trade Settlement. Subtotal_ Calculated. Trade_ Tax,0,unbounded
Header_ Trade Settlement. Specified. Logistics_ Service Charge,0,unbounded
Header_ Trade Settlement. Specified. Trade_ Payment Terms,0,unbounded
Header_ Trade Settlement. Specified. Trade Settlement Header_ Monetary Summation,0,1
Header_ Trade Settlement. Specified. Financial_ Adjustment,0,unbounded
Header_ Trade Settlement. Invoice. Referenced_ Document,0,unbounded
Header_ Trade Settlement. Pro-Forma Invoice. Referenced_ Document,0,1
Header_ Trade Settlement. Letter Of Credit. Referenced_ Document,0,1
Header_ Trade Settlement. Factoring Agreement. Referenced_ Document,0,unbounded
Header_ Trade Settlement. Factoring List. Referenced_ Document,0,unbounded
Header_ Trade Settlement. Payable_ Specified. Trade_ Accounting Account,0,unbounded
Header_ Trade Settlement. Receivable_ Specified. Trade_ Accounting Account,0,unbounded
Header_ Trade Settlement. Purchase_ Specified. Trade_ Accounting Account,0,unbounded
Header_ Trade Settlement. Sales_ Specified. Trade_ Accounting Account,0,unbounded
Header_ Trade Settlement. Specified. Trade Settlement_ Financial Card,0,unbounded
Header_ Trade Settlement. Quotation_ Applicable. Trade_ Currency Exchange,0,1
Header_ Trade Settlement. Specified. Advance_ Payment,0,unbounded
Header_ Trade Settlement. Ultimate_ Payee. Trade_ Party,0,unbounded
Header_ Trade Settlement. Specified. Payment_ Instalment Plan,0,1
Header_ Trade Settlement. Relevant. Trade_ Party,0,unbounded
Header_ Trade Settlement. Outstanding_ Specified. Trade Settlement Header_ Monetary Summation,0,1
Hot Springs_ Source. Details,,
Hot Springs_ Source. Description. Text,0,1
Hot Springs_ Source. Identification. Identifier,1,1
Hot Springs_ Source. Marketing Phrase. Text,0,1
Hot Springs_ Source. Water_ Characteristic. Text,0,1
Hot Springs_ Source. Health_ Benefit. Text,0,unbounded
Hot Springs_ Source. Bathing Prohibition_ Caution. Text,0,unbounded
Hot Springs_ Source. Drinking Prohibition_ Caution. Text,0,1
Identified_ Binary File. Details,,
Identified_ Binary File. Identification. Identifier,0,unbounded
Identified_ Binary File. Title. Text,0,unbounded
Identified_ Binary File. Author Name. Text,0,unbounded
Identified_ Binary File. Version. Identifier,0,unbounded
Identified_ Binary File. File Name. Text,0,1
Identified_ Binary File. URI. Identifier,0,unbounded
Identified_ Binary File. MIME. Code,0,1
Identified_ Binary File. Encoding. Code,0,1
Identified_ Binary File. Character Set. Code,0,1
Identified_ Binary File. Included. Binary Object,0,1
Identified_ Binary File. Access. Text,0,unbounded
Identified_ Binary File. Description. Text,0,unbounded
Identified_ Binary File. Size. Measure,0,1
Identified_ Binary File. Access Availability. Delimited_ Period,0,unbounded
Identified_ Fault. Details,,
Identified_ Fault. Description. Text,0,unbounded
Identified_ Fault. Identification. Code,0,unbounded
Identified_ Referenced_ Document. Details,,
Identified_ Referenced_ Document. Identification. Identifier,0,1
Individual TT_ Animal. Details,,
Individual TT_ Animal. Identification. Identifier,1,1
Individual TT_ Animal. Birth. Date Time,1,1
Individual TT_ Animal. Death. Date Time,1,1
Individual TT_ Animal. Specified. Delimited_ Period,0,1
Individual TT_ Animal. Specified. Species Additional_ TT_ Product,0,1
Individual TT_ Animal. Specified. Species Additional_ TT_ Production,0,unbounded
Individual_ Tenderer Result. Details,,
Individual_ Tenderer Result. Quoted Price. Amount,0,1
Individual_ Tenderer Result. Item Quoted. Quantity,0,1
Individual_ Tenderer Result. Result. Code,0,1
Individual_ Tenderer Result. Description. Text,0,unbounded
Individual_ Tenderer Result. Tenderer_ Identification. Identifier,0,1
Individual_ Tenderer Result. Tenderer Name. Text,0,1
Individual_ Tenderer Result. Applied. Tendering_ Deliverable,0,unbounded
Information_ Query. Details,,
Information_ Query. Content. Text,1,1
Ingredient Range_ Measurement. Details,,
Ingredient Range_ Measurement. Lower Limit_ Comparison Operator. Code,1,1
Ingredient Range_ Measurement. Upper Limit_ Comparison Operator. Code,0,1
Ingredient Range_ Measurement. Lower Limit_ Actual. Measure,1,1
Ingredient Range_ Measurement. Upper Limit_ Actual. Measure,0,1
Ingredient Range_ Measurement. Lower Limit Pressure_ Condition. Measure,0,1
Ingredient Range_ Measurement. Upper Limit Pressure_ Condition. Measure,0,1
Ingredient Range_ Measurement. Description. Text,0,1
Inspected Vessel_ Status. Details,,
Inspected Vessel_ Status. Regime_ Management. Code,1,1
Inspected Vessel_ Status. Specified. ISR Item_ Characteristic,0,unbounded
Inspection Result_ Characteristic. Details,,
Inspection Result_ Characteristic. Comparison Operator. Code,0,1
Inspection Result_ Characteristic. Measured_ Value. Measure,0,unbounded
Inspection Result_ Characteristic. Measured_ Value. Text,0,1
Inspection Result_ Characteristic. Range. Text,0,1
Inspection Result_ Characteristic. Measured_ Accuracy. Measure,0,unbounded
Inspection Result_ Characteristic. Quality_ Result. Code,0,1
Inspection Result_ Characteristic. Quality Result_ Description. Text,0,unbounded
Inspection Result_ Characteristic. Quality Result Reference Level_ Description. Text,0,unbounded
Inspection Result_ Characteristic. Applicable. Specified_ Method,0,unbounded
Inspection Result_ Characteristic. Interpretation Result_ Applicable. Observation Objective_ Parameter,0,unbounded
Inspection_ Event. Details,,
Inspection_ Event. Occurrence. Date Time,1,1
Inspection_ Event. Type. Code,0,1
Inspection_ Event. Description. Text,0,unbounded
Inspection_ Event. Occurrence. Referenced_ Location,1,1
Inspection_ Instructions. Details,,
Inspection_ Instructions. Identification. Identifier,0,unbounded
Inspection_ Instructions. Description. Text,0,unbounded
Inspection_ Instructions. Type. Text,0,unbounded
Inspection_ Instructions. Description. Code,0,1
Inspection_ Instructions. Procedure. Text,0,unbounded
Inspection_ Instructions. Latest_ Update. Date Time,0,1
Inspection_ Instructions. Status. Code,0,1
Inspection_ Instructions. Sequence. Numeric,0,1
Inspection_ Instructions. Property Reference. Code,0,1
Inspection_ Instructions. Interpretation. Code,0,1
Inspection_ Note. Details,,
Inspection_ Note. Content. Text,0,unbounded
Inspection_ Note. Creation. Date Time,0,1
Inspection_ Person. Details,,
Inspection_ Person. Name. Text,1,1
Inspection_ Person. Attained. Specified_ Qualification,1,1
Inspection_ Reference. Details,,
Inspection_ Reference. Identification. Identifier,0,unbounded
Inspection_ Reference. Abbreviation. Text,0,1
Inspection_ Reference. Description. Text,0,unbounded
Inspection_ Reference. Status. Text,0,unbounded
Inspection_ Reference. Comment. Text,0,unbounded
Inspection_ Reference. Value. Text,0,unbounded
Inspection_ Reference. Property Reference. Code,0,1
Inspection_ Reference. Value. Code,0,1
Inspection_ Status. Details,,
Inspection_ Status. Condition. Code,0,1
Inspection_ Status. Description. Text,0,unbounded
Instalment_ Payment. Details,,
Instalment_ Payment. Sequence. Identifier,0,1
Instalment_ Payment. Paid. Amount,0,unbounded
Instalment_ Payment. Due. Date Time,0,1
Instalment_ Payment. Specified. Financing Request Result_ Document,0,1
Instructed_ Temperature. Details,,
Instructed_ Temperature. Maximum_ Value. Measure,0,1
Instructed_ Temperature. Minimum_ Value. Measure,0,1
Instructed_ Temperature. Control. Code,0,1
Intermediary One_ Financial Account. Details,,
Intermediary One_ Financial Account. IBAN_ Identification. Identifier,0,1
Intermediary One_ Financial Account. BBAN_ Identification. Identifier,0,1
Intermediary One_ Financial Account. UPIC_ Identification. Identifier,0,1
Intermediary One_ Financial Account. Proprietary_ Account Name. Text,0,1
Intermediary One_ Financial Account. Type. Code,0,1
Intermediary One_ Financial Account. Proprietary_ Type. Text,0,1
Intermediary One_ Financial Account. Currency. Code,0,1
Intermediary One_ Financial Account. Account Name. Text,0,1
Intermediary One_ Financial Account. Proprietary_ Identification. Identifier,0,1
Intermediary One_ Financial Institution. Details,,
Intermediary One_ Financial Institution. BIC. Identifier,0,1
Intermediary One_ Financial Institution. Clearing System Name. Text,0,1
Intermediary One_ Financial Institution. CHIPS Universal_ Identification. Identifier,0,1
Intermediary One_ Financial Institution. New Zealand NCC_ Identification. Identifier,0,1
Intermediary One_ Financial Institution. Irish NSC_ Identification. Identifier,0,1
Intermediary One_ Financial Institution. UK Sort Code_ Identification. Identifier,0,1
Intermediary One_ Financial Institution. CHIPS Participant_ Identification. Identifier,0,1
Intermediary One_ Financial Institution. Swiss BC_ Identification. Identifier,0,1
Intermediary One_ Financial Institution. Fedwire Routing Number_ Identification. Identifier,0,1
Intermediary One_ Financial Institution. Portuguese NCC_ Identification. Identifier,0,1
Intermediary One_ Financial Institution. Russian Central Bank_ Identification. Identifier,0,1
Intermediary One_ Financial Institution. Italian Domestic_ Identification. Identifier,0,1
Intermediary One_ Financial Institution. Austrian Bankleitzahl_ Identification. Identifier,0,1
Intermediary One_ Financial Institution. Canadian Payments Association_ Identification. Identifier,0,1
Intermediary One_ Financial Institution. SIC_ Identification. Identifier,0,1
Intermediary One_ Financial Institution. German Bankleitzahl_ Identification. Identifier,0,1
Intermediary One_ Financial Institution. Spanish Domestic Interbanking_ Identification. Identifier,0,1
Intermediary One_ Financial Institution. South African NCC_ Identification. Identifier,0,1
Intermediary One_ Financial Institution. Hong Kong Bank_ Identification. Identifier,0,1
Intermediary One_ Financial Institution. Australian BSB_ Identification. Identifier,0,1
Intermediary One_ Financial Institution. Indian Financial System_ Identification. Identifier,0,1
Intermediary One_ Financial Institution. Hellenic Bank_ Identification. Identifier,0,1
Intermediary One_ Financial Institution. Polish National Clearing_ Identification. Identifier,0,1
Intermediary One_ Financial Institution. Name. Text,0,1
Intermediary One_ Financial Institution. Japan Financial Institution Common_ Identification. Identifier,0,1
Intermediary One_ Financial Institution. Location. Financial Institution_ Address,0,1
Intermediary One_ Financial Institution. Sub-Division. Branch_ Financial Institution,0,1
Intermediary Sale. Details,,
Intermediary Sale. Guarantee Required. Indicator,0,1
Intermediary Sale. Guarantee. Text,0,1
Intermediary Sale. Commission Payable. Indicator,0,1
Intermediary Sale. Commission. Percent,0,1
Intermediary Sale. Commission. Amount,0,1
Intermediary Sale. Deadline. Code,0,1
Intermediary Sale. Description. Text,0,1
Intermediary Three_ Financial Account. Details,,
Intermediary Three_ Financial Account. IBAN_ Identification. Identifier,0,1
Intermediary Three_ Financial Account. BBAN_ Identification. Identifier,0,1
Intermediary Three_ Financial Account. UPIC_ Identification. Identifier,0,1
Intermediary Three_ Financial Account. Proprietary_ Account Name. Text,0,1
Intermediary Three_ Financial Account. Type. Code,0,1
Intermediary Three_ Financial Account. Proprietary_ Type. Text,0,1
Intermediary Three_ Financial Account. Currency. Code,0,1
Intermediary Three_ Financial Account. Account Name. Text,0,1
Intermediary Three_ Financial Account. Proprietary_ Identification. Identifier,0,1
Intermediary Three_ Financial Institution. Details,,
Intermediary Three_ Financial Institution. BIC. Identifier,0,1
Intermediary Three_ Financial Institution. Clearing System Name. Text,0,1
Intermediary Three_ Financial Institution. CHIPS Universal_ Identification. Identifier,0,1
Intermediary Three_ Financial Institution. New Zealand NCC_ Identification. Identifier,0,1
Intermediary Three_ Financial Institution. Irish NSC_ Identification. Identifier,0,1
Intermediary Three_ Financial Institution. UK Sort Code_ Identification. Identifier,0,1
Intermediary Three_ Financial Institution. CHIPS Participant_ Identification. Identifier,0,1
Intermediary Three_ Financial Institution. Swiss BC_ Identification. Identifier,0,1
Intermediary Three_ Financial Institution. Fedwire Routing Number_ Identification. Identifier,0,1
Intermediary Three_ Financial Institution. Portuguese NCC_ Identification. Identifier,0,1
Intermediary Three_ Financial Institution. Russian Central Bank_ Identification. Identifier,0,1
Intermediary Three_ Financial Institution. Italian Domestic_ Identification. Identifier,0,1
Intermediary Three_ Financial Institution. Austrian Bankleitzahl_ Identification. Identifier,0,1
Intermediary Three_ Financial Institution. Canadian Payments Association_ Identification. Identifier,0,1
Intermediary Three_ Financial Institution. SIC_ Identification. Identifier,0,1
Intermediary Three_ Financial Institution. German Bankleitzahl_ Identification. Identifier,0,1
Intermediary Three_ Financial Institution. Spanish Domestic Interbanking_ Identification. Identifier,0,1
Intermediary Three_ Financial Institution. South African NCC_ Identification. Identifier,0,1
Intermediary Three_ Financial Institution. Hong Kong Bank_ Identification. Identifier,0,1
Intermediary Three_ Financial Institution. Australian BSB_ Identification. Identifier,0,1
Intermediary Three_ Financial Institution. Indian Financial System_ Identification. Identifier,0,1
Intermediary Three_ Financial Institution. Hellenic Bank_ Identification. Identifier,0,1
Intermediary Three_ Financial Institution. Polish National Clearing_ Identification. Identifier,0,1
Intermediary Three_ Financial Institution. Name. Text,0,1
Intermediary Three_ Financial Institution. Japan Financial Institution Common_ Identification. Identifier,0,1
Intermediary Three_ Financial Institution. Location. Financial Institution_ Address,0,1
Intermediary Three_ Financial Institution. Sub-Division. Branch_ Financial Institution,0,1
Intermediary Two_ Financial Account. Details,,
Intermediary Two_ Financial Account. IBAN_ Identification. Identifier,0,1
Intermediary Two_ Financial Account. BBAN_ Identification. Identifier,0,1
Intermediary Two_ Financial Account. UPIC_ Identification. Identifier,0,1
Intermediary Two_ Financial Account. Proprietary_ Account Name. Text,0,1
Intermediary Two_ Financial Account. Type. Code,0,1
Intermediary Two_ Financial Account. Proprietary_ Type. Text,0,1
Intermediary Two_ Financial Account. Currency. Code,0,1
Intermediary Two_ Financial Account. Account Name. Text,0,1
Intermediary Two_ Financial Account. Proprietary_ Identification. Identifier,0,1
Intermediary Two_ Financial Institution. Details,,
Intermediary Two_ Financial Institution. BIC. Identifier,0,1
Intermediary Two_ Financial Institution. Clearing System Name. Text,0,1
Intermediary Two_ Financial Institution. CHIPS Universal_ Identification. Identifier,0,1
Intermediary Two_ Financial Institution. New Zealand NCC_ Identification. Identifier,0,1
Intermediary Two_ Financial Institution. Irish NSC_ Identification. Identifier,0,1
Intermediary Two_ Financial Institution. UK Sort Code_ Identification. Identifier,0,1
Intermediary Two_ Financial Institution. CHIPS Participant_ Identification. Identifier,0,1
Intermediary Two_ Financial Institution. Swiss BC_ Identification. Identifier,0,1
Intermediary Two_ Financial Institution. Fedwire Routing Number_ Identification. Identifier,0,1
Intermediary Two_ Financial Institution. Portuguese NCC_ Identification. Identifier,0,1
Intermediary Two_ Financial Institution. Russian Central Bank_ Identification. Identifier,0,1
Intermediary Two_ Financial Institution. Italian Domestic_ Identification. Identifier,0,1
Intermediary Two_ Financial Institution. Austrian Bankleitzahl_ Identification. Identifier,0,1
Intermediary Two_ Financial Institution. Canadian Payments Association_ Identification. Identifier,0,1
Intermediary Two_ Financial Institution. SIC_ Identification. Identifier,0,1
Intermediary Two_ Financial Institution. German Bankleitzahl_ Identification. Identifier,0,1
Intermediary Two_ Financial Institution. Spanish Domestic Interbanking_ Identification. Identifier,0,1
Intermediary Two_ Financial Institution. South African NCC_ Identification. Identifier,0,1
Intermediary Two_ Financial Institution. Hong Kong Bank_ Identification. Identifier,0,1
Intermediary Two_ Financial Institution. Australian BSB_ Identification. Identifier,0,1
Intermediary Two_ Financial Institution. Indian Financial System_ Identification. Identifier,0,1
Intermediary Two_ Financial Institution. Hellenic Bank_ Identification. Identifier,0,1
Intermediary Two_ Financial Institution. Polish National Clearing_ Identification. Identifier,0,1
Intermediary Two_ Financial Institution. Name. Text,0,1
Intermediary Two_ Financial Institution. Japan Financial Institution Common_ Identification. Identifier,0,1
Intermediary Two_ Financial Institution. Location. Financial Institution_ Address,0,1
Intermediary Two_ Financial Institution. Sub-Division. Branch_ Financial Institution,0,1
Internet_ Communication. Details,,
Internet_ Communication. URI. Identifier,0,1
Internet_ Communication. Use. Code,0,1
Internet_ Communication. HTML Preferred. Indicator,0,1
Internet_ Communication. Usage. Specified_ Preference,0,1
Invoice Issuer Tax_ Accounting Account. Details,,
Invoice Issuer Tax_ Accounting Account. Identification. Identifier,1,1
Invoice Issuer Tax_ Accounting Account. Set Trigger. Code,0,1
Invoice Issuer Tax_ Accounting Account. Type. Code,0,1
Invoice Issuer Tax_ Accounting Account. Amount Type. Code,0,1
Invoice Issuer_ Party. Details,,
Invoice Issuer_ Party. Primary_ Identification. Identifier,1,1
Invoice Issuer_ Party. Additional_ Identification. Identifier,0,unbounded
Invoice Issuer_ Party. Tax_ Identification. Identifier,0,unbounded
Invoice Issuer_ Party. Name. Text,0,1
Invoice Issuer_ Party. Postal. Structured_ Address,0,1
Invoice Issuer_ Party. Postal. Unstructured_ Address,0,1
Invoice Issuer_ Party. Postal. Post Box_ Address,0,1
Invoice Issuer_ Party. Defined. Trade_ Contact,0,unbounded
Invoicee Tax_ Accounting Account. Details,,
Invoicee Tax_ Accounting Account. Identification. Identifier,1,1
Invoicee Tax_ Accounting Account. Set Trigger. Code,0,1
Invoicee Tax_ Accounting Account. Type. Code,0,1
Invoicee Tax_ Accounting Account. Amount Type. Code,0,1
Invoicee_ Party. Details,,
Invoicee_ Party. Primary_ Identification. Identifier,1,1
Invoicee_ Party. Additional_ Identification. Identifier,0,unbounded
Invoicee_ Party. Tax_ Identification. Identifier,0,unbounded
Invoicee_ Party. Name. Text,0,1
Invoicee_ Party. Postal. Structured_ Address,0,1
Invoicee_ Party. Postal. Unstructured_ Address,0,1
Invoicee_ Party. Postal. Post Box_ Address,0,1
Invoicee_ Party. Defined. Trade_ Contact,0,unbounded
Invoice_ Trade Line Item. Details,,
Invoice_ Trade Line Item. Identification. Identifier,1,1
Invoice_ Trade Line Item. Shipment. Consignor_ Party,0,1
Invoice_ Trade Line Item. Shipment. Consignee_ Party,0,1
Invoice_ Trade Line Item. Product. End User_ Party,0,1
Invoice_ Trade Line Item. Production. Commodity Origin_ Country,0,1
Invoice_ Trade Line Item. Shipment. Trade_ Transport Mode,0,1
Invoice_ Trade Line Item. Shipment. Trade_ Transport Means,0,1
Invoice_ Trade Line Item. Specified. Billed_ Delivery,0,1
Invoice_ Trade Line Item. Supplied. Product_ Identity,0,1
Invoice_ Trade Line Item. Supplied. Product Unit_ Identity,0,unbounded
Invoice_ Trade Line Item. Extended. Trade_ Price,0,1
Invoice_ Trade Line Item. Actual. Billing_ Monetary Summation,0,1
Invoice_ Trade Line Item. Total. Calculated_ Tax,0,unbounded
Invoice_ Trade Line Item. Account. Asset Expense_ Accounting Account,0,unbounded
Invoice_ Trade Line Item. Account. Sales_ Accounting Account,0,unbounded
Invoice_ Trade Line Item. Reference. Referenced_ Document,0,unbounded
Invoice_ Trade Line Item. Additional Information. Trade_ Note,0,unbounded
Invoice_ Trade Line Item. Actual. Billing Line_ Monetary Summation,0,1
ISR Infringement_ Suspicion. Details,,
ISR Infringement_ Suspicion. Type. Code,1,unbounded
ISR Infringement_ Suspicion. Context. Code,0,1
ISR Infringement_ Suspicion. Legal_ Reference. Text,0,1
ISR Infringement_ Suspicion. Observation. Text,0,1
ISR Infringement_ Suspicion. Serious Violation. Indicator,0,1
ISR Item_ Characteristic. Details,,
ISR Item_ Characteristic. Type. Code,1,1
ISR Item_ Characteristic. Description. Text,0,unbounded
ISR Item_ Characteristic. Value. Measure,0,1
ISR Item_ Characteristic. Value. Date Time,0,1
ISR Item_ Characteristic. Value. Indicator,0,1
ISR Item_ Characteristic. Value. Code,0,1
ISR Item_ Characteristic. Value. Text,0,unbounded
ISR Item_ Characteristic. Value. Quantity,0,1
ISR Item_ Characteristic. Value. Numeric,0,1
ISR Item_ Characteristic. Check_ Inspection. Code,0,1
ISR Item_ Characteristic. Specified. FLUX_ Location,0,unbounded
ISR_ Query Parameter. Details,,
ISR_ Query Parameter. Type. Code,1,1
ISR_ Query Parameter. Value. Code,0,1
ISR_ Query Parameter. Value. Date Time,0,1
ISR_ Query Parameter. Value. Identifier,0,1
ISR_ Query. Details,,
ISR_ Query. Identification. Identifier,1,1
ISR_ Query. Submitted. Date Time,1,1
ISR_ Query. Type. Code,1,1
ISR_ Query. Submitter. FLUX_ Party,0,1
ISR_ Query. Specified. Delimited_ Period,0,1
ISR_ Query. Simple. ISR_ Query Parameter,0,unbounded
IS_ Event. Details,,
IS_ Event. Identification. Identifier,0,1
IS_ Event. Description. Text,0,unbounded
IS_ Event. Occurrence. Date Time,0,1
IS_ Event. Type. Code,0,1
IS_ Event. Occurrence. Delimited_ Period,0,1
IS_ Event. Subordinate. IS_ Event,0,unbounded
IS_ Report. Details,,
IS_ Report. Type. Code,1,1
IS_ Report. Context_ Type. Code,0,unbounded
IS_ Report. Reference. Date Time,1,1
IS_ Report. Identification. Identifier,0,unbounded
IS_ Report. Included. FLUX Report_ Document,0,1
IS_ Report. Specified. IS_ Event,1,1
IS_ Report. Specified. Vessel_ Transport Means,0,unbounded
IS_ Report. Specified. Vehicle_ Transport Means,0,unbounded
IS_ Report. Specified. Contact_ Party,1,unbounded
IS_ Report. Related. ISR Item_ Characteristic,0,unbounded
IS_ Report. Dependent. IS_ Report,0,unbounded
IS_ Report. Specified. Fishing_ Activity,0,unbounded
IS_ Report. Specified. FLUX_ Location,0,unbounded
IS_ Report. Related. FA_ Catch,0,unbounded
IS_ Report. Specified. Surveillance_ Means,0,unbounded
IS_ Report. Specified. ISR Infringement_ Suspicion,0,unbounded
IS_ Report. Specified. Inspected Vessel_ Status,0,unbounded
Keyword. Details,,
Keyword. Name. Text,0,unbounded
LA Exchanged_ Document. Details,,
LA Exchanged_ Document. Identification. Identifier,1,1
LA Exchanged_ Document. Issue. Date Time,1,1
LA Exchanged_ Document. Type. Code,1,1
LA Exchanged_ Document. Status. Code,0,1
LA Exchanged_ Document. Item. Quantity,0,1
LA Exchanged_ Document. Sender. Specified_ Party,1,1
LA Exchanged_ Document. Recipient. Specified_ Party,1,1
Label_ Section. Details,,
Label_ Section. Identification. Identifier,0,1
Label_ Section. Pattern. Code,0,1
Label_ Section. Included. Section_ Segment,0,unbounded
Laboratory Observation Analysis_ Method. Details,,
Laboratory Observation Analysis_ Method. Name. Text,0,1
Laboratory Observation Analysis_ Method. Obligatory_ Type. Code,0,1
Laboratory Observation Analysis_ Method. Standard_ Type. Code,0,1
Laboratory Observation Analysis_ Method. Local_ Type. Code,0,1
Laboratory Observation Analysis_ Method. External Reference. Text,0,1
Laboratory Observation Analysis_ Method. Information. Text,0,1
Laboratory Observation Analysis_ Method. Sampled Object Minimum_ Required Object Size. Measure,0,1
Laboratory Observation Analysis_ Method. Certification_ Type. Code,0,1
Laboratory Observation Analysis_ Method. Certification_ Identification. Identifier,0,1
Laboratory Observation Analysis_ Method. Identification. Identifier,0,1
Laboratory Observation_ Access Control List. Details,,
Laboratory Observation_ Access Control List. Type. Code,0,1
Laboratory Observation_ Access Control List. Access Right. Code,0,1
Laboratory Observation_ Access Control List. Included. Laboratory Observation_ Party,0,unbounded
Laboratory Observation_ Contact. Details,,
Laboratory Observation_ Contact. Identification. Identifier,1,1
Laboratory Observation_ Contact. Person Name. Text,0,1
Laboratory Observation_ Contact. Department Name. Text,0,1
Laboratory Observation_ Contact. Mobile_ Telephone. Specified_ Communication,0,1
Laboratory Observation_ Contact. Telephone. Specified_ Communication,0,1
Laboratory Observation_ Contact. Fax. Specified_ Communication,0,1
Laboratory Observation_ Contact. Email. Specified_ Communication,0,1
Laboratory Observation_ Contact. Mobile_ Telephone. Universal_ Communication,0,1
Laboratory Observation_ Contact. Telephone. Universal_ Communication,0,1
Laboratory Observation_ Contact. Fax. Universal_ Communication,0,1
Laboratory Observation_ Contact. Email. Universal_ Communication,0,1
Laboratory Observation_ Contract. Details,,
Laboratory Observation_ Contract. Identification. Identifier,1,1
Laboratory Observation_ Contract. Observer Assigned_ Identification. Identifier,0,1
Laboratory Observation_ Contract. Type. Code,0,1
Laboratory Observation_ Contract. Observation_ Type. Code,0,unbounded
Laboratory Observation_ Contract. Observation_ Name. Text,0,unbounded
Laboratory Observation_ Contract. Observation Characteristic_ Description. Text,0,unbounded
Laboratory Observation_ Contract. Submission Reason_ Description. Text,0,1
Laboratory Observation_ Contract. Issue. Date Time,1,1
Laboratory Observation_ Contract. Observation_ End. Date,0,1
Laboratory Observation_ Contract. Last Item Delivery. Date,0,1
Laboratory Observation_ Contract. Observation_ Information. Text,0,1
Laboratory Observation_ Contract. Project. Identifier,0,1
Laboratory Observation_ Contract. Observation Report_ Publication. Date Time,0,1
Laboratory Observation_ Contract. Requested Observation Report_ Publication. Date Time,0,1
Laboratory Observation_ Contract. Standard Observation_ Lead Time. Measure,0,1
Laboratory Observation_ Contract. Emergency Observation_ Lead Time. Measure,0,1
Laboratory Observation_ Contract. Emergency Observation Condition_ Information. Text,0,unbounded
Laboratory Observation_ Contract. GMO_ Regulation. Indicator,0,1
Laboratory Observation_ Contract. Specified. Laboratory Observation_ Note,0,1
Laboratory Observation_ Contract. Ordering. Laboratory Observation_ Party,0,1
Laboratory Observation_ Contract. Observing. Laboratory Observation_ Party,0,1
Laboratory Observation_ Contract. Invoicee. Laboratory Observation_ Party,0,1
Laboratory Observation_ Contract. Contract_ Sender. Laboratory Observation_ Party,0,1
Laboratory Observation_ Contract. Issuer. Laboratory Observation_ Party,0,1
Laboratory Observation_ Contract. Specified. Laboratory Observation_ Reference,0,unbounded
Laboratory Observation_ Contract. Specified. Laboratory Observation_ Instructions,0,unbounded
Laboratory Observation_ Contract. Order_ Specified. Laboratory Observation_ Reference,0,unbounded
Laboratory Observation_ Contract. Agreed_ Associated. Laboratory Observation Analysis_ Method,0,unbounded
Laboratory Observation_ Instructions. Details,,
Laboratory Observation_ Instructions. Identification. Identifier,0,1
Laboratory Observation_ Instructions. Description. Text,0,1
Laboratory Observation_ Instructions. Type. Text,0,1
Laboratory Observation_ Instructions. Description. Code,0,1
Laboratory Observation_ Instructions. Procedure. Text,0,1
Laboratory Observation_ Instructions. Latest_ Update. Date Time,0,1
Laboratory Observation_ Instructions. Status. Code,0,1
Laboratory Observation_ Instructions. Sequence. Numeric,0,1
Laboratory Observation_ Instructions. Property Reference. Code,0,1
Laboratory Observation_ Instructions. Interpretation. Code,0,1
Laboratory Observation_ Note. Details,,
Laboratory Observation_ Note. Content. Text,1,1
Laboratory Observation_ Note. Creation. Date Time,1,1
Laboratory Observation_ Party. Details,,
Laboratory Observation_ Party. Identification. Identifier,1,1
Laboratory Observation_ Party. Name. Text,0,1
Laboratory Observation_ Party. Third Party Issued_ Identification. Identifier,0,unbounded
Laboratory Observation_ Party. Third Party Issued_ Identification. Text,0,unbounded
Laboratory Observation_ Party. Office. Structured_ Address,0,1
Laboratory Observation_ Party. Postal. Structured_ Address,0,1
Laboratory Observation_ Party. Website_ URI. Specified_ Communication,0,1
Laboratory Observation_ Party. Person_ Defined. Laboratory Observation_ Contact,0,1
Laboratory Observation_ Party. Office. Trade_ Address,0,1
Laboratory Observation_ Party. Postal. Trade_ Address,0,1
Laboratory Observation_ Party. Website_ URI. Universal_ Communication,0,1
Laboratory Observation_ Reference. Details,,
Laboratory Observation_ Reference. Identification. Identifier,0,1
Laboratory Observation_ Reference. Abbreviation. Text,0,1
Laboratory Observation_ Reference. Description. Text,0,1
Laboratory Observation_ Reference. Status. Text,0,1
Laboratory Observation_ Reference. Comment. Text,0,1
Laboratory Observation_ Reference. Value. Text,0,1
Laboratory Observation_ Reference. Property Reference. Code,0,1
Laboratory Observation_ Reference. Value. Code,0,1
Legal_ Organization. Details,,
Legal_ Organization. Business Type. Code,0,unbounded
Legal_ Organization. Legal Classification. Code,0,1
Legal_ Organization. Name. Text,0,unbounded
Legal_ Organization. Identification. Identifier,0,unbounded
Legal_ Organization. District. Identifier,0,unbounded
Legal_ Organization. Type. Code,0,unbounded
Legal_ Organization. Established. Date Time,0,1
Legal_ Organization. Trading Business Name. Text,0,1
Legal_ Organization. Tax Registration. Identifier,0,1
Legal_ Organization. Abbreviated Name. Text,0,1
Legal_ Organization. Parent. Text,0,1
Legal_ Organization. Official_ Language. Code,0,1
Legal_ Organization. Function. Code,0,1
Legal_ Organization. Social_ Identification. Identifier,0,1
Legal_ Organization. Fiscal_ Identification. Identifier,0,1
Legal_ Organization. Other_ Identification. Identifier,0,unbounded
Legal_ Organization. Parent. Identifier,0,unbounded
Legal_ Organization. Postal. Trade_ Address,0,unbounded
Legal_ Organization. Authorized. Legal_ Registration,0,unbounded
Legal_ Organization. Postal. Unstructured_ Address,0,1
Legal_ Organization. Designated. Responsible_ Party,0,unbounded
Legal_ Organization. Primary. Responsible_ Contact,0,1
Legal_ Organization. Parent. Legal_ Organization,0,1
Legal_ Organization. Designated. Party_ Contact,0,unbounded
Legal_ Organization. Primary. Representative_ Person,0,1
Legal_ Registration. Details,,
Legal_ Registration. Type. Code,0,unbounded
Legal_ Registration. Recorded. Date,0,unbounded
Legal_ Registration. Identification. Identifier,0,unbounded
Legal_ Registration. Country Sub-Division. Identifier,0,unbounded
Legal_ Registration. Category. Code,0,unbounded
Legal_ Registration. Country. Identifier,0,unbounded
Legal_ Registration. Licence. Identifier,0,1
Legal_ Registration. Last Registered Year. Date Time,0,1
Line_ Trade Agreement. Details,,
Line_ Trade Agreement. Reference. Text,0,unbounded
Line_ Trade Agreement. Buyer_ Reference. Text,0,unbounded
Line_ Trade Agreement. Product Availability. Code,0,1
Line_ Trade Agreement. Product Orderable. Indicator,0,1
Line_ Trade Agreement. Product Reorderable. Indicator,0,1
Line_ Trade Agreement. Product Made To Order. Indicator,0,1
Line_ Trade Agreement. Delivery_ Order Fulfilment Lead Time. Measure,0,1
Line_ Trade Agreement. Pick-Up_ Order Fulfilment Lead Time. Measure,0,1
Line_ Trade Agreement. Minimum_ Product Orderable. Quantity,0,1
Line_ Trade Agreement. Maximum_ Product Orderable. Quantity,0,1
Line_ Trade Agreement. Incremental_ Product Orderable. Quantity,0,1
Line_ Trade Agreement. Order_ Product Unit Measure. Code,0,1
Line_ Trade Agreement. Resale_ Product Unit Measure. Code,0,1
Line_ Trade Agreement. Information Use Restriction. Indicator,0,1
Line_ Trade Agreement. Delivery_ Priority. Code,0,1
Line_ Trade Agreement. Economic_ Order. Quantity,0,1
Line_ Trade Agreement. Impact. Code,0,1
Line_ Trade Agreement. Priority. Code,0,1
Line_ Trade Agreement. Seller_ Reference. Text,0,unbounded
Line_ Trade Agreement. Identification. Identifier,0,unbounded
Line_ Trade Agreement. Revision_ Identification. Identifier,0,unbounded
Line_ Trade Agreement. Buyer_ Approved. Date Time,0,1
Line_ Trade Agreement. Seller. Trade_ Party,0,1
Line_ Trade Agreement. Buyer_ Requisitioner. Trade_ Party,0,unbounded
Line_ Trade Agreement. Product End User. Trade_ Party,0,1
Line_ Trade Agreement. Applicable. Trade_ Delivery Terms,0,1
Line_ Trade Agreement. Seller_ Order. Referenced_ Document,0,1
Line_ Trade Agreement. Buyer_ Order. Referenced_ Document,0,unbounded
Line_ Trade Agreement. Marketplace_ Order. Referenced_ Document,0,1
Line_ Trade Agreement. Quotation. Referenced_ Document,0,1
Line_ Trade Agreement. Quotation Request. Referenced_ Document,0,1
Line_ Trade Agreement. Contract. Referenced_ Document,0,unbounded
Line_ Trade Agreement. Requisition. Referenced_ Document,0,unbounded
Line_ Trade Agreement. Demand Forecast. Referenced_ Document,0,unbounded
Line_ Trade Agreement. Promotional Deal. Referenced_ Document,0,1
Line_ Trade Agreement. Price List. Referenced_ Document,0,1
Line_ Trade Agreement. Additional. Referenced_ Document,0,unbounded
Line_ Trade Agreement. Gross Price_ Product. Trade_ Price,0,unbounded
Line_ Trade Agreement. Net Price_ Product. Trade_ Price,0,unbounded
Line_ Trade Agreement. Requisitioner. Referenced_ Document,0,unbounded
Line_ Trade Agreement. Sales_ Conditions. Referenced_ Document,0,unbounded
Line_ Trade Agreement. Catalogue. Referenced_ Document,0,unbounded
Line_ Trade Agreement. Catalogue_ Information Provider. Trade_ Party,0,1
Line_ Trade Agreement. Procurement. Trade_ Party,0,1
Line_ Trade Agreement. Support Centre. Trade_ Party,0,1
Line_ Trade Agreement. Carrier. Trade_ Party,0,unbounded
Line_ Trade Agreement. Target Market. Trade_ Country,0,unbounded
Line_ Trade Agreement. Ordering. Specified_ Period,0,1
Line_ Trade Agreement. Minimum Order Quantity_ Ordering. Specified_ Period,0,1
Line_ Trade Agreement. Maximum Order Quantity_ Ordering. Specified_ Period,0,1
Line_ Trade Agreement. Exclusivity. Specified_ Period,0,1
Line_ Trade Agreement. Resale. Specified_ Period,0,1
Line_ Trade Agreement. Guaranteed Product Life Span. Specified_ Period,0,1
Line_ Trade Agreement. Sales Report. Referenced_ Document,0,1
Line_ Trade Agreement. Blanket Order. Referenced_ Document,0,1
Line_ Trade Agreement. Previous_ Order. Referenced_ Document,0,1
Line_ Trade Agreement. Original_ Order. Referenced_ Document,0,1
Line_ Trade Agreement. Engineering Change. Referenced_ Document,0,1
Line_ Trade Agreement. Letter Of Credit. Referenced_ Document,0,1
Line_ Trade Agreement. Import Licence. Referenced_ Document,0,1
Line_ Trade Agreement. Export Licence. Referenced_ Document,0,1
Line_ Trade Agreement. Quotation Proposal. Referenced_ Document,0,1
Line_ Trade Agreement. Quotation Proposal Response. Referenced_ Document,0,1
Line_ Trade Agreement. Quotation Request Response. Referenced_ Document,0,1
Line_ Trade Agreement. Item_ Seller. Trade_ Party,0,1
Line_ Trade Agreement. Item_ Buyer. Trade_ Party,0,1
Line_ Trade Agreement. Included. Specified_ Marketplace,0,unbounded
Line_ Trade Agreement. Order Price_ Product. Trade_ Price,0,unbounded
Line_ Trade Agreement. Immediate Previous_ Price List. Referenced_ Document,0,1
Line_ Trade Agreement. Ultimate Customer_ Order. Referenced_ Document,0,unbounded
Line_ Trade Agreement. Buyer. Trade_ Party,0,1
Line_ Trade Agreement. Applicable. Supply Chain_ Forecast Terms,0,1
Line_ Trade Agreement. Supply Instruction. Referenced_ Document,0,unbounded
Line_ Trade Agreement. Prime Contract_ Seller. Trade_ Party,0,1
Line_ Trade Agreement. Relevant. Trade_ Party,0,unbounded
Line_ Trade Agreement. Program. Mission_ Project,0,unbounded
Line_ Trade Agreement. Manufacturer. Trade_ Party,0,unbounded
Line_ Trade Agreement. Agreed Price_ Product. Trade_ Price,0,unbounded
Line_ Trade Delivery. Details,,
Line_ Trade Delivery. Partial Delivery Allowed. Indicator,0,1
Line_ Trade Delivery. Final Delivery. Indicator,0,1
Line_ Trade Delivery. Requested. Quantity,0,1
Line_ Trade Delivery. Remaining_ Requested. Quantity,0,1
Line_ Trade Delivery. Latest_ Despatched. Quantity,0,1
Line_ Trade Delivery. Received. Quantity,0,1
Line_ Trade Delivery. Agreed. Quantity,0,1
Line_ Trade Delivery. Billed. Quantity,0,1
Line_ Trade Delivery. Charge Free. Quantity,0,1
Line_ Trade Delivery. Package. Quantity,0,1
Line_ Trade Delivery. Product_ Unit. Quantity,0,1
Line_ Trade Delivery. Per Package_ Unit. Quantity,0,1
Line_ Trade Delivery. Net Weight. Measure,0,1
Line_ Trade Delivery. Gross Weight. Measure,0,1
Line_ Trade Delivery. Theoretical Weight. Measure,0,1
Line_ Trade Delivery. Net Volume. Measure,0,1
Line_ Trade Delivery. Gross Volume. Measure,0,1
Line_ Trade Delivery. Formatted_ Ultimate Ship To Delivery. Date Time,0,1
Line_ Trade Delivery. Despatched. Quantity,0,1
Line_ Trade Delivery. Chargeable Weight. Measure,0,1
Line_ Trade Delivery. Status. Code,0,1
Line_ Trade Delivery. Due In_ Available. Quantity,0,1
Line_ Trade Delivery. Due In_ Forecasted. Quantity,0,1
Line_ Trade Delivery. Due In_ Requested. Quantity,0,1
Line_ Trade Delivery. Due In_ Returned. Quantity,0,1
Line_ Trade Delivery. Economic_ Order. Quantity,0,1
Line_ Trade Delivery. Fully Delivered. Indicator,0,1
Line_ Trade Delivery. GFM Transfer_ Rejected. Quantity,0,1
Line_ Trade Delivery. Individual_ Package. Quantity,0,1
Line_ Trade Delivery. Modification_ Forecasted. Quantity,0,1
Line_ Trade Delivery. Over Delivery Allowed. Indicator,0,1
Line_ Trade Delivery. Reverse_ Billed. Quantity,0,1
Line_ Trade Delivery. Turn In_ Received. Quantity,0,1
Line_ Trade Delivery. Formatted_ Pick-Up Availability. Date Time,0,1
Line_ Trade Delivery. Identification. Identifier,0,unbounded
Line_ Trade Delivery. Subordinate_ Identification. Identifier,0,unbounded
Line_ Trade Delivery. Rejected. Quantity,0,1
Line_ Trade Delivery. Order. Quantity,0,1
Line_ Trade Delivery. Returned. Quantity,0,1
Line_ Trade Delivery. Destroyed. Quantity,0,1
Line_ Trade Delivery. Available. Quantity,0,1
Line_ Trade Delivery. Unavailable. Quantity,0,1
Line_ Trade Delivery. Cancelled. Quantity,0,1
Line_ Trade Delivery. Quantity Variation_ Type. Code,0,1
Line_ Trade Delivery. Quantity Variation_ Reason. Code,0,1
Line_ Trade Delivery. Quantity Variation_ Reason. Text,0,unbounded
Line_ Trade Delivery. Quantity_ Discrepancy Nature. Code,0,1
Line_ Trade Delivery. Buyer_ Order. Date Time,0,1
Line_ Trade Delivery. Goods Ownership Change. Date Time,0,1
Line_ Trade Delivery. Quantity Calculation Method. Code,0,1
Line_ Trade Delivery. Split. Quantity,0,unbounded
Line_ Trade Delivery. Available. Supply Chain_ Inventory,0,unbounded
Line_ Trade Delivery. Projected. Supply Chain_ Supply Plan,0,unbounded
Line_ Trade Delivery. Specified. Delivery_ Adjustment,0,unbounded
Line_ Trade Delivery. Included. Supply Chain_ Packaging,0,unbounded
Line_ Trade Delivery. Related. Supply Chain_ Consignment,0,unbounded
Line_ Trade Delivery. Ship To. Trade_ Party,0,1
Line_ Trade Delivery. Ultimate_ Ship To. Trade_ Party,0,1
Line_ Trade Delivery. Ship From. Trade_ Party,0,1
Line_ Trade Delivery. Final Destination. Trade_ Country,0,1
Line_ Trade Delivery. Specified. Delivery_ Instructions,0,unbounded
Line_ Trade Delivery. Specified. Handling_ Instructions,0,unbounded
Line_ Trade Delivery. Requested_ Despatch. Supply Chain_ Event,0,unbounded
Line_ Trade Delivery. Planned_ Despatch. Supply Chain_ Event,0,unbounded
Line_ Trade Delivery. Actual_ Despatch. Supply Chain_ Event,0,unbounded
Line_ Trade Delivery. Actual_ Pick-Up. Supply Chain_ Event,0,1
Line_ Trade Delivery. Requested_ Delivery. Supply Chain_ Event,0,unbounded
Line_ Trade Delivery. Planned_ Delivery. Supply Chain_ Event,0,unbounded
Line_ Trade Delivery. Actual_ Delivery. Supply Chain_ Event,0,unbounded
Line_ Trade Delivery. Actual_ Receipt. Supply Chain_ Event,0,1
Line_ Trade Delivery. Additional. Referenced_ Document,0,unbounded
Line_ Trade Delivery. Despatch Advice. Referenced_ Document,0,1
Line_ Trade Delivery. Receiving Advice. Referenced_ Document,0,unbounded
Line_ Trade Delivery. Delivery Note. Referenced_ Document,0,1
Line_ Trade Delivery. Planned. Supply Chain_ Consignment,0,unbounded
Line_ Trade Delivery. Confirmed_ Delivery. Supply Chain_ Event,0,1
Line_ Trade Delivery. Applicable. Transport_ Dangerous Goods,0,1
Line_ Trade Delivery. Consumption Report. Referenced_ Document,0,1
Line_ Trade Delivery. Packing List. Referenced_ Document,0,1
Line_ Trade Delivery. Specified. Logistics_ Package,0,unbounded
Line_ Trade Delivery. Utilized. Referenced_ Logistics_ Transport Equipment,0,unbounded
Line_ Trade Delivery. Logistics. Referenced_ Logistics_ Package,0,unbounded
Line_ Trade Delivery. Used. Logistics_ Label,0,unbounded
Line_ Trade Delivery. Information. Note,0,unbounded
Line_ Trade Delivery. Consignment. Supply Chain_ Inventory,0,unbounded
Line_ Trade Delivery. Customer. Supply Chain_ Inventory,0,unbounded
Line_ Trade Delivery. Logistics Service Provider. Trade_ Party,0,unbounded
Line_ Trade Delivery. Inventory Manager. Trade_ Party,0,unbounded
Line_ Trade Delivery. Consumption. Supply Chain_ Schedule,0,unbounded
Line_ Trade Delivery. Delivery. Supply Chain_ Schedule,0,unbounded
Line_ Trade Delivery. Despatch. Supply Chain_ Schedule,0,unbounded
Line_ Trade Delivery. Order. Supply Chain_ Schedule,0,unbounded
Line_ Trade Delivery. Receipt. Supply Chain_ Schedule,0,unbounded
Line_ Trade Delivery. Specified. Supply Chain_ Schedule,0,unbounded
Line_ Trade Delivery. Supply_ Specified. Supply Chain_ Schedule,0,unbounded
Line_ Trade Delivery. Acceptance. Supply Chain_ Event,0,unbounded
Line_ Trade Delivery. Planned Ship To_ Delivery. Supply Chain_ Event,0,1
Line_ Trade Delivery. Disposal. Trade_ Party,0,unbounded
Line_ Trade Delivery. Actual_ Loading. Supply Chain_ Event,0,1
Line_ Trade Delivery. Actual_ Unloading. Supply Chain_ Event,0,1
Line_ Trade Delivery. Confirmed_ Release. Supply Chain_ Event,0,1
Line_ Trade Delivery. Confirmed_ Despatch. Supply Chain_ Event,0,1
Line_ Trade Delivery. Confirmed_ Pick-Up. Supply Chain_ Event,0,1
Line_ Trade Delivery. Planned_ Pick-Up. Supply Chain_ Event,0,1
Line_ Trade Delivery. Goods Receipt Note. Referenced_ Document,0,1
Line_ Trade Delivery. Shipment Schedule. Referenced_ Document,0,1
Line_ Trade Delivery. Classification. Referenced_ Document,0,1
Line_ Trade Delivery. Utilized. Logistics_ Transport Equipment,0,unbounded
Line_ Trade Settlement. Details,,
Line_ Trade Settlement. Payment Reference. Text,0,unbounded
Line_ Trade Settlement. Invoice Issuer_ Reference. Text,0,1
Line_ Trade Settlement. Payer_ Reference. Text,0,1
Line_ Trade Settlement. Total_ Adjustment. Amount,0,1
Line_ Trade Settlement. Discount. Indicator,0,1
Line_ Trade Settlement. Invoice. Date Time,0,1
Line_ Trade Settlement. Payment. Amount,0,unbounded
Line_ Trade Settlement. Price_ Currency. Code,0,1
Line_ Trade Settlement. Amount_ Direction. Code,0,1
Line_ Trade Settlement. Status. Code,0,1
Line_ Trade Settlement. Creditor Reference Type. Code,0,unbounded
Line_ Trade Settlement. Invoicee. Trade_ Party,0,1
Line_ Trade Settlement. Payer. Trade_ Party,0,1
Line_ Trade Settlement. Applicable. Trade_ Tax,0,unbounded
Line_ Trade Settlement. Billing. Specified_ Period,0,unbounded
Line_ Trade Settlement. Specified. Trade_ Allowance Charge,0,unbounded
Line_ Trade Settlement. Subtotal_ Calculated. Trade_ Tax,0,unbounded
Line_ Trade Settlement. Specified. Logistics_ Service Charge,0,unbounded
Line_ Trade Settlement. Specified. Trade_ Payment Terms,0,unbounded
Line_ Trade Settlement. Specified. Trade Settlement Line_ Monetary Summation,0,1
Line_ Trade Settlement. Specified. Financial_ Adjustment,0,unbounded
Line_ Trade Settlement. Invoice. Referenced_ Document,0,unbounded
Line_ Trade Settlement. Additional. Referenced_ Document,0,unbounded
Line_ Trade Settlement. Payable_ Specified. Trade_ Accounting Account,0,unbounded
Line_ Trade Settlement. Receivable_ Specified. Trade_ Accounting Account,0,unbounded
Line_ Trade Settlement. Purchase_ Specified. Trade_ Accounting Account,0,unbounded
Line_ Trade Settlement. Sales_ Specified. Trade_ Accounting Account,0,unbounded
Line_ Trade Settlement. Specified. Trade Settlement_ Financial Card,0,unbounded
Line_ Trade Settlement. Associated. Document Line_ Document,0,unbounded
Line_ Trade Settlement. Associated. Referenced_ Document,0,unbounded
Line_ Trade Settlement. Referenced. Line_ Trade Transaction,0,unbounded
Line_ Trade Settlement. Specified. Trade_ Accounting Account,0,unbounded
Line_ Trade Transaction. Details,,
Line_ Trade Transaction. Applicable. Line_ Trade Agreement,0,unbounded
Line_ Trade Transaction. Applicable. Line_ Trade Delivery,0,unbounded
Line_ Trade Transaction. Included. Trade_ Product,0,unbounded
Linked_ Report. Details,,
Linked_ Report. Required Items List. Identifier,0,1
Linked_ Report. Name. Text,0,1
Linked_ Report. Item. Identifier,0,1
Linked_ Report. Next Information. Identifier,0,unbounded
Linked_ Report. Dependent. Linked_ Report,0,unbounded
Linked_ Report. Specified. Payment_ Financial Account,0,1
Linked_ Report. Specified. Reporting_ Expected Information,0,unbounded
Linked_ Report. Specified. Responsible_ Person,0,1
Linked_ Report. Specified. Unstructured_ Address,0,1
Linked_ Report. Specified. Production_ Software,0,1
Linked_ Report. Specified. Legal_ Organization,0,1
Linked_ Report. Specified. Booked_ Accounting Account,0,1
Linked_ Report. Included. Evidence_ Document,0,1
Linked_ Report. Specified. Delimited_ Accounting Period,0,unbounded
Linked_ Report. Specified. Payment Transaction_ Payment Terms,0,1
Livestock Animal_ Product Instance. Details,,
Livestock Animal_ Product Instance. Identification. Identifier,1,1
Livestock Animal_ Product Instance. Intended_ Use. Text,1,1
Livestock Animal_ Product Instance. Additional Information. Basic_ Note,0,1
Livestock Animal_ Product. Details,,
Livestock Animal_ Product. Common Species_ Name. Text,1,1
Livestock Animal_ Product. Scientific Species_ Name. Text,1,1
Livestock Animal_ Product. Description. Text,1,1
Livestock Animal_ Product. Individual. Livestock Animal_ Product Instance,1,1
Livestock_ Animal. Details,,
Livestock_ Animal. Identification. Identifier,1,1
Livestock_ Animal. Birth. Date Time,1,1
Livestock_ Animal. Death. Date Time,0,1
Livestock_ Animal. Gender. Code,1,1
Livestock_ Animal. Mother. Identifier,0,1
Livestock_ Animal. Registered Birth_ Location. Identifier,0,1
Livestock_ Animal. Species_ Type. Code,1,1
Livestock_ Animal. National Appearance_ Applicable. Specified_ Classification,0,unbounded
Livestock_ Animal. Unified Appearance_ Applicable. Specified_ Classification,0,1
Livestock_ Animal. National Colour_ Applicable. Specified_ Classification,0,unbounded
Livestock_ Animal. Unified Colour_ Applicable. Specified_ Classification,0,1
Livestock_ Animal. Specified. Animal_ Identity,1,unbounded
Livestock_ Animal. Specified. Veterinarian_ Event,0,unbounded
Livestock_ Animal. Specified. Animal Holding_ Event,1,unbounded
Livestock_ Animal. Specified. Cross Border Animal Movement_ Event,0,unbounded
Livestock_ Animal. Awarded. Animal_ Grant,0,unbounded
Livestock_ Animal. Associated. Animal Passport_ Document,0,unbounded
Local_ Organization. Details,,
Local_ Organization. Name. Text,1,1
Local_ Organization. Identification. Identifier,0,1
Local_ Organization. District. Identifier,1,1
Local_ Organization. Authorized. Business Licence_ Registration,0,1
Local_ Organization. Primary. Tendering_ Contact,0,1
Local_ Organization. Postal. Tendering_ Address,0,1
Location Responsible_ Organization. Details,,
Location Responsible_ Organization. Identification. Identifier,0,unbounded
Location Responsible_ Organization. Name. Text,0,1
Location Responsible_ Organization. Business_ Type. Code,0,1
Location Responsible_ Organization. Members And Managers. Quantity,0,1
Location Responsible_ Organization. Legal Classification. Code,0,1
Location Responsible_ Organization. Physical. Structured_ Address,0,1
Location Responsible_ Organization. TT_ Responsible. TT_ Party,0,unbounded
Location_ Party. Details,,
Location_ Party. Identification. Identifier,0,unbounded
Location_ Party. Type. Code,0,unbounded
Location_ Party. Name. Text,0,unbounded
Location_ Party. Description. Text,0,unbounded
Location_ Party. Role. Code,0,unbounded
Location_ Party. Country. Identifier,0,unbounded
Location_ Party. Specified. Transport_ Person,0,unbounded
Location_ Party. Defined. Trade_ Contact,0,unbounded
Location_ Party. Postal. Trade_ Address,0,unbounded
Location_ Party. Telephone. Universal_ Communication,0,unbounded
Location_ Party. Fax. Universal_ Communication,0,unbounded
Location_ Party. URI. Universal_ Communication,0,unbounded
Location_ Party. Provided. Transport_ Service,0,unbounded
Location_ Party. Specified. Logistics_ Location,0,unbounded
Lodging House_ Building. Details,,
Lodging House_ Building. Identification. Identifier,0,unbounded
Lodging House_ Building. Formal_ Name. Text,1,unbounded
Lodging House_ Building. Familiar_ Name. Text,0,1
Lodging House_ Building. Architectural_ Style. Text,0,1
Lodging House_ Building. Original_ Construction. Date,0,1
Lodging House_ Building. Latest_ Renovation. Date,0,1
Lodging House_ Building. Description. Text,0,1
Lodging House_ Building. Actual. Lodging House_ Picture,0,unbounded
Lodging House_ Building. Distinctive. Lodging House_ Feature,0,unbounded
Lodging House_ Contact. Details,,
Lodging House_ Contact. Identification. Identifier,1,1
Lodging House_ Contact. Job Title. Text,0,1
Lodging House_ Contact. Responsibility. Text,0,1
Lodging House_ Contact. Department Name. Text,0,1
Lodging House_ Contact. Type. Code,0,1
Lodging House_ Contact. Person Name. Text,0,1
Lodging House_ Contact. Primary. Indicator,0,1
Lodging House_ Contact. Description. Text,0,1
Lodging House_ Contact. Telephone. Universal_ Communication,0,unbounded
Lodging House_ Contact. Postal. Structured_ Address,0,unbounded
Lodging House_ Contact. Available. Specified_ Period,0,unbounded
Lodging House_ Contract. Details,,
Lodging House_ Contract. Identification. Identifier,1,1
Lodging House_ Contract. Trading Partner_ Identification. Identifier,0,1
Lodging House_ Contract. Start. Date,0,1
Lodging House_ Contract. Automatic_ Extension. Indicator,0,1
Lodging House_ Contract. Effective. Specified_ Period,0,1
Lodging House_ Contract. Identified. Lodging House_ Party,0,1
Lodging House_ Customer Class. Details,,
Lodging House_ Customer Class. Category. Code,0,1
Lodging House_ Customer Class. Category Name. Text,0,1
Lodging House_ Customer Class. Upper Age Limit. Numeric,0,1
Lodging House_ Customer Class. Lower Age Limit. Numeric,0,1
Lodging House_ Customer Class. Gender. Code,0,1
Lodging House_ Customer Class. Meal Service Category. Code,0,1
Lodging House_ Customer Class. Special Bedding Service Offered. Indicator,0,1
Lodging House_ Customer Class. Description. Text,0,1
Lodging House_ Feature. Details,,
Lodging House_ Feature. Identification. Identifier,1,1
Lodging House_ Feature. Locale_ Name. Text,0,1
Lodging House_ Feature. Marketing Phrase. Text,0,unbounded
Lodging House_ Feature. Keyword_ Marketing Phrase. Text,0,unbounded
Lodging House_ Feature. Description. Text,0,1
Lodging House_ Feature. Occupant_ Capacity. Quantity,0,1
Lodging House_ Location. Details,,
Lodging House_ Location. Identification. Identifier,1,1
Lodging House_ Location. Name. Text,0,1
Lodging House_ Location. Directions. Text,0,unbounded
Lodging House_ Organization. Details,,
Lodging House_ Organization. Identification. Identifier,1,unbounded
Lodging House_ Organization. Chain_ Name. Text,0,unbounded
Lodging House_ Organization. Brand_ Name. Text,0,unbounded
Lodging House_ Organization. Name. Text,1,unbounded
Lodging House_ Organization. Business Type. Code,1,unbounded
Lodging House_ Organization. Association Membership_ Name. Text,0,unbounded
Lodging House_ Organization. Alliance_ Name. Text,0,unbounded
Lodging House_ Organization. Owner_ Name. Text,1,1
Lodging House_ Organization. Description. Text,0,1
Lodging House_ Party. Details,,
Lodging House_ Party. Role. Code,0,1
Lodging House_ Party. Identification. Identifier,1,1
Lodging House_ Party. Type. Code,0,unbounded
Lodging House_ Party. Name. Text,0,unbounded
Lodging House_ Party. Description. Text,0,unbounded
Lodging House_ Party. Access Rights. Code,0,1
Lodging House_ Party. Classification. Code,0,1
Lodging House_ Party. Language. Code,0,unbounded
Lodging House_ Party. Defined. Lodging House_ Contact,0,1
Lodging House_ Picture. Details,,
Lodging House_ Picture. Identification. Identifier,1,1
Lodging House_ Picture. Title Name. Text,0,1
Lodging House_ Picture. Copyright Owner Name. Text,0,1
Lodging House_ Picture. Type. Text,0,1
Lodging House_ Picture. Subject. Text,0,1
Lodging House_ Picture. Copyright Registered_ Identification. Identifier,0,1
Lodging House_ Picture. Digital Image. Binary Object,0,1
Lodging House_ Picture. Taken. Date Time,0,1
Lodging House_ Picture. Area Included. Text,0,1
Lodging House_ Picture. Description. Text,0,1
Lodging House_ Reservation Restriction. Details,,
Lodging House_ Reservation Restriction. Type. Code,0,1
Lodging House_ Reservation Restriction. Minimum. Quantity,0,1
Lodging House_ Reservation Restriction. Maximum. Quantity,0,1
Lodging House_ Reservation Restriction. Description. Text,0,1
Lodging House_ Reservation. Details,,
Lodging House_ Reservation. Message Type. Code,1,1
Lodging House_ Reservation. Identification. Identifier,0,1
Lodging House_ Reservation. Accepted. Date Time,0,1
Lodging House_ Reservation. Status. Code,0,1
Lodging House_ Reservation. Total Customer. Quantity,0,1
Lodging House_ Reservation. Sales Policy Accepted. Indicator,0,1
Lodging House_ Reservation. Property Confirmation. Identifier,0,1
Lodging House_ Reservation. Property Confirmation Issued. Date Time,0,1
Lodging House_ Reservation. Cancellation. Identifier,0,1
Lodging House_ Reservation. Cancellation Accepted. Date Time,0,1
Lodging House_ Reservation. Description. Text,0,1
Lodging House_ Reservation. Specified. Lodging House_ Traveller,0,unbounded
Lodging House_ Reservation. Used. Travel_ Sales Channel,0,unbounded
Lodging House_ Reservation. Making. Reserving_ Person,0,1
Lodging House_ Reservation. Applicable. Travel_ Payment,0,unbounded
Lodging House_ Route. Details,,
Lodging House_ Route. Identification. Identifier,1,1
Lodging House_ Route. Description. Text,0,1
Lodging House_ Route. Map. Binary Object,0,unbounded
Lodging House_ Route. Departure Point. Text,0,1
Lodging House_ Route. Transport Means. Text,0,unbounded
Lodging House_ Travel Product Component. Details,,
Lodging House_ Travel Product Component. Category. Code,0,1
Lodging House_ Travel Product Component. Category_ Name. Text,0,1
Lodging House_ Travel Product Component. Identification. Identifier,0,1
Lodging House_ Travel Product Component. Choice Allowed. Indicator,0,1
Lodging House_ Travel Product Component. Name. Text,0,1
Lodging House_ Travel Product Component. Description. Text,0,1
Lodging House_ Travel Product Component. Specified. Product Component_ Itinerary,0,unbounded
Lodging House_ Travel Product Sub-Component. Details,,
Lodging House_ Travel Product Sub-Component. Category. Code,0,1
Lodging House_ Travel Product Sub-Component. Category Type. Code,0,1
Lodging House_ Travel Product Sub-Component. Identification. Identifier,0,1
Lodging House_ Travel Product Sub-Component. Name. Text,0,1
Lodging House_ Travel Product Sub-Component. Supplier. Identifier,0,1
Lodging House_ Travel Product Sub-Component. Supplier Name. Text,0,1
Lodging House_ Travel Product Sub-Component. Applicable Unit. Quantity,0,1
Lodging House_ Travel Product Sub-Component. Description. Text,0,1
Lodging House_ Travel Product Sub-Component. Distinctive. Travel Product_ Feature,0,unbounded
Lodging House_ Travel Product Sub-Component. Specified. Specified_ Service Option,0,unbounded
Lodging House_ Travel Product Sub-Component. Actual. Picture,0,unbounded
Lodging House_ Travel Product Sub-Component. Applicable. Usage Condition,0,unbounded
Lodging House_ Travel Product Sub-Component. Physical. Lodging House_ Location,0,1
Lodging House_ Travel Product Sub-Component. Specified. Product_ Availability,0,unbounded
Lodging House_ Travel Product Sub-Component. Actual. Lodging House_ Picture,0,unbounded
Lodging House_ Travel Product Sub-Component. Applicable. Lodging House_ Usage Condition,0,unbounded
Lodging House_ Travel Product. Details,,
Lodging House_ Travel Product. Type. Code,1,1
Lodging House_ Travel Product. Category. Code,1,1
Lodging House_ Travel Product. Identification. Identifier,1,1
Lodging House_ Travel Product. Brand_ Name. Text,0,1
Lodging House_ Travel Product. Name. Text,0,1
Lodging House_ Travel Product. Supplier Name. Text,0,1
Lodging House_ Travel Product. Supplier. Identifier,0,1
Lodging House_ Travel Product. Sales Manager Name. Text,0,1
Lodging House_ Travel Product. Travel Licence. Identifier,0,1
Lodging House_ Travel Product. Reservation Guarantee Required. Indicator,0,1
Lodging House_ Travel Product. Reservation Guarantee. Text,0,1
Lodging House_ Travel Product. Indemnity Clause. Text,0,1
Lodging House_ Travel Product. Cancellation Policy. Text,0,1
Lodging House_ Travel Product. Sales Office Information. Text,0,1
Lodging House_ Travel Product. Description. Text,0,1
Lodging House_ Travel Product. Applicable. Customer Class,0,unbounded
Lodging House_ Travel Product. Specified. Reservation Restriction,0,unbounded
Lodging House_ Travel Product. Specified. Intermediary Sale,0,unbounded
Lodging House_ Travel Product. Defined. Travel Product_ Feature,0,unbounded
Lodging House_ Travel Product. Applicable. Travel Product_ Period,0,unbounded
Lodging House_ Travel Product. Included. Lodging House_ Travel Product Component,0,unbounded
Lodging House_ Travel Product. Applicable. Product_ Availability,0,unbounded
Lodging House_ Travel Product. Applicable. Basic_ Price,0,unbounded
Lodging House_ Travel Product. Applicable. Extra_ Price,0,unbounded
Lodging House_ Travel Product. Applicable. Discount_ Price,0,unbounded
Lodging House_ Travel Product. Applicable. Service_ Price,0,unbounded
Lodging House_ Travel Product. Applicable. Travel Product_ Tax,0,unbounded
Lodging House_ Travel Product. Applicable. Cancellation_ Price,0,unbounded
Lodging House_ Travel Product. Held. Travel Product_ Reservation Item,0,1
Lodging House_ Travel Product. Specified. Travel Product_ Period,0,1
Lodging House_ Travel Product. Specified. Lodging House_ Travel Product Component,0,unbounded
Lodging House_ Travel Product. Charged. Daily_ Price,0,unbounded
Lodging House_ Travel Product. Applicable. Lodging House_ Customer Class,0,unbounded
Lodging House_ Travel Product. Specified. Lodging House_ Reservation Restriction,0,unbounded
Lodging House_ Travel Product. Specified. Travel Product_ Intermediary Sale,0,unbounded
Lodging House_ Traveller. Details,,
Lodging House_ Traveller. Sequence. Identifier,0,1
Lodging House_ Traveller. Category. Code,0,1
Lodging House_ Traveller. Reservation Status. Code,0,1
Lodging House_ Traveller. Leader. Indicator,0,1
Lodging House_ Traveller. Rooming. Text,0,1
Lodging House_ Traveller. Description. Text,0,1
Lodging House_ Traveller. Requested. Lodging House_ Travel Product,0,1
Lodging House_ Traveller. Provided. Travel_ Guest Arrival,0,1
Lodging House_ Traveller. Submitted. Special_ Query,0,unbounded
Lodging House_ Traveller. Information Provided. Guest_ Person,0,1
Lodging House_ Usage Condition. Details,,
Lodging House_ Usage Condition. Identification. Identifier,1,1
Lodging House_ Usage Condition. Group_ Applicable. Indicator,0,1
Lodging House_ Usage Condition. Reservation_ Required. Indicator,0,1
Lodging House_ Usage Condition. Description. Text,0,1
Lodging House_ Usage Condition. Group Allowed_ Duration. Text,0,1
Lodging House_ Usage Condition. Gender Limitation. Text,0,1
Lodging House_ Usage Condition. Age Limitation. Text,0,1
Lodging House_ Usage Condition. Physical Characteristic. Text,0,1
Lodging House_ Usage Condition. Appropriate Clothing. Text,0,1
Lodging House_ Usage Condition. Maximum_ Occupancy. Text,0,1
Logical_ Query Parameter. Details,,
Logical_ Query Parameter. Logical Operator. Text,0,1
Logical_ Query Parameter. Negation. Indicator,0,1
Logical_ Query Parameter. Subordinate. Logical_ Query Parameter,0,1
Logical_ Query Parameter. First_ Subordinate. Primitive_ Query Parameter,0,1
Logical_ Query Parameter. Second_ Subordinate. Primitive_ Query Parameter,0,1
Logistics_ Convoy. Details,,
Logistics_ Convoy. Transport Means. Quantity,0,1
Logistics_ Convoy. Overall_ Length. Measure,0,1
Logistics_ Convoy. Maximum_ Width. Measure,0,1
Logistics_ Convoy. Power Active. Logistics_ Transport Means,0,unbounded
Logistics_ Convoy. Power Inactive. Logistics_ Transport Means,0,unbounded
Logistics_ Label. Details,,
Logistics_ Label. Identification. Identifier,0,1
Logistics_ Label. Series Start. Identifier,0,1
Logistics_ Label. Series End. Identifier,0,1
Logistics_ Label. Layout_ Type. Code,0,1
Logistics_ Label. Size. Code,0,1
Logistics_ Label. Marking. Indicator,0,1
Logistics_ Label. Included. Label_ Section,0,unbounded
Logistics_ Location. Details,,
Logistics_ Location. Identification. Identifier,0,unbounded
Logistics_ Location. Name. Text,0,unbounded
Logistics_ Location. Type. Code,0,unbounded
Logistics_ Location. Description. Text,0,unbounded
Logistics_ Location. UTC Offset. Numeric,0,1
Logistics_ Location. Country Name. Text,0,unbounded
Logistics_ Location. Country. Identifier,0,1
Logistics_ Location. Country Sub-Division. Identifier,0,1
Logistics_ Location. Health Affected Area. Indicator,0,1
Logistics_ Location. Physical. Geographical Coordinate,0,1
Logistics_ Location. Postal. Trade_ Address,0,1
Logistics_ Location. Subordinate. Subordinate_ Location,0,unbounded
Logistics_ Location. Servicing_ Specified. Location_ Party,0,unbounded
Logistics_ Location. Stay. Specified_ Period,0,unbounded
Logistics_ Location. Inspection. Supply Chain_ Event,0,unbounded
Logistics_ Location. Associated. Specified_ Geographical Feature,0,unbounded
Logistics_ Location. Previous_ Associated. Specified_ Geographical Feature,0,unbounded
Logistics_ Location. Subordinate_ Related. Logistics_ Location,0,unbounded
Logistics_ Location. Specified. Inspection_ Event,0,unbounded
Logistics_ Location. Facility. Referenced_ Location,0,unbounded
Logistics_ Package. Details,,
Logistics_ Package. Item. Quantity,0,1
Logistics_ Package. Gross Weight. Measure,0,1
Logistics_ Package. Nominal_ Gross Weight. Measure,0,1
Logistics_ Package. Net Weight. Measure,0,1
Logistics_ Package. Gross Volume. Measure,0,1
Logistics_ Package. Nominal_ Gross Volume. Measure,0,1
Logistics_ Package. Level. Code,0,1
Logistics_ Package. Type. Code,0,unbounded
Logistics_ Package. Type. Text,0,unbounded
Logistics_ Package. Sequence. Numeric,0,1
Logistics_ Package. Identification. Identifier,0,1
Logistics_ Package. Global_ Identification. Identifier,0,1
Logistics_ Package. Parent_ Identification. Identifier,0,1
Logistics_ Package. Description. Text,0,unbounded
Logistics_ Package. Information. Text,0,unbounded
Logistics_ Package. Series Start_ Identification. Identifier,0,1
Logistics_ Package. Series End_ Identification. Identifier,0,1
Logistics_ Package. Returnable. Indicator,0,1
Logistics_ Package. Colour. Code,0,1
Logistics_ Package. Per Package_ Unit. Quantity,0,unbounded
Logistics_ Package. Additional_ Level. Code,0,1
Logistics_ Package. Net Volume. Measure,0,unbounded
Logistics_ Package. Hierarchical Level. Identifier,0,1
Logistics_ Package. Tare Weight. Measure,0,1
Logistics_ Package. Physical. Logistics_ Shipping Marks,0,unbounded
Logistics_ Package. Included. Supply Chain_ Trade Line Item,0,unbounded
Logistics_ Package. Linear. Spatial_ Dimension,0,1
Logistics_ Package. Associated. Referenced_ Document,0,unbounded
Logistics_ Package. Used. Supply Chain_ Packaging,0,unbounded
Logistics_ Package. Specified. Supply Chain_ Trade Delivery,0,1
Logistics_ Package. Despatch Note_ Associated. Referenced_ Document,0,unbounded
Logistics_ Package. Specified. Line_ Trade Delivery,0,1
Logistics_ Package. Stated. Specified_ Condition,0,unbounded
Logistics_ Packaging. Details,,
Logistics_ Packaging. Identification. Identifier,0,unbounded
Logistics_ Packaging. Sequence. Numeric,0,1
Logistics_ Packaging. Level. Code,0,1
Logistics_ Packaging. Type. Code,0,unbounded
Logistics_ Packaging. Type. Text,0,1
Logistics_ Packaging. Description. Text,0,unbounded
Logistics_ Packaging. Information. Text,0,unbounded
Logistics_ Packaging. Condition. Code,0,unbounded
Logistics_ Packaging. Disposal Method. Code,0,unbounded
Logistics_ Packaging. Capacity. Measure,0,unbounded
Logistics_ Packaging. Total Unit. Quantity,0,unbounded
Logistics_ Packaging. Weight. Measure,0,unbounded
Logistics_ Packaging. Instruction. Code,0,unbounded
Logistics_ Packaging. Maximum Stackability. Quantity,0,1
Logistics_ Packaging. Returnable. Indicator,0,1
Logistics_ Packaging. Content Layer. Quantity,0,unbounded
Logistics_ Packaging. Method Description. Text,0,1
Logistics_ Packaging. Certification. Indicator,0,1
Logistics_ Packaging. Instruction. Indicator,0,1
Logistics_ Packaging. Load Bearing Capability. Measure,0,1
Logistics_ Packaging. Transport_ Maximum Stackability. Quantity,0,1
Logistics_ Packaging. Linear. Spatial_ Dimension,0,unbounded
Logistics_ Packaging. Contained. Logistics_ Package,0,unbounded
Logistics_ Packaging. Specified. Packaging_ Marking,0,unbounded
Logistics_ Packaging. Applicable. Packaging_ Instructions,0,unbounded
Logistics_ Regulated Goods. Details,,
Logistics_ Regulated Goods. Applicable. Transport_ Dangerous Goods,0,unbounded
Logistics_ Risk Analysis Result. Details,,
Logistics_ Risk Analysis Result. Category. Code,0,1
Logistics_ Risk Analysis Result. Transport Movement Risk_ Related. Code,0,unbounded
Logistics_ Risk Analysis Result. Transport Equipment Risk_ Related. Code,0,unbounded
Logistics_ Risk Analysis Result. Consignment Risk_ Related. Code,0,unbounded
Logistics_ Risk Analysis Result. Party Risk_ Related. Code,0,unbounded
Logistics_ Risk Analysis Result. Description. Text,0,1
Logistics_ Risk Analysis Result. Level. Code,0,1
Logistics_ Risk Analysis Result. Screening_ Method. Code,0,unbounded
Logistics_ Risk Analysis Result. Security_ Exemption. Code,0,unbounded
Logistics_ Risk Analysis Result. Information. Text,0,unbounded
Logistics_ Seal. Details,,
Logistics_ Seal. Identification. Identifier,0,unbounded
Logistics_ Seal. Maximum_ Identification. Identifier,0,1
Logistics_ Seal. Type. Code,0,1
Logistics_ Seal. Condition. Code,0,unbounded
Logistics_ Seal. Sealing Party Role. Code,0,1
Logistics_ Seal. Sealing Party Role. Text,0,1
Logistics_ Seal. Issuing. Trade_ Party,0,1
Logistics_ Service Charge. Details,,
Logistics_ Service Charge. Identification. Identifier,0,1
Logistics_ Service Charge. Description. Text,0,unbounded
Logistics_ Service Charge. Payment Arrangement. Code,0,1
Logistics_ Service Charge. Tariff Class. Code,0,1
Logistics_ Service Charge. Category. Code,0,1
Logistics_ Service Charge. Charge_ Category. Code,0,1
Logistics_ Service Charge. Service_ Category. Code,0,1
Logistics_ Service Charge. Disbursement. Amount,0,unbounded
Logistics_ Service Charge. Applied. Amount,0,unbounded
Logistics_ Service Charge. Allowance Charge. Text,0,1
Logistics_ Service Charge. Paying Party Role. Code,0,1
Logistics_ Service Charge. Calculation Basis. Code,0,1
Logistics_ Service Charge. Calculation Basis. Text,0,1
Logistics_ Service Charge. Transport Payment Method. Code,0,1
Logistics_ Service Charge. Invoice_ Type. Code,0,unbounded
Logistics_ Service Charge. Freight Invoice_ Type. Code,0,unbounded
Logistics_ Service Charge. Information_ Type. Code,0,unbounded
Logistics_ Service Charge. Repackage_ Applied. Amount,0,1
Logistics_ Service Charge. Service Type. Code,0,unbounded
Logistics_ Service Charge. Calculation Basis. Quantity,0,unbounded
Logistics_ Service Charge. Pre-Transhipment_ Calculation Basis. Quantity,0,unbounded
Logistics_ Service Charge. Post-Transhipment_ Calculation Basis. Quantity,0,unbounded
Logistics_ Service Charge. Calculation Basis Commodity. Code,0,1
Logistics_ Service Charge. Calculation Basis Area. Measure,0,1
Logistics_ Service Charge. Calculation Basis Distance. Measure,0,1
Logistics_ Service Charge. Tariff_ Currency. Code,0,unbounded
Logistics_ Service Charge. Charge_ Currency. Code,0,unbounded
Logistics_ Service Charge. Payment Place. Logistics_ Location,0,1
Logistics_ Service Charge. Applied From. Logistics_ Location,0,1
Logistics_ Service Charge. Applied To. Logistics_ Location,0,1
Logistics_ Service Charge. Applied. Trade_ Tax,0,unbounded
Logistics_ Service Charge. Calculation Basis. Trade_ Price,0,1
Logistics_ Service Charge. Specified. Trade Settlement_ Payment Means,0,1
Logistics_ Shipping Marks. Details,,
Logistics_ Shipping Marks. Marking. Text,0,unbounded
Logistics_ Shipping Marks. Marking Instruction. Code,0,unbounded
Logistics_ Shipping Marks. Package Category. Code,0,1
Logistics_ Shipping Marks. Barcode. Logistics_ Label,0,unbounded
Logistics_ Shipping Marks. RFID. Logistics_ Label,0,unbounded
Logistics_ Shipping Marks. VIN. Logistics_ Label,0,unbounded
Logistics_ Shipping Marks. Radioactive. Logistics_ Label,0,unbounded
Logistics_ Status. Details,,
Logistics_ Status. Condition. Code,0,1
Logistics_ Status. Reference. Date Time,0,1
Logistics_ Status. Description. Text,0,1
Logistics_ Status. Reason. Code,0,unbounded
Logistics_ Status. Reason. Text,0,unbounded
Logistics_ Status. Sequence. Numeric,0,1
Logistics_ Status. Information. Text,0,1
Logistics_ Status. Specified. Logistics_ Location,0,unbounded
Logistics_ Status. Contact. Trade_ Party,0,unbounded
Logistics_ Status. Validity. Specified_ Period,0,unbounded
Logistics_ Status. Arrival_ Reported. Transport_ Event,0,unbounded
Logistics_ Status. Departure_ Reported. Transport_ Event,0,unbounded
Logistics_ Status. Loading_ Reported. Transport_ Event,0,unbounded
Logistics_ Status. Unloading_ Reported. Transport_ Event,0,unbounded
Logistics_ Status. Reported. Supply Chain_ Event,0,unbounded
Logistics_ Transport Equipment. Details,,
Logistics_ Transport Equipment. Identification. Identifier,0,1
Logistics_ Transport Equipment. Gross Weight. Measure,0,1
Logistics_ Transport Equipment. Net Weight. Measure,0,unbounded
Logistics_ Transport Equipment. Tare Weight. Measure,0,1
Logistics_ Transport Equipment. Loading Length. Measure,0,1
Logistics_ Transport Equipment. Required Lane Length. Measure,0,1
Logistics_ Transport Equipment. Gross Volume. Measure,0,1
Logistics_ Transport Equipment. Loaded Package. Quantity,0,1
Logistics_ Transport Equipment. Humidity. Percent,0,1
Logistics_ Transport Equipment. Category. Code,0,1
Logistics_ Transport Equipment. Characteristic. Code,0,1
Logistics_ Transport Equipment. Characteristic. Text,0,1
Logistics_ Transport Equipment. Supplier Party Role. Code,0,1
Logistics_ Transport Equipment. Used Capacity. Code,0,1
Logistics_ Transport Equipment. Operational Status. Code,0,1
Logistics_ Transport Equipment. Transport Movement Status. Code,0,1
Logistics_ Transport Equipment. Legal Status. Code,0,1
Logistics_ Transport Equipment. Haulage Arrangement. Code,0,1
Logistics_ Transport Equipment. Loading Remark. Text,0,unbounded
Logistics_ Transport Equipment. Damage Remark. Text,0,unbounded
Logistics_ Transport Equipment. Information. Text,0,unbounded
Logistics_ Transport Equipment. Sequence. Numeric,0,1
Logistics_ Transport Equipment. Power Supply Type. Code,0,1
Logistics_ Transport Equipment. Power Supply Type. Text,0,1
Logistics_ Transport Equipment. Power Supply Connector. Quantity,0,1
Logistics_ Transport Equipment. Accompanied. Indicator,0,1
Logistics_ Transport Equipment. Release. Identifier,0,1
Logistics_ Transport Equipment. Release Restriction. Text,0,1
Logistics_ Transport Equipment. Seal. Quantity,0,1
Logistics_ Transport Equipment. Unit. Quantity,0,1
Logistics_ Transport Equipment. Air Flow. Measure,0,1
Logistics_ Transport Equipment. Contained Consignment. Quantity,0,1
Logistics_ Transport Equipment. Unloading Sequence. Numeric,0,1
Logistics_ Transport Equipment. Loading Sequence. Numeric,0,1
Logistics_ Transport Equipment. Carrier Assigned Booking_ Identification. Identifier,0,unbounded
Logistics_ Transport Equipment. Consignee Assigned Consignment_ Identification. Identifier,0,1
Logistics_ Transport Equipment. Sealed. Indicator,0,1
Logistics_ Transport Equipment. Returnable. Indicator,0,1
Logistics_ Transport Equipment. Shipper Reference_ Information. Text,0,unbounded
Logistics_ Transport Equipment. Stowage Position. Identifier,0,1
Logistics_ Transport Equipment. Manufacturing. Date Time,0,1
Logistics_ Transport Equipment. Axle. Quantity,0,1
Logistics_ Transport Equipment. Cargo Residue Status. Code,0,unbounded
Logistics_ Transport Equipment. Verified_ Gross Weight. Measure,0,unbounded
Logistics_ Transport Equipment. Gross_ Goods Weight. Measure,0,unbounded
Logistics_ Transport Equipment. Net_ Goods Weight. Measure,0,unbounded
Logistics_ Transport Equipment. Gross_ Goods Volume. Measure,0,unbounded
Logistics_ Transport Equipment. Net_ Goods Volume. Measure,0,unbounded
Logistics_ Transport Equipment. Goods Item_ Unit. Quantity,0,unbounded
Logistics_ Transport Equipment. Reportable. Quantity,0,unbounded
Logistics_ Transport Equipment. Contained. Supply Chain_ Consignment,0,unbounded
Logistics_ Transport Equipment. Loaded. Supply Chain_ Consignment Item,0,unbounded
Logistics_ Transport Equipment. Quarantine. Quarantine_ Instructions,0,unbounded
Logistics_ Transport Equipment. Handling. Handling_ Instructions,0,unbounded
Logistics_ Transport Equipment. Delivery. Delivery_ Instructions,0,unbounded
Logistics_ Transport Equipment. Loading. Transport_ Instructions,0,unbounded
Logistics_ Transport Equipment. Unloading. Transport_ Instructions,0,unbounded
Logistics_ Transport Equipment. Additional. Transport_ Instructions,0,unbounded
Logistics_ Transport Equipment. Loaded. Transport_ Dangerous Goods,0,unbounded
Logistics_ Transport Equipment. Affixed. Logistics_ Seal,0,unbounded
Logistics_ Transport Equipment. Linear. Spatial_ Dimension,0,1
Logistics_ Transport Equipment. Attached. Attached_ Transport Equipment,0,unbounded
Logistics_ Transport Equipment. Carried. Associated_ Transport Equipment,0,unbounded
Logistics_ Transport Equipment. Contained. Associated_ Transport Equipment,0,unbounded
Logistics_ Transport Equipment. Setting. Transport Setting_ Temperature,0,unbounded
Logistics_ Transport Equipment. Applicable. Logistics_ Service Charge,0,unbounded
Logistics_ Transport Equipment. Loading. Transport_ Event,0,1
Logistics_ Transport Equipment. Unloading. Transport_ Event,0,1
Logistics_ Transport Equipment. Storage. Transport_ Event,0,unbounded
Logistics_ Transport Equipment. Bonded Warehouse_ Storage. Transport_ Event,0,unbounded
Logistics_ Transport Equipment. Positioning. Transport_ Event,0,unbounded
Logistics_ Transport Equipment. Pick-Up. Transport_ Event,0,unbounded
Logistics_ Transport Equipment. Operating. Trade_ Party,0,1
Logistics_ Transport Equipment. Loading. Trade_ Party,0,1
Logistics_ Transport Equipment. Transport Services Buyer. Trade_ Party,0,1
Logistics_ Transport Equipment. Invoicee. Trade_ Party,0,1
Logistics_ Transport Equipment. Carrier. Trade_ Party,0,unbounded
Logistics_ Transport Equipment. Notified. Trade_ Party,0,unbounded
Logistics_ Transport Equipment. Specified. Logistics_ Transport Means,0,unbounded
Logistics_ Transport Equipment. Pre-Carriage. Logistics_ Transport Movement,0,unbounded
Logistics_ Transport Equipment. Main Carriage. Logistics_ Transport Movement,0,unbounded
Logistics_ Transport Equipment. On-Carriage. Logistics_ Transport Movement,0,unbounded
Logistics_ Transport Equipment. Reported. Logistics_ Status,0,unbounded
Logistics_ Transport Equipment. Consolidation. Transport_ Event,0,unbounded
Logistics_ Transport Equipment. Transport. Transport_ Service,0,unbounded
Logistics_ Transport Equipment. Delivery. Transport_ Event,0,unbounded
Logistics_ Transport Equipment. Associated. Referenced_ Document,0,unbounded
Logistics_ Transport Equipment. Applicable. Note,0,unbounded
Logistics_ Transport Equipment. Specified. Logistics_ Risk Analysis Result,0,unbounded
Logistics_ Transport Equipment. Reporting_ IOT Device. Communication_ Pairing,0,unbounded
Logistics_ Transport Equipment. Reporting_ IOT Device. Transport_ Event,0,unbounded
Logistics_ Transport Equipment. Related. Communication_ Event,0,unbounded
Logistics_ Transport Equipment. Scheduled. Transport_ Route,0,unbounded
Logistics_ Transport Equipment. Requested. Transport_ Route,0,unbounded
Logistics_ Transport Equipment. Actual. Transport_ Route,0,unbounded
Logistics_ Transport Equipment. Attached. Monitoring_ IOT Device,0,unbounded
Logistics_ Transport Equipment. Manufacturer. Trade_ Party,0,1
Logistics_ Transport Equipment. Owner. Trade_ Party,0,unbounded
Logistics_ Transport Equipment. Deconsolidation. Transport_ Event,0,unbounded
Logistics_ Transport Equipment. Registration. Trade_ Country,0,1
Logistics_ Transport Means. Details,,
Logistics_ Transport Means. Type. Code,0,1
Logistics_ Transport Means. Type. Text,0,1
Logistics_ Transport Means. Identification. Identifier,0,unbounded
Logistics_ Transport Means. Name. Text,0,1
Logistics_ Transport Means. Gross Weight. Measure,0,1
Logistics_ Transport Means. Net Weight. Measure,0,1
Logistics_ Transport Means. Length. Measure,0,1
Logistics_ Transport Means. Draught Level. Measure,0,1
Logistics_ Transport Means. Cargo Gross Weight. Measure,0,1
Logistics_ Transport Means. Required Lane Length. Measure,0,1
Logistics_ Transport Means. Loaded Cargo. Measure,0,1
Logistics_ Transport Means. Sequence. Numeric,0,1
Logistics_ Transport Means. Driver Accompanied. Indicator,0,1
Logistics_ Transport Means. Conference. Code,0,1
Logistics_ Transport Means. Manoeuvring_ Speed. Measure,0,1
Logistics_ Transport Means. Forward_ Draught Level. Measure,0,1
Logistics_ Transport Means. Aft_ Draught Level. Measure,0,1
Logistics_ Transport Means. Waste Reporting Exemption. Indicator,0,1
Logistics_ Transport Means. Helipad. Indicator,0,1
Logistics_ Transport Means. ISPS Security Level. Code,0,1
Logistics_ Transport Means. Approved Security Plan Onboard. Indicator,0,1
Logistics_ Transport Means. Tare Weight. Measure,0,1
Logistics_ Transport Means. Manufacturing. Date Time,0,1
Logistics_ Transport Means. Valid Sanitation Control. Indicator,0,1
Logistics_ Transport Means. Sanitation Control Re-inspection Required. Indicator,0,1
Logistics_ Transport Means. Deadweight Tonnage. Measure,0,1
Logistics_ Transport Means. Air_ Draught Level. Measure,0,unbounded
Logistics_ Transport Means. Call Sign_ Identification. Identifier,0,unbounded
Logistics_ Transport Means. MMSI_ Identification. Identifier,0,1
Logistics_ Transport Means. IMO_ Identification. Identifier,0,1
Logistics_ Transport Means. Width. Measure,0,unbounded
Logistics_ Transport Means. Power Type. Code,0,1
Logistics_ Transport Means. Attached. Logistics_ Transport Equipment,0,unbounded
Logistics_ Transport Means. Applicable. Logistics_ Service Charge,0,unbounded
Logistics_ Transport Means. Operator Nationality. Trade_ Country,0,1
Logistics_ Transport Means. Registration. Trade_ Country,0,1
Logistics_ Transport Means. Operator. Trade_ Party,0,1
Logistics_ Transport Means. Owner. Trade_ Party,0,1
Logistics_ Transport Means. Specified. Spatial_ Dimension,0,unbounded
Logistics_ Transport Means. Service Provider. Trade_ Party,0,unbounded
Logistics_ Transport Means. Specified. Handling_ Instructions,0,unbounded
Logistics_ Transport Means. Required. Transport_ Service,0,unbounded
Logistics_ Transport Means. Registration. Transport_ Event,0,unbounded
Logistics_ Transport Means. Certified. Calculated_ Emission,0,unbounded
Logistics_ Transport Means. Owner Agent. Trade_ Party,0,1
Logistics_ Transport Means. ISSC Issuing Authority. Trade_ Party,0,1
Logistics_ Transport Means. Specified. Identified_ Fault,0,unbounded
Logistics_ Transport Means. ISSC. Referenced_ Document,0,1
Logistics_ Transport Means. Company Security Officer. Transport_ Person,0,unbounded
Logistics_ Transport Means. Attached. Monitoring_ IOT Device,0,unbounded
Logistics_ Transport Means. Manufacturer. Trade_ Party,0,1
Logistics_ Transport Means. Sanitation Control. Referenced_ Document,0,unbounded
Logistics_ Transport Means. Applicable. Sustainability_ Characteristic,0,unbounded
Logistics_ Transport Means. Specified. Calculated_ Emission,0,unbounded
Logistics_ Transport Means. Maritime_ Applicable. Specified_ Certificate,0,unbounded
Logistics_ Transport Movement. Details,,
Logistics_ Transport Movement. Stage. Code,0,1
Logistics_ Transport Movement. Mode. Code,0,1
Logistics_ Transport Movement. Mode. Text,0,1
Logistics_ Transport Movement. Identification. Identifier,0,1
Logistics_ Transport Movement. Scheduled_ Identification. Identifier,0,unbounded
Logistics_ Transport Movement. Trading Consolidator Assigned_ Identification. Identifier,0,1
Logistics_ Transport Movement. Terminal Operator Assigned_ Identification. Identifier,0,unbounded
Logistics_ Transport Movement. Stay. Identifier,0,1
Logistics_ Transport Movement. Closing. Date Time,0,1
Logistics_ Transport Movement. Border Crossing. Date Time,0,unbounded
Logistics_ Transport Movement. Transit Direction. Code,0,1
Logistics_ Transport Movement. Passenger. Quantity,0,1
Logistics_ Transport Movement. Crew. Quantity,0,1
Logistics_ Transport Movement. Transport Equipment. Quantity,0,1
Logistics_ Transport Movement. Traded Parcel. Quantity,0,1
Logistics_ Transport Movement. Sailing Advice Notification_ Information. Text,0,1
Logistics_ Transport Movement. Consignment. Quantity,0,1
Logistics_ Transport Movement. Package. Quantity,0,1
Logistics_ Transport Movement. Information. Text,0,1
Logistics_ Transport Movement. Pilotage Exemption. Identifier,0,1
Logistics_ Transport Movement. Cargo Description. Text,0,1
Logistics_ Transport Movement. Dangerous Goods. Indicator,0,1
Logistics_ Transport Movement. Manifest Onboard. Indicator,0,1
Logistics_ Transport Movement. Status. Code,0,1
Logistics_ Transport Movement. Service. Code,0,1
Logistics_ Transport Movement. Service. Text,0,1
Logistics_ Transport Movement. Type. Text,0,1
Logistics_ Transport Movement. Cycle. Text,0,1
Logistics_ Transport Movement. Reported Security_ Information. Text,0,unbounded
Logistics_ Transport Movement. Call Purpose. Code,0,unbounded
Logistics_ Transport Movement. Name. Text,0,1
Logistics_ Transport Movement. Stage. Text,0,unbounded
Logistics_ Transport Movement. Reason. Code,0,1
Logistics_ Transport Movement. Onboard Person. Quantity,0,1
Logistics_ Transport Movement. Professional_ Medical Personnel Onboard. Quantity,0,1
Logistics_ Transport Movement. Trained_ Medical Personnel Onboard. Quantity,0,1
Logistics_ Transport Movement. Administrative_ Medical Personnel Onboard. Quantity,0,1
Logistics_ Transport Movement. Sequence. Numeric,0,unbounded
Logistics_ Transport Movement. Master_ Responsible. Transport_ Person,0,1
Logistics_ Transport Movement. Crew. Transport_ Person,0,unbounded
Logistics_ Transport Movement. Loading. Transport_ Event,0,1
Logistics_ Transport Movement. Unloading. Transport_ Event,0,1
Logistics_ Transport Movement. Arrival. Transport_ Event,0,unbounded
Logistics_ Transport Movement. First_ Arrival. Transport_ Event,0,1
Logistics_ Transport Movement. Departure. Transport_ Event,0,unbounded
Logistics_ Transport Movement. Used. Logistics_ Transport Means,0,1
Logistics_ Transport Movement. Applicable. Logistics_ Service Charge,0,unbounded
Logistics_ Transport Movement. Carrier. Trade_ Party,0,unbounded
Logistics_ Transport Movement. Consortium_ Carrier. Trade_ Party,0,unbounded
Logistics_ Transport Movement. NVOCC_ Carrier. Trade_ Party,0,unbounded
Logistics_ Transport Movement. Terminal Operator. Trade_ Party,0,unbounded
Logistics_ Transport Movement. Commodity Consolidator. Trade_ Party,0,1
Logistics_ Transport Movement. Commodity Consolidator Agent. Trade_ Party,0,1
Logistics_ Transport Movement. Inspection. Trade_ Party,0,unbounded
Logistics_ Transport Movement. Loading_ Inspection. Trade_ Party,0,1
Logistics_ Transport Movement. Unloading_ Inspection. Trade_ Party,0,1
Logistics_ Transport Movement. Stevedore. Trade_ Party,0,unbounded
Logistics_ Transport Movement. Notified. Trade_ Party,0,unbounded
Logistics_ Transport Movement. Documentary Instructions_ Notified. Trade_ Party,0,unbounded
Logistics_ Transport Movement. Sailing Advice_ Notified. Trade_ Party,0,unbounded
Logistics_ Transport Movement. Related. Cross-Border_ Customs Procedure,0,unbounded
Logistics_ Transport Movement. Itinerary. Transport_ Route,0,unbounded
Logistics_ Transport Movement. Lifting Instructions_ Related. Referenced_ Document,0,unbounded
Logistics_ Transport Movement. Manifest_ Related. Referenced_ Document,0,unbounded
Logistics_ Transport Movement. Special_ Specified. Transport_ Instructions,0,unbounded
Logistics_ Transport Movement. Unloading Inspection_ Specified. Transport_ Instructions,0,unbounded
Logistics_ Transport Movement. Loading Inspection_ Specified. Transport_ Instructions,0,1
Logistics_ Transport Movement. Towing Vessel_ Related. Logistics_ Transport Movement,0,unbounded
Logistics_ Transport Movement. Applicable. Cross-Border_ Regulatory Procedure,0,unbounded
Logistics_ Transport Movement. Transport Contract_ Related. Referenced_ Document,0,unbounded
Logistics_ Transport Movement. Transshipment_ Intermediate. Transport_ Event,0,unbounded
Logistics_ Transport Movement. Excess Transport. Transport_ Service,0,unbounded
Logistics_ Transport Movement. Call. Transport_ Event,0,unbounded
Logistics_ Transport Movement. Associated. Logistics_ Convoy,0,1
Logistics_ Transport Movement. Border Crossing. Transport_ Event,0,unbounded
Logistics_ Transport Movement. Passenger Nationality. Trade_ Country,0,unbounded
Logistics_ Transport Movement. Crew Nationality. Trade_ Country,0,unbounded
Logistics_ Transport Movement. ISPS_ Related. Referenced_ Document,0,1
Logistics_ Transport Movement. Specified. Calculated_ Emission,0,unbounded
Logistics_ Transport Movement. Carrier Agent. Trade_ Party,0,1
Logistics_ Transport Movement. Carried. Material_ Goods Characteristic,0,unbounded
Logistics_ Transport Movement. Specified. Handling_ Instructions,0,unbounded
Logistics_ Transport Movement. Carried Inactive. Referenced_ Transport Means,0,unbounded
Logistics_ Transport Movement. Transport Means Security Officer. Transport_ Person,0,1
Logistics_ Transport Movement. Crew List_ Related. Referenced_ Document,0,1
Logistics_ Transport Movement. Passenger List_ Related. Referenced_ Document,0,1
Logistics_ Transport Movement. Specified. Transport_ Event,0,unbounded
Logistics_ Transport Movement. Specified. Logistics_ Risk Analysis Result,0,unbounded
Logistics_ Transport Movement. Onboard. Transport_ Person,0,unbounded
Logistics_ Transport Movement. Crew. Specified_ Personal Effects,0,unbounded
Logistics_ Transport Movement. Onboard. Stores Item_ Inventory,0,unbounded
Logistics_ Transport Movement. Reported. Transportation Waste_ Material,0,unbounded
Logistics_ Transport Movement. Reported. MDH_ Transportation Health,0,unbounded
Logistics_ Transport Movement. Damage. Transport_ Event,0,unbounded
Logistics_ Transport Movement. Ship To Ship. Transport_ Event,0,unbounded
Logistics_ Transport Movement. Applicable. Sustainability_ Inspection,0,unbounded
Logistics_ Transport Movement. Applicable. Specified_ Inspection,0,unbounded
Logistics_ Transport Movement. Applicable. Sustainability_ Characteristic,0,unbounded
Logistics_ Transport Movement. Specified. Process_ Certificate,0,unbounded
Logistics_ Transport Movement. Specified. Organizational_ Certificate,0,unbounded
Logistics_ Transport Movement. Transport Waste_ Specified. Disposal_ Instructions,0,unbounded
Logistics_ Transport Movement. Specified. Logistics_ Status,0,unbounded
LOR Acknowledgement_ Document. Details,,
LOR Acknowledgement_ Document. Identification. Identifier,0,1
LOR Acknowledgement_ Document. Type. Code,0,1
LOR Acknowledgement_ Document. Name. Text,0,1
LOR Acknowledgement_ Document. Issue. Date Time,0,1
LOR Acknowledgement_ Document. Submission. Date Time,0,1
LOR Acknowledgement_ Document. Receipt. Date Time,0,1
LOR Acknowledgement_ Document. Control Requirement. Indicator,0,1
LOR Acknowledgement_ Document. Creation. Date Time,0,1
LOR Acknowledgement_ Document. Status. Code,0,1
LOR Acknowledgement_ Document. Acknowledgement_ Status. Code,0,1
LOR Acknowledgement_ Document. Item Identification. Identifier,0,1
LOR Acknowledgement_ Document. Multiple References. Indicator,0,1
LOR Acknowledgement_ Document. Reason_ Information. Text,0,unbounded
LOR Acknowledgement_ Document. Reference. LOR Referenced_ Document,0,unbounded
LOR Exchanged_ Document. Details,,
LOR Exchanged_ Document. Report Count. Numeric,0,1
LOR Exchanged_ Document. Identification. Identifier,1,1
LOR Exchanged_ Document. Description. Text,0,1
LOR Exchanged_ Document. Issue. Date Time,1,1
LOR Exchanged_ Document. Type. Code,0,1
LOR Exchanged_ Document. Copy. Indicator,1,1
LOR Exchanged_ Document. Control Requirement. Indicator,1,1
LOR Exchanged_ Document. Purpose. Code,0,1
LOR Exchanged_ Document. Line Count. Numeric,0,1
LOR Exchanged_ Document. Information. Text,0,1
LOR Exchanged_ Document. Status. Code,0,1
LOR Exchanged_ Document. Sequence. Identifier,0,1
LOR Exchanged_ Document. Sender. Laboratory Observation_ Party,1,1
LOR Exchanged_ Document. Recipient. Laboratory Observation_ Party,1,1
LOR Referenced_ Document. Details,,
LOR Referenced_ Document. Identification. Identifier,0,1
LOR Referenced_ Document. Type. Code,0,1
LOR Referenced_ Document. Description. Text,0,unbounded
LOR Referenced_ Document. Issue. Date Time,0,1
LOR Referenced_ Document. Control Requirement. Indicator,0,1
LOR Referenced_ Document. Creation. Date Time,0,1
LOR Referenced_ Document. Status. Code,0,1
LOR Referenced_ Document. Copy. Indicator,0,1
LOR Referenced_ Document. Line Count. Numeric,0,1
LOR Referenced_ Document. Purpose. Code,0,1
LOR Referenced_ Document. Information. Text,0,1
LOR Referenced_ Document. Sequence. Identifier,0,1
LOR Referenced_ Document. Report Count. Numeric,0,1
LOR Referenced_ Document. Sender. Laboratory Observation_ Party,0,1
LOR Referenced_ Document. Recipient. Laboratory Observation_ Party,0,1
Manufacturer_ Party. Details,,
Manufacturer_ Party. Primary_ Identification. Identifier,1,1
Manufacturer_ Party. Additional_ Identification. Identifier,0,unbounded
Manufacturer_ Party. Tax_ Identification. Identifier,0,unbounded
Manufacturer_ Party. Name. Text,0,1
Manufacturer_ Party. Postal. Structured_ Address,0,1
Manufacturer_ Party. Postal. Unstructured_ Address,0,1
Manufacturer_ Party. Postal. Post Box_ Address,0,1
Manufacturer_ Party. Defined. Trade_ Contact,0,unbounded
Market Survey_ Data Set. Details,,
Market Survey_ Data Set. Identification. Identifier,0,unbounded
Market Survey_ Data Set. Raw Data. Indicator,0,1
Market Survey_ Data Set. Format_ Description. Text,0,unbounded
Market Survey_ Data Set. Adjustment_ Description. Text,0,unbounded
Market Survey_ Product. Details,,
Market Survey_ Product. Identification. Identifier,0,unbounded
Market Survey_ Product. Description. Text,0,unbounded
Market Survey_ Product. Type. Code,0,1
Market Survey_ Product. Designated. Subject_ Classification,0,unbounded
Market Survey_ Product. Supply. MSI_ Availability,0,unbounded
Market Survey_ Product. Resulting Report_ Reference. CI_ Referenced_ Document,0,unbounded
Market Survey_ Product. Included. Market Survey_ Data Set,0,1
Market Survey_ Product. Included. Market Survey_ Query,0,unbounded
Market Survey_ Product. Included. Market Survey_ Questionnaire,0,1
Market Survey_ Query. Details,,
Market Survey_ Query. Identification. Identifier,0,unbounded
Market Survey_ Query. Type. Code,0,unbounded
Market Survey_ Query. Multi-Choice Answer. Text,0,unbounded
Market Survey_ Query. Content. Text,0,unbounded
Market Survey_ Query. Specified. Subject_ Classification,0,1
Market Survey_ Query. Submitted. Query_ Response,0,unbounded
Market Survey_ Query. Referenced. Questionnaire_ Section,0,1
Market Survey_ Questionnaire. Details,,
Market Survey_ Questionnaire. Identification. Identifier,0,unbounded
Market Survey_ Questionnaire. Description. Text,0,unbounded
Market Survey_ Questionnaire. Specified. Questionnaire_ Section,0,unbounded
Market_ Survey. Details,,
Market_ Survey. Identification. Identifier,0,unbounded
Market_ Survey. Description. Text,0,unbounded
Market_ Survey. Target Group_ Description. Text,0,unbounded
Market_ Survey. Sample Size. Quantity,0,1
Market_ Survey. Communication Channel. Code,0,unbounded
Market_ Survey. Organization_ Process. Code,0,1
Market_ Survey. Recording_ Process. Code,0,1
Market_ Survey. Method. Code,0,unbounded
Market_ Survey. Type. Code,0,unbounded
Market_ Survey. Time Series. Indicator,0,1
Market_ Survey. Owner. CI_ Trade_ Party,0,unbounded
Market_ Survey. Conducting. CI_ Trade_ Party,0,1
Market_ Survey. Specified. Subject_ Classification,0,unbounded
Market_ Survey. Fieldwork. Specified_ Period,0,1
Market_ Survey. Target. CI_ Trade_ Country,0,unbounded
Market_ Survey. Derived Deliverable. Market Survey_ Product,0,unbounded
Market_ Survey. Briefing. CI_ Referenced_ Document,0,unbounded
Mass_ Measurement. Details,,
Mass_ Measurement. Value. Measure,0,1
Mass_ Measurement. Quantification Type. Code,0,1
Material_ Goods Characteristic. Details,,
Material_ Goods Characteristic. Description. Text,0,unbounded
Material_ Goods Characteristic. Type. Code,0,1
Material_ Goods Characteristic. Proportional_ Constituent. Percent,0,1
Material_ Goods Characteristic. Absolute Presence_ Weight. Measure,0,1
Material_ Goods Characteristic. Absolute Presence_ Volume. Measure,0,1
MDH_ Health Indication. Details,,
MDH_ Health Indication. Status. Indicator,0,1
MDH_ Health Indication. Type. Code,0,unbounded
MDH_ Health Indication. Reported. Quantity,0,unbounded
MDH_ Health Indication. Reported. Date Time,0,unbounded
MDH_ Health Indication. Location. Identifier,0,unbounded
MDH_ Health Indication. Location Name. Text,0,unbounded
MDH_ Health Indication. Description. Text,0,unbounded
MDH_ Health Indication. Applied. MDH_ Sanitary Measure,0,unbounded
MDH_ Illness. Details,,
MDH_ Illness. Symptom Onset. Date Time,0,unbounded
MDH_ Illness. Health Status Reported. Indicator,0,1
MDH_ Illness. Health Status. Code,0,unbounded
MDH_ Illness. Case Disposition. Code,0,unbounded
MDH_ Illness. Nature. Text,0,unbounded
MDH_ Illness. Treatment. Text,0,unbounded
MDH_ Illness. Comment. Text,0,unbounded
MDH_ Illness. Evacuation. Logistics_ Location,0,unbounded
MDH_ Sanitary Measure. Details,,
MDH_ Sanitary Measure. Type. Code,0,unbounded
MDH_ Sanitary Measure. Description. Text,0,unbounded
MDH_ Sanitary Measure. Location. Text,0,unbounded
MDH_ Sanitary Measure. Application. Date Time,0,unbounded
MDH_ Transportation Health. Details,,
MDH_ Transportation Health. Died Onboard. MDH_ Health Indication,0,unbounded
MDH_ Transportation Health. Disease Onboard. MDH_ Health Indication,0,unbounded
MDH_ Transportation Health. More Ill Onboard. MDH_ Health Indication,0,unbounded
MDH_ Transportation Health. Ill Person Now Onboard. MDH_ Health Indication,0,unbounded
MDH_ Transportation Health. Medical Practitioner Consulted. MDH_ Health Indication,0,unbounded
MDH_ Transportation Health. Onboard Infection Condition. MDH_ Health Indication,0,unbounded
MDH_ Transportation Health. Sanitary Measure Applied. MDH_ Health Indication,0,unbounded
MDH_ Transportation Health. Stowaway Found Onboard. MDH_ Health Indication,0,unbounded
MDH_ Transportation Health. Sick Animal Onboard. MDH_ Health Indication,0,unbounded
MDR Element_ Data Node. Details,,
MDR Element_ Data Node. Name. Text,1,1
MDR Element_ Data Node. Value. Text,0,1
MDR Element_ Data Node. Type. Code,0,1
MDR Element_ Data Node. Value. FLUX_ Binary File,0,1
MDR Query_ Identity. Details,,
MDR Query_ Identity. Identification. Identifier,1,1
MDR Query_ Identity. Valid From. Date Time,0,unbounded
MDR Query_ Identity. Version. Identifier,0,1
MDR Query_ Identity. Validity. Delimited_ Period,0,1
MDR_ Data Node. Details,,
MDR_ Data Node. Identification. Identifier,1,1
MDR_ Data Node. Parent_ Identification. Identifier,0,1
MDR_ Data Node. Hierarchical Level. Numeric,0,1
MDR_ Data Node. Effective. Delimited_ Period,0,1
MDR_ Data Node. Subordinate. MDR Element_ Data Node,0,unbounded
MDR_ Data Set. Details,,
MDR_ Data Set. Identification. Identifier,1,unbounded
MDR_ Data Set. Description. Text,0,1
MDR_ Data Set. Origin. Text,0,1
MDR_ Data Set. Name. Text,1,1
MDR_ Data Set. Specified. Data Set_ Version,0,unbounded
MDR_ Data Set. Contained. MDR_ Data Node,0,unbounded
MDR_ Query. Details,,
MDR_ Query. Identification. Identifier,1,1
MDR_ Query. Submitted. Date Time,1,1
MDR_ Query. Type. Code,1,1
MDR_ Query. Contractual Language. Code,0,1
MDR_ Query. Submitter. FLUX_ Party,0,1
MDR_ Query. Subject. MDR Query_ Identity,1,1
Measurement. Details,,
Measurement. Comparison Operator. Code,0,unbounded
Measurement. Actual. Measure,0,unbounded
Measurement. Method. Text,0,unbounded
Measurement. Condition. Measure,0,unbounded
Measurement. Type. Code,0,unbounded
Measurement. Description. Text,0,unbounded
Meeting Room_ Facility. Details,,
Meeting Room_ Facility. Identification. Identifier,1,1
Meeting Room_ Facility. Description. Text,0,1
Meeting Room_ Facility. Architectural_ Style. Text,0,1
Meeting Room_ Facility. Type. Text,0,1
Meeting Room_ Facility. Name. Text,0,1
Meeting Room_ Facility. Construction. Date,0,1
Meeting Room_ Facility. Latest_ Renovation. Date,0,1
Meeting Room_ Facility. Physical. Lodging House_ Location,0,1
Meeting Room_ Facility. Specified. Lodging House_ Usage Condition,0,unbounded
Meeting Room_ Facility. Operating. Specified_ Period,0,unbounded
Meeting Room_ Facility. Actual. Lodging House_ Picture,0,unbounded
Meeting Room_ Facility. Distinctive. Lodging House_ Feature,0,unbounded
Meeting Room_ Facility. Offered. Supplemental_ Service,0,unbounded
Membership. Details,,
Membership. Identification. Identifier,0,unbounded
Membership. Start. Date Time,0,1
Membership. End. Date Time,0,1
Metric_ Characteristic. Details,,
Metric_ Characteristic. Identification. Identifier,0,unbounded
Metric_ Characteristic. Type. Code,0,1
Metric_ Characteristic. Description. Text,0,unbounded
Metric_ Characteristic. Value. Measure,0,unbounded
Metric_ Characteristic. Value. Text,0,unbounded
Metric_ Characteristic. Value. Code,0,1
Metric_ Characteristic. Value. Date Time,0,1
Metric_ Characteristic. Value. Indicator,0,1
Metric_ Characteristic. Value. Numeric,0,1
Metric_ Characteristic. Value. Amount,0,1
Metric_ Characteristic. Content_ Type. Code,0,1
Metric_ Characteristic. Value. Quantity,0,1
Metric_ Characteristic. Value. Specified_ Method,0,unbounded
Metric_ Characteristic. Value. Specified_ Range,0,unbounded
Metric_ Characteristic. Value. Specified_ Parameter,0,unbounded
Metric_ Characteristic. Value. Specified_ Tolerance,0,unbounded
Milk_ Tank. Details,,
Milk_ Tank. Identification. Identifier,1,1
Milk_ Tank. Serial_ Identification. Identifier,1,1
Mission_ Project. Details,,
Mission_ Project. Identification. Identifier,0,unbounded
Mission_ Project. Purpose. Code,0,unbounded
Mobile_ Plot. Details,,
Mobile_ Plot. Identification. Identifier,1,1
Mobile_ Plot. Specified. Delimited_ Period,0,unbounded
Monetary Transfer. Details,,
Monetary Transfer. Specified. Amount,0,1
Monetary Transfer. Currency. Code,0,1
Monetary Transfer. Charge Bearer. Code,0,1
Monitoring_ IOT Device. Details,,
Monitoring_ IOT Device. Identification. Identifier,0,unbounded
Monitoring_ IOT Device. Type. Code,0,1
Monitoring_ IOT Device. Operational_ Status. Code,0,1
Monitoring_ IOT Device. Communication Capability. Code,0,1
Monitoring_ IOT Device. Position. Code,0,1
Monitoring_ IOT Device. Power Source Type. Code,0,1
Monitoring_ IOT Device. Remaining Battery Charge. Percent,0,1
Monitoring_ IOT Device. Latest Received_ Signal. Date Time,0,1
Monitoring_ IOT Device. Attached Asset_ Identification. Identifier,0,1
Monitoring_ IOT Device. Model. Identifier,0,unbounded
Monitoring_ IOT Device. Granted. Product_ Certificate,0,unbounded
Monitoring_ IOT Device. Manufacturer. Trade_ Party,0,1
Monitoring_ IOT Device. Owner. Trade_ Party,0,1
Monitoring_ IOT Device. Operator. Trade_ Party,0,1
Monitoring_ IOT Device. Provider. Trade_ Party,0,1
Monitoring_ IOT Device. Interface. OEM_ Equipment,0,unbounded
Monitoring_ IOT Device. Reporting_ Sensor. Communication_ Pairing,0,unbounded
Monitoring_ IOT Device. Related. Communication_ Event,0,unbounded
Monitoring_ IOT Device. Reported. Transport_ Event,0,unbounded
Monitoring_ IOT Device. Embedded. Monitoring_ Sensor,0,unbounded
Monitoring_ IOT Device. Remote. Monitoring_ Sensor,0,unbounded
Monitoring_ IOT Device. Latest_ Received. Geographical Coordinate,0,1
Monitoring_ Sensor. Details,,
Monitoring_ Sensor. Identification. Identifier,0,unbounded
Monitoring_ Sensor. Type. Code,0,1
Monitoring_ Sensor. Position. Code,0,1
Monitoring_ Sensor. Value. Measure,0,1
Monitoring_ Sensor. Remaining Battery Charge. Percent,0,1
Monitoring_ Sensor. Owner. Trade_ Party,0,1
Monitoring_ Sensor. Manufacturer. Trade_ Party,0,1
Monitoring_ Sensor. Defined. Control Setting_ Parameter,0,unbounded
Monitoring_ Sensor. Defined. Operational_ Parameter,0,unbounded
Monitoring_ Sensor. Granted. Product_ Certificate,0,unbounded
Monitoring_ Sensor. Precision. Calibrated_ Measurement,0,unbounded
Monitoring_ Sensor. Actual_ Reported. Calibrated_ Measurement,0,unbounded
Monitoring_ Sensor. Scheduled_ Reported. Calibrated_ Measurement,0,unbounded
MSDS_ Document. Details,,
MSDS_ Document. Identification. Identifier,0,1
MSDS_ Document. Creation. Date Time,1,1
MSDS_ Document. Previous Version_ Creation. Date Time,0,1
MSDS_ Document. Proprietary Information Type. Code,1,1
MSDS_ Document. Additional Information_ Remarks. Text,0,unbounded
MSDS_ Document. Revision. Text,0,1
MSDS_ Document. Issuer. Document Preparer_ Party,0,1
MSDS_ Document. Owner. Responsible_ Party,1,1
MSDS_ Hazardous Material. Details,,
MSDS_ Hazardous Material. Type. Code,0,unbounded
MSDS_ Hazardous Material. Description. Text,0,unbounded
MSDS_ Hazardous Material. Human Entry Route. Indicator,0,1
MSDS_ Hazardous Material. Exposure_ Measure Unit. Code,0,1
MSDS_ Hazardous Material. Information. Text,0,1
MSDS_ Hazardous Material. Emergency Overview_ Information. Text,1,1
MSDS_ Hazardous Material. Overview Entry Route_ Information. Text,0,1
MSDS_ Hazardous Material. Primary Entry Route_ Information. Text,0,1
MSDS_ Hazardous Material. Additional Entry Route_ Information. Text,0,unbounded
MSDS_ Hazardous Material. Overexposure Effect_ Information. Text,0,unbounded
MSDS_ Hazardous Material. Target Organ_ Information. Text,0,1
MSDS_ Hazardous Material. Environmental Hazard Overview_ Information. Text,0,1
MSDS_ Hazardous Material. Exposure Classification Jurisdiction_ Information. Text,0,1
MSDS_ Hazardous Material. Applicable. Hazard Rating,1,unbounded
MSDS_ Regulated Goods. Details,,
MSDS_ Regulated Goods. Disclaimer. Text,0,1
MSDS_ Regulated Goods. Label. Text,0,1
MSDS_ Regulated Goods. Name. Text,1,1
MSDS_ Regulated Goods. Additional_ Name. Text,0,1
MSDS_ Regulated Goods. FCS_ Identification. Identifier,1,1
MSDS_ Regulated Goods. Additional_ Identification. Identifier,0,1
MSDS_ Regulated Goods. NIIN_ Identification. Identifier,1,1
MSDS_ Regulated Goods. LIIN_ Identification. Identifier,1,1
MSDS_ Regulated Goods. Activity Control_ Identification. Identifier,0,1
MSDS_ Regulated Goods. Federal Supply Schedule Special Item_ Identification. Identifier,0,1
MSDS_ Regulated Goods. Information Source. Text,0,1
MSDS_ Regulated Goods. Use_ Description. Text,0,1
MSDS_ Regulated Goods. Description. Text,0,1
MSDS_ Regulated Goods. Origin Country. Identifier,1,1
MSDS_ Regulated Goods. CAGE_ Manufacturer. Identifier,0,1
MSDS_ Regulated Goods. CAGE_ Contractor. Identifier,1,1
MSDS_ Regulated Goods. Contract. Identifier,0,1
MSDS_ Regulated Goods. Solicitation. Identifier,0,1
MSDS_ Regulated Goods. Specification Document. Identifier,0,1
MSDS_ Regulated Goods. Environmental. Hazard Rating,0,1
MSDS_ Regulated Goods. Component. Distinct_ Chemical,1,unbounded
MSDS_ Regulated Goods. Applicable. Toxicological_ Hazardous Material,0,1
MSDS_ Regulated Goods. Applicable. MSDS_ Hazardous Material,1,unbounded
MSDS_ Regulated Goods. Designated. Product Information_ Contact,1,1
MSDS_ Regulated Goods. Provided. First Aid_ Instructions,1,1
MSDS_ Regulated Goods. Provided. Fire Fighting_ Instructions,1,1
MSDS_ Regulated Goods. Provided. Accidental Release Measure_ Instructions,1,1
MSDS_ Regulated Goods. Provided. Hazardous Material Handling_ Instructions,1,1
MSDS_ Regulated Goods. Provided. Hazardous Material Storage_ Instructions,0,1
MSDS_ Regulated Goods. Provided. Exposure Control_ Instructions,1,1
MSDS_ Regulated Goods. Provided. Personal Protection_ Instructions,1,1
MSDS_ Regulated Goods. Provided. Chemical Stability_ Instructions,1,1
MSDS_ Regulated Goods. Provided. Chemical Reactivity_ Instructions,1,1
MSDS_ Regulated Goods. Provided. Disposal_ Instructions,0,1
MSDS_ Regulated Goods. Applicable. Hazardous_ Goods Characteristic,1,1
MSDS_ Regulated Goods. Applicable. Ecological Impact_ Goods Characteristic,1,1
MSDS_ Regulated Goods. Applicable. Solubility_ Goods Characteristic,0,1
MSDS_ Regulated Goods. Applicable. Volatile Organic Compound_ Goods Characteristic,0,unbounded
MSDS_ Regulated Goods. Applicable. Regulated_ Dangerous Goods,0,1
MSDS_ Regulated Goods. Provided. Specification_ Document,0,unbounded
MSDS_ Regulated Goods. Applicable. Referenced_ Regulation,0,1
MSI_ Availability. Details,,
MSI_ Availability. Identification. Identifier,0,1
MSI_ Availability. Description. Text,0,1
MSI_ Availability. Status. Code,0,1
MSI_ Exchanged_ Document. Details,,
MSI_ Exchanged_ Document. Identification. Identifier,1,1
MSI_ Exchanged_ Document. Name. Text,0,unbounded
MSI_ Exchanged_ Document. Type. Code,0,1
MSI_ Exchanged_ Document. Status. Code,0,1
MSI_ Exchanged_ Document. Issue. Date Time,0,1
MSI_ Exchanged_ Document. Copy. Indicator,0,1
MSI_ Exchanged_ Document. Purpose. Code,0,unbounded
MSI_ Exchanged_ Document. Version_ Identification. Identifier,0,1
MSI_ Exchanged_ Document. Revision_ Identification. Identifier,0,1
MSI_ Exchanged_ Document. Previous Revision_ Identification. Identifier,0,1
MSI_ Exchanged_ Document. Included. Note,0,unbounded
MSI_ Exchanged_ Document. Effective. Specified_ Period,0,1
MSI_ Trade Agreement. Details,,
MSI_ Trade Agreement. Information Provider. CI_ Trade_ Party,0,1
MSI_ Trade Agreement. Information Receiver. CI_ Trade_ Party,0,1
Negotiation_ Context. Details,,
Negotiation_ Context. Identification. Identifier,0,1
Negotiation_ Context. Type. Code,0,1
Non Recovery Waste_ Material. Details,,
Non Recovery Waste_ Material. Treatment Cost. Amount,0,1
Non Recovery Waste_ Material. Intended Disposal_ Treatment. Waste Recovery Disposal_ Process,0,1
Note. Details,,
Note. Subject. Text,0,1
Note. Content. Code,0,unbounded
Note. Content. Text,0,unbounded
Note. Subject. Code,0,unbounded
Note. Identification. Identifier,0,unbounded
Note. Name. Text,0,unbounded
Note. Creation. Date Time,0,1
Notified Waste Recovery Disposal_ Process. Details,,
Notified Waste Recovery Disposal_ Process. Type. Code,0,unbounded
Notified Waste Recovery Disposal_ Process. Description. Text,0,1
Notified Waste Recovery Disposal_ Process. Start. Date Time,0,1
Observation Objective_ Parameter. Details,,
Observation Objective_ Parameter. Identification. Identifier,0,1
Observation Objective_ Parameter. Value. Text,0,1
Observation Objective_ Parameter. Value. Measure,0,1
Observation Objective_ Parameter. Type. Code,0,1
Observation Objective_ Parameter. Description. Text,0,1
Observation Objective_ Parameter. Name. Text,0,1
Observation Objective_ Parameter. Value Allowed. Indicator,0,1
Observation Objective_ Parameter. Status. Code,0,1
Observation Objective_ Parameter. Status_ Value. Measure,0,1
Observation Objective_ Parameter. Type. Text,0,unbounded
Observation_ Process. Details,,
Observation_ Process. Identification. Identifier,0,1
Observation_ Process. Name. Text,0,1
Observation_ Process. Type. Code,0,1
Observation_ Process. Description. Text,0,1
Observation_ Process. Methodology_ Type. Code,0,1
Observation_ Process. Notation_ Type. Code,0,1
Observation_ Process. Trap_ Type. Code,0,1
Observation_ Process. Observation. Code,0,1
Observation_ Process. Actual. Expected_ Measurement,0,unbounded
OEM_ Equipment. Details,,
OEM_ Equipment. Identification. Identifier,0,unbounded
OEM_ Equipment. Type. Code,0,unbounded
OEM_ Equipment. Polling Capability. Indicator,0,1
OEM_ Equipment. Polling Rate. Measure,0,1
OEM_ Equipment. Applicable. Physical_ Characteristic,0,unbounded
OEM_ Equipment. Manufacturer. Trade_ Party,0,1
Operational_ Parameter. Details,,
Operational_ Parameter. Identification. Identifier,0,1
Operational_ Parameter. Type. Code,0,1
Operational_ Parameter. Status. Code,0,1
Operational_ Parameter. Description. Text,0,unbounded
Operational_ Parameter. Name. Text,0,1
Operational_ Parameter. Value Allowed. Indicator,0,1
Operational_ Parameter. Value. Text,0,1
Operational_ Parameter. Value. Measure,0,1
Operational_ Parameter. Changeable. Indicator,0,1
Operational_ Parameter. Defined. Specified_ Range,0,unbounded
Operator_ Person. Details,,
Operator_ Person. Identification. Identifier,0,1
Operator_ Person. Name. Text,0,1
Operator_ Person. Specified. Agricultural_ Certificate,0,unbounded
Operator_ Person. Specified. Agricultural_ Man Machine System,0,unbounded
Organizational_ Certificate. Details,,
Organizational_ Certificate. Identification. Identifier,0,1
Organizational_ Certificate. Issue. Date Time,0,1
Organizational_ Certificate. Expiry. Date Time,0,1
Organizational_ Certificate. Issue Reason. Code,0,1
Organizational_ Certificate. Type. Code,0,1
Organizational_ Certificate. Requested Effective. Date Time,0,1
Organizational_ Certificate. Actual Effective. Date Time,0,1
Organizational_ Certificate. Description. Text,0,unbounded
Organizational_ Certificate. Applicable_ Object. Code,0,unbounded
Organizational_ Certificate. Issuing_ Party. Identifier,0,unbounded
Organizational_ Certificate. Purpose. Code,0,1
Organizational_ Certificate. Applicable. Sustainability_ Characteristic,0,unbounded
Organizational_ Certificate. Applicable. Sustainability_ Assertion,0,unbounded
Organizational_ Certificate. Applicable. Organization_ Characteristic,0,unbounded
Organizational_ Certificate. Applicable. Referenced_ Standard,0,unbounded
Organizational_ Certificate. Applicable. Organizational_ Certification,0,unbounded
Organizational_ Certificate. Attached. Specified_ Binary File,0,unbounded
Organizational_ Certification. Details,,
Organizational_ Certification. Assertion. Code,0,1
Organizational_ Certification. Assertion. Text,0,unbounded
Organizational_ Certification. Standard. Text,0,unbounded
Organizational_ Certification. Responsible Agency. Text,0,unbounded
Organizational_ Certification. Specified. Sustainability_ Assertion,0,unbounded
Organizational_ Certification. Related. Referenced_ Location,0,unbounded
Organizational_ Certification. Applicable. Referenced_ Standard,0,unbounded
Organization_ Characteristic. Details,,
Organization_ Characteristic. Identification. Identifier,0,unbounded
Organization_ Characteristic. Type. Code,0,1
Organization_ Characteristic. Description. Text,0,unbounded
Organization_ Characteristic. Value. Measure,0,unbounded
Organization_ Characteristic. Value. Numeric,0,1
Organization_ Characteristic. Condition. Text,0,unbounded
Organization_ Characteristic. Value. Text,0,unbounded
Organization_ Characteristic. Value. Code,0,1
Organization_ Characteristic. Value. Date Time,0,1
Organization_ Characteristic. Value. Indicator,0,1
Organization_ Characteristic. Value. Amount,0,1
Organization_ Characteristic. Value. Specified_ Method,0,unbounded
Organization_ Characteristic. Value. Specified_ Range,0,unbounded
Organization_ Characteristic. Value. Specified_ Parameter,0,unbounded
Organization_ Characteristic. Value. Specified_ Tolerance,0,unbounded
Organization_ Characteristic. Applicable. Referenced_ Standard,0,unbounded
Organization_ Characteristic. Applicable. Sustainability_ Characteristic,0,unbounded
Originator_ Accounting Voucher. Details,,
Originator_ Accounting Voucher. Storage Location. Text,0,1
Originator_ Accounting Voucher. Receiving Department. Text,0,1
Originator_ Accounting Voucher. Identification. Identifier,0,1
Originator_ Accounting Voucher. Medium. Code,0,1
Originator_ Accounting Voucher. Tax Point. Date Time,0,1
Originator_ Accounting Voucher. Imported File. Identifier,0,1
Originator_ Accounting Voucher. Attachment. Binary Object,0,1
Originator_ Accounting Voucher. Related. Evidence_ Document,0,unbounded
Packaging_ Instructions. Details,,
Packaging_ Instructions. Handling. Code,0,unbounded
Packaging_ Instructions. Handling. Text,0,unbounded
Packaging_ Instructions. Requirement. Indicator,0,1
Packaging_ Instructions. Procedure. Text,0,unbounded
Packaging_ Instructions. Type. Text,0,unbounded
Packaging_ Instructions. Item Name. Text,0,unbounded
Packaging_ Instructions. Description. Text,0,unbounded
Packaging_ Instructions. Description. Code,0,1
Packaging_ Marking. Details,,
Packaging_ Marking. Type. Code,0,unbounded
Packaging_ Marking. Content. Text,0,unbounded
Packaging_ Marking. Content. Date Time,0,1
Packaging_ Marking. Content. Amount,0,unbounded
Packaging_ Marking. Barcode_ Type. Code,0,unbounded
Packaging_ Marking. Content. Code,0,unbounded
Packaging_ Marking. Automatic Data Capture Method_ Type. Code,0,unbounded
Packaging_ Marking. Specified. Logistics_ Label,0,unbounded
Parking_ Facility. Details,,
Parking_ Facility. Identification. Identifier,1,1
Parking_ Facility. Description. Text,0,1
Parking_ Facility. Architectural_ Style. Text,0,1
Parking_ Facility. Name. Text,0,1
Parking_ Facility. Construction. Date,0,1
Parking_ Facility. Latest_ Renovation. Date,0,1
Parking_ Facility. Type. Text,0,1
Parking_ Facility. Category. Text,0,1
Parking_ Facility. Physical. Lodging House_ Location,0,1
Parking_ Facility. Specified. Lodging House_ Usage Condition,0,unbounded
Parking_ Facility. Operating. Specified_ Period,0,unbounded
Parking_ Facility. Actual. Lodging House_ Picture,0,unbounded
Parking_ Facility. Distinctive. Lodging House_ Feature,0,unbounded
Parking_ Facility. Offered. Supplemental_ Service,0,unbounded
Parking_ Facility. Defined. Lodging House_ Contact,0,1
Partition Coefficient Range_ Measurement. Details,,
Partition Coefficient Range_ Measurement. Lower Limit_ Comparison Operator. Code,0,1
Partition Coefficient Range_ Measurement. Upper Limit_ Comparison Operator. Code,0,1
Partition Coefficient Range_ Measurement. Lower Limit_ Actual. Measure,0,1
Partition Coefficient Range_ Measurement. Upper Limit_ Actual. Measure,0,1
Partition Coefficient Range_ Measurement. Test_ Method. Text,0,1
Partition Coefficient Range_ Measurement. Description. Text,0,1
Party_ Contact. Details,,
Party_ Contact. Identification. Identifier,1,1
Party_ Contact. Department Name. Text,0,1
Party_ Contact. Person Name. Text,0,1
Party_ Contact. Job Title. Text,0,1
Party_ Contact. Responsibility. Text,0,1
Party_ Contact. Type. Code,0,1
Party_ Contact. Additional_ Identification. Identifier,0,1
Party_ Contact. Direct_ Telephone. Unstructured_ Telecommunication_ Communication,0,1
Party_ Contact. Mobile_ Telephone. Unstructured_ Telecommunication_ Communication,0,1
Party_ Contact. Fax. Unstructured_ Telecommunication_ Communication,0,1
Party_ Contact. URI. Email_ Communication,0,1
Party_ Contact. Telex. Unstructured_ Telecommunication_ Communication,0,1
Party_ Contact. Specified. Responsible_ Person,0,unbounded
Payable_ Accounting Account. Details,,
Payable_ Accounting Account. Identification. Identifier,1,1
Payable_ Accounting Account. Set Trigger. Code,0,1
Payable_ Accounting Account. Type. Code,0,1
Payable_ Accounting Account. Amount Type. Code,0,1
Payee_ Financial Account. Details,,
Payee_ Financial Account. Identification. Identifier,0,1
Payee_ Financial Account. IBAN_ Identification. Identifier,0,1
Payee_ Financial Account. Account Name. Text,0,1
Payee_ Financial Account. Servicing. Account Servicing_ Financial Institution,0,1
Payee_ Party. Details,,
Payee_ Party. Primary_ Identification. Identifier,1,1
Payee_ Party. Additional_ Identification. Identifier,0,unbounded
Payee_ Party. Tax_ Identification. Identifier,0,unbounded
Payee_ Party. Name. Text,0,1
Payee_ Party. Postal. Structured_ Address,0,1
Payee_ Party. Postal. Unstructured_ Address,0,1
Payee_ Party. Postal. Post Box_ Address,0,1
Payee_ Party. Defined. Trade_ Contact,0,unbounded
Payment Information_ Payment. Details,,
Payment Information_ Payment. Instruction. Identifier,0,1
Payment Information_ Payment. Method_ Type. Code,0,1
Payment Information_ Payment. Instruction_ Priority. Code,0,1
Payment Information_ Payment. Service Level. Code,0,1
Payment Information_ Payment. Service Level. Text,0,1
Payment Information_ Payment. Clearing Channel. Code,0,1
Payment Information_ Payment. External_ Local Instrument. Code,0,1
Payment Information_ Payment. Proprietary_ Local Instrument. Code,0,1
Payment Information_ Payment. Category_ Reason. Code,0,1
Payment Information_ Payment. Requested Execution. Date Time,0,1
Payment Information_ Payment. Pooling Adjustment. Date Time,0,1
Payment Initiating_ Party. Details,,
Payment Initiating_ Party. BIC_ Identification. Identifier,0,1
Payment Initiating_ Party. IBEI_ Identification. Identifier,0,1
Payment Initiating_ Party. BEI_ Identification. Identifier,0,1
Payment Initiating_ Party. GLN_ Identification. Identifier,0,1
Payment Initiating_ Party. CHIPS Universal_ Identification. Identifier,0,1
Payment Initiating_ Party. DUNS_ Identification. Identifier,0,1
Payment Initiating_ Party. Tax_ Identification. Identifier,0,2
Payment Initiating_ Party. Drivers License_ Identification. Identifier,0,1
Payment Initiating_ Party. Customer_ Identification. Identifier,0,1
Payment Initiating_ Party. Social Security_ Identification. Identifier,0,1
Payment Initiating_ Party. Alien Registration_ Identification. Identifier,0,1
Payment Initiating_ Party. Passport_ Identification. Identifier,0,1
Payment Initiating_ Party. Identity Card_ Identification. Identifier,0,1
Payment Initiating_ Party. Residence Country. Identifier,0,1
Payment Initiating_ Party. Name. Text,0,1
Payment Initiating_ Party. Bank Assigned_ Identification. Text,0,1
Payment Initiating_ Party. Proprietary_ Identification. Text,0,2
Payment Initiating_ Party. Specified. Payment_ Person,0,1
Payment Initiating_ Party. Postal. Financial Institution_ Address,0,1
Payment Initiating_ Party. Specified. Employer_ Identity,0,1
Payment Initiating_ Party. Specified. Proprietary Identification Issuer_ Identity,0,2
Payment Transaction_ Payment Instruction. Details,,
Payment Transaction_ Payment Instruction. Prior_ Approval Requirement. Indicator,0,1
Payment Transaction_ Payment Instruction. Identified. Payment Transaction_ Payment Terms,0,1
Payment Transaction_ Payment Instruction. Payer Agent. Responsible_ Party,0,1
Payment Transaction_ Payment Terms. Details,,
Payment Transaction_ Payment Terms. Duration. Measure,0,1
Payment Transaction_ Payment Terms. Type. Code,0,1
Payment Transaction_ Payment Terms. Settlement Discount. Rate,0,1
Payment Transaction_ Payment Terms. From Event. Code,1,1
Payment Transaction_ Payment Terms. Additional Postponement. Code,0,1
Payment Transaction_ Payment Terms. Related. Payment_ Financial Account,1,1
Payment Transaction_ Payment Terms. Agent. Responsible_ Party,0,1
Payment_ Balance Out. Details,,
Payment_ Balance Out. Identification. Identifier,0,1
Payment_ Balance Out. Description. Text,0,unbounded
Payment_ Balance Out. Reason. Code,0,1
Payment_ Balance Out. Reason Description. Text,0,unbounded
Payment_ Balance Out. Occurrence. Date Time,0,1
Payment_ Balance Out. Calculated. Amount,0,unbounded
Payment_ Cash. Details,,
Payment_ Cash. Type. Code,0,1
Payment_ Cash. Currency. Code,0,1
Payment_ Cash. Description. Text,0,unbounded
Payment_ Cash. Applicable. Indicator,0,1
Payment_ Cheque. Details,,
Payment_ Cheque. Type. Code,0,1
Payment_ Cheque. Number. Text,0,1
Payment_ Cheque. Delivery Method. Code,0,1
Payment_ Cheque. Delivery Method. Text,0,unbounded
Payment_ Cheque. Instruction Priority. Code,0,1
Payment_ Cheque. Maturity. Date Time,0,1
Payment_ Cheque. Layout Description. Text,0,1
Payment_ Cheque. Memo Field. Text,0,unbounded
Payment_ Cheque. Clearing Region. Text,0,1
Payment_ Cheque. Print Location. Text,0,1
Payment_ Cheque. Identification. Identifier,0,1
Payment_ Cheque. Description. Text,0,unbounded
Payment_ Cheque. Applicable. Indicator,0,1
Payment_ Cheque. Issuance Ordering. Cheque_ Party,0,1
Payment_ Cheque. Deliver To. Cheque_ Party,0,1
Payment_ Currency Exchange. Details,,
Payment_ Currency Exchange. Source Currency. Code,1,1
Payment_ Currency Exchange. Source Unit Basis. Numeric,0,1
Payment_ Currency Exchange. Target Currency. Code,1,1
Payment_ Currency Exchange. Target Unit Base. Numeric,0,1
Payment_ Currency Exchange. Market. Identifier,0,1
Payment_ Currency Exchange. Conversion. Rate,1,1
Payment_ Currency Exchange. Conversion Rate. Date Time,0,1
Payment_ Currency Exchange. Applicable. Trade_ Contract,0,1
Payment_ Digital Method. Details,,
Payment_ Digital Method. Identification. Identifier,0,1
Payment_ Digital Method. Type. Code,0,1
Payment_ Digital Method. Cardholder_ Name. Text,0,unbounded
Payment_ Digital Method. Expiry. Date Time,0,1
Payment_ Digital Method. Verification. Numeric,0,1
Payment_ Digital Method. Valid From. Date Time,0,1
Payment_ Digital Method. Issuing Company_ Name. Text,0,unbounded
Payment_ Digital Method. Description. Text,0,unbounded
Payment_ Digital Method. Applicable. Indicator,0,1
Payment_ Digital Method. Account Holder_ Name. Text,0,unbounded
Payment_ Document. Details,,
Payment_ Document. Identification. Identifier,0,1
Payment_ Document. Creation. Date Time,0,1
Payment_ Document. Authorization. Text,0,1
Payment_ Document. Batch Booking_ Multiple Type. Indicator,0,1
Payment_ Document. Transaction_ Item. Quantity,0,1
Payment_ Document. Checksum. Numeric,0,1
Payment_ Document. Processing Type. Code,0,1
Payment_ Financial Account. Details,,
Payment_ Financial Account. IBAN_ Identification. Identifier,0,1
Payment_ Financial Account. Type. Code,0,1
Payment_ Financial Account. Account Name. Text,0,unbounded
Payment_ Financial Account. Currency. Code,0,1
Payment_ Financial Account. Identification. Identifier,0,1
Payment_ Financial Account. Servicer. Responsible_ Party,0,1
Payment_ Financial Account. Owner. Responsible_ Party,0,1
Payment_ Financial Account. Servicing. Payment_ Financial Institution,0,1
Payment_ Financial Institution. Details,,
Payment_ Financial Institution. BEI. Identifier,0,1
Payment_ Financial Institution. BIC. Identifier,0,1
Payment_ Financial Institution. GLN. Identifier,0,1
Payment_ Financial Institution. Identification. Identifier,0,1
Payment_ Financial Institution. Name. Text,0,unbounded
Payment_ Financial Institution. Role. Code,0,1
Payment_ Financial Institution. Name. Identifier,0,1
Payment_ Financial Institution. Type. Code,0,1
Payment_ Financial Institution. Branch_ Name. Text,0,unbounded
Payment_ Financial Institution. Branch_ Name. Identifier,0,1
Payment_ Financial Institution. Location. Unstructured_ Address,0,1
Payment_ Financial Institution. Specified. Universal_ Communication,0,unbounded
Payment_ Financial Institution. Specified. Payment_ Financial Account,0,unbounded
Payment_ Instalment Plan. Details,,
Payment_ Instalment Plan. Specified. Instalment_ Payment,1,unbounded
Payment_ Person. Details,,
Payment_ Person. Birth. Date Time,0,1
Payment_ Person. Information. Birth_ Address,0,1
Payment_ Related Settlement. Details,,
Payment_ Related Settlement. Identification. Text,0,1
Payment_ Related Settlement. Delivery Method. Code,0,1
Payment_ Related Settlement. Electronic Address. Text,0,1
Payment_ Related Settlement. Postal. Settlement Location_ Address,0,1
Payment_ Trade Settlement. Details,,
Payment_ Trade Settlement. Unstructured_ Description. Text,0,unbounded
Payment_ Trade Settlement. Due Payable. Amount,0,1
Payment_ Trade Settlement. Discount. Amount,0,1
Payment_ Trade Settlement. Payment. Amount,0,unbounded
Payment_ Trade Settlement. Credit Note. Amount,0,1
Payment_ Trade Settlement. Total Tax. Amount,0,1
Payment_ Trade Settlement. Creditor Reference Type. Code,0,1
Payment_ Trade Settlement. Proprietary_ Creditor Reference Type. Text,0,1
Payment_ Trade Settlement. Creditor Reference Issuer. Identifier,0,1
Payment_ Trade Settlement. Creditor Reference. Identifier,0,1
Payment_ Trade Settlement. Additional_ Description. Text,0,unbounded
Payment_ Trade Settlement. Payment_ Currency. Code,0,1
Payment_ Trade Settlement. Instruction. Text,0,unbounded
Payment_ Trade Settlement. Requested. Amount,0,unbounded
Payment_ Trade Settlement. Accepted. Amount,0,unbounded
Payment_ Trade Settlement. Tax. Amount,0,unbounded
Payment_ Trade Settlement. Refund. Amount,0,unbounded
Payment_ Trade Settlement. Creation. Date Time,0,1
Payment_ Trade Settlement. Due. Date Time,0,1
Payment_ Trade Settlement. Receipt. Date Time,0,1
Payment_ Trade Settlement. Transfer_ Fee Inclusive. Indicator,0,1
Payment_ Trade Settlement. Invoice Payer Assigned_ Reference. Identifier,0,1
Payment_ Trade Settlement. Priority. Code,0,1
Payment_ Trade Settlement. Status. Code,0,1
Payment_ Trade Settlement. Type. Code,0,1
Payment_ Trade Settlement. Penalty. Percent,0,1
Payment_ Trade Settlement. Invoicer. Financial Invoicer_ Party,0,1
Payment_ Trade Settlement. Invoicee. Financial Invoicee_ Party,0,1
Payment_ Trade Settlement. Referenced. Trade Settlement_ Document,0,unbounded
Payment_ Trade Settlement. Payee. Trade_ Party,0,1
Payment_ Trade Settlement. Payer. Trade_ Party,0,1
Payment_ Trade Settlement. Payment_ Applicable. Trade_ Currency Exchange,0,1
Payment_ Trade Settlement. Specified. Trade Settlement Payment_ Monetary Summation,1,1
Payment_ Trade Settlement. Specified. Trade Settlement_ Payment Means,0,1
Payment_ Trade Settlement. Applicable. Trade_ Tax,0,1
Payment_ Trade Settlement. Identified. Financial_ Guarantee,0,1
Payment_ Trade Settlement. Recorded. Specified_ Experience Item,0,unbounded
Personal Protection_ Instructions. Details,,
Personal Protection_ Instructions. Type. Text,0,1
Personal Protection_ Instructions. Description. Text,0,1
Personal_ Language Proficiency. Details,,
Personal_ Language Proficiency. Language. Identifier,0,1
Personal_ Language Proficiency. Language Name. Text,0,unbounded
Personal_ Language Proficiency. Writing Level. Code,0,1
Personal_ Language Proficiency. Speaking Level. Code,0,1
Personal_ Language Proficiency. Reading Level. Code,0,1
Personal_ Language Proficiency. Language. Code,0,1
Person_ Identity. Details,,
Person_ Identity. Passport_ Identification. Identifier,0,1
Person_ Identity. Social Security_ Identification. Identifier,0,1
Person_ Identity. Identity Card_ Identification. Identifier,0,1
Person_ Identity. Drivers Licence_ Identification. Identifier,0,1
Person_ Identity. Alien Registration_ Identification. Identifier,0,1
Person_ Identity. Specified. Proprietary_ Identity,0,unbounded
Person_ Note. Details,,
Person_ Note. Subject. Text,0,1
Person_ Note. Content. Code,0,1
Person_ Note. Content. Text,0,1
Person_ Note. Subject. Code,0,1
Person_ Note. Identification. Identifier,0,1
Person_ Note. Name. Text,0,1
Person_ Note. Creation. Date Time,0,1
Pet_ Animal. Details,,
Pet_ Animal. Category. Code,0,1
Pet_ Animal. Allowed. Indicator,0,1
Pet_ Animal. Restriction. Text,0,unbounded
Pet_ Animal. Description. Text,0,unbounded
PH Range_ Measurement. Details,,
PH Range_ Measurement. Lower Limit_ Comparison Operator. Code,0,1
PH Range_ Measurement. Upper Limit_ Comparison Operator. Code,0,1
PH Range_ Measurement. Lower Limit_ Actual. Measure,0,1
PH Range_ Measurement. Upper Limit_ Actual. Measure,0,1
PH Range_ Measurement. Test_ Method. Text,0,1
PH Range_ Measurement. Description. Text,0,1
Photographic_ Picture. Details,,
Photographic_ Picture. Area Included. Text,0,1
Photographic_ Picture. Copyright Owner Name. Text,0,1
Photographic_ Picture. Description. Text,0,1
Photographic_ Picture. Digital Image. Binary Object,0,1
Photographic_ Picture. Identification. Identifier,0,unbounded
Photographic_ Picture. Subject. Text,0,1
Photographic_ Picture. Taken. Date Time,0,1
Photographic_ Picture. Title Name. Text,0,1
Photographic_ Picture. Type. Text,0,1
Photographic_ Picture. Additional_ Description. Text,0,unbounded
Photographic_ Picture. Rendering_ Information. Text,0,unbounded
Photographic_ Picture. URI. Identifier,0,1
Photographic_ Picture. Reference. Text,0,unbounded
Photographic_ Picture. Resolution_ Type. Code,0,1
Photographic_ Picture. Resolution_ Value. Numeric,0,1
Photographic_ Picture. Intended_ Use. Code,0,1
Photographic_ Picture. Intended_ Use. Text,0,unbounded
Photographic_ Picture. Linear. Spatial_ Dimension,0,unbounded
Photographic_ Picture. Attached. Specified_ Binary File,0,unbounded
Photographic_ Picture. Specified. Note,0,unbounded
Physical_ Characteristic. Details,,
Physical_ Characteristic. Type. Code,0,unbounded
Physical_ Characteristic. Description. Text,0,1
Picture. Details,,
Picture. Area Included. Text,0,1
Picture. Copyright Owner Name. Text,0,1
Picture. Description. Text,0,1
Picture. Digital Image. Binary Object,0,1
Picture. Identification. Identifier,0,unbounded
Picture. Subject. Text,0,1
Picture. Taken. Date Time,0,1
Picture. Title Name. Text,0,1
Picture. Type. Text,0,1
Plot_ Agricultural Process. Details,,
Plot_ Agricultural Process. Type. Code,0,1
Plot_ Agricultural Process. Subordinate_ Type. Code,0,1
Plot_ Agricultural Process. Description. Text,0,1
Plot_ Agricultural Process. Occurrence. Delimited_ Period,0,unbounded
Plot_ Agricultural Process. Performed. Agricultural Process_ Work Item,0,unbounded
Plot_ Agricultural Process. Specified. Agricultural Process_ Reason,0,unbounded
Plot_ Agricultural Process. Internal_ Operator. Crop Data Sheet_ Party,0,1
Plot_ Agricultural Process. External_ Operator. Crop Data Sheet_ Party,0,1
Plot_ Agricultural Process. Used. Specified_ Agricultural Device,0,unbounded
Plot_ Agricultural Process. Occurrence. Agricultural_ Area,0,unbounded
Plot_ Agricultural Process. Used. Agricultural Process_ Crop Input,0,unbounded
Plot_ Agricultural Process. Harvested. Agricultural_ Produce,0,unbounded
Plot_ Agricultural Process. Applicable. Technical_ Characteristic,0,unbounded
Plot_ Agricultural Process. Specified. Agricultural Process_ Target Object,0,unbounded
Plot_ Agricultural Process. Specified. Agricultural Process_ Crop Stage,0,unbounded
Plot_ Agricultural Process. Specified. Agricultural Process_ Condition,0,unbounded
Plot_ Soil Occupation. Details,,
Plot_ Soil Occupation. Type. Code,1,1
Plot_ Soil Occupation. Sequence. Numeric,1,1
Plot_ Soil Occupation. Start. Date Time,0,1
Plot_ Soil Occupation. End. Date Time,0,1
Plot_ Soil Occupation. Sown. Agricultural_ Crop,0,unbounded
Plot_ Soil Occupation. Previous. Soil Occupation_ Crop Residue,0,unbounded
Plot_ Soil Occupation. Occurrence. Agricultural_ Country Sub-Division,0,unbounded
Plot_ Soil Occupation. Specified. Agricultural_ Crop Production Cycle,0,unbounded
Plot_ Soil Occupation. Applicable. Soil Occupation_ Contract,0,unbounded
Plot_ Soil Occupation. Used. Agricultural_ Area,0,unbounded
Plot_ Soil Occupation. Applied. Specified_ Soil Supplement,0,unbounded
Plot_ Soil Occupation. Applicable. Technical_ Characteristic,0,unbounded
Port Movement_ Event. Details,,
Port Movement_ Event. Identification. Identifier,0,unbounded
Port Movement_ Event. Estimated_ Occurrence. Date Time,0,unbounded
Port Movement_ Event. Actual_ Occurrence. Date Time,0,unbounded
Port Movement_ Event. Scheduled_ Occurrence. Date Time,0,unbounded
Port Movement_ Event. Requested_ Occurrence. Date Time,0,unbounded
Port Movement_ Event. Type. Code,0,unbounded
Port Movement_ Event. Description. Text,0,unbounded
Port Movement_ Event. Maritime Anchorage. Indicator,0,1
Port Movement_ Event. Pilot Boarding Place. Text,0,unbounded
Port Movement_ Event. Sequence. Numeric,0,1
Port Movement_ Event. Arrival_ Related. Logistics_ Location,0,unbounded
Portioned_ Monetary Allocation. Details,,
Portioned_ Monetary Allocation. Local Currency. Amount,1,1
Portioned_ Monetary Allocation. Period. Numeric,0,1
Portioned_ Monetary Allocation. Ranking. Numeric,0,1
Portioned_ Monetary Allocation. Related. AAA_ Period,1,1
Portioned_ Monetary Instalment. Details,,
Portioned_ Monetary Instalment. Payment. Amount,1,1
Portioned_ Monetary Instalment. Due Date. Date Time,0,1
Portioned_ Monetary Instalment. Ranking. Numeric,0,1
Post Box_ Address. Details,,
Post Box_ Address. Postcode. Code,0,1
Post Box_ Address. Post Office Box. Text,1,1
Post Box_ Address. City Name. Text,0,1
Post Box_ Address. Country. Identifier,0,1
Post Box_ Address. Country Sub-Division Name. Text,0,1
Post Box_ Address. Country Name. Text,0,1
Post Code_ Address. Details,,
Post Code_ Address. Postcode. Code,0,1
Post Code_ Address. Country. Identifier,0,1
Posted_ Accounting Entry Line. Details,,
Posted_ Accounting Entry Line. Comment. Text,0,1
Posted_ Accounting Entry Line. Category. Code,0,1
Posted_ Accounting Entry Line. Source. Code,0,1
Posted_ Accounting Entry Line. Last Change. Date Time,0,1
Posted_ Accounting Entry Line. Last Change Responsible Person Name. Text,0,1
Posted_ Accounting Entry Line. Actual. Quantity,0,1
Posted_ Accounting Entry Line. Document Reference. Identifier,0,1
Posted_ Accounting Entry Line. Specified. Reference_ Accounting Line Index,0,unbounded
Posted_ Accounting Entry Line. Repeated. Portioned_ Monetary Allocation,0,unbounded
Posted_ Accounting Entry Line. Repeated. Portioned_ Monetary Instalment,0,unbounded
Posted_ Accounting Entry Line. Related. Posted_ Accounting Line Monetary Value,1,unbounded
Posted_ Accounting Entry Line. Related. Fiscal_ Tax,0,unbounded
Posted_ Accounting Entry Line. Connected. Posted_ Accounting Entry,0,1
Posted_ Accounting Entry. Details,,
Posted_ Accounting Entry. Identification. Identifier,0,1
Posted_ Accounting Entry. Processing Status. Code,1,1
Posted_ Accounting Entry. Journal. Identifier,1,1
Posted_ Accounting Entry. Value Date. Date Time,1,1
Posted_ Accounting Entry. Removal. Indicator,0,1
Posted_ Accounting Entry. Unbalanced. Indicator,0,1
Posted_ Accounting Entry. Related Entry. Identifier,0,1
Posted_ Accounting Entry. Category. Code,0,1
Posted_ Accounting Entry. Purpose. Text,0,1
Posted_ Accounting Entry. Capture. Date Time,0,1
Posted_ Accounting Entry. Reversal. Date Time,0,1
Posted_ Accounting Entry. Validation. Date Time,0,1
Posted_ Accounting Entry. Detailed. Posted_ Accounting Entry Line,1,unbounded
Posted_ Accounting Entry. Justification. Evidence_ Document,0,unbounded
Posted_ Accounting Line Monetary Value. Details,,
Posted_ Accounting Line Monetary Value. Local Accounting Currency. Amount,1,1
Posted_ Accounting Line Monetary Value. Voucher Currency. Amount,0,1
Posted_ Accounting Line Monetary Value. Alternate Currency. Amount,0,1
Posted_ Accounting Line Monetary Value. Alternate Currency Amount Type. Code,0,1
Posted_ Accounting Line Monetary Value. Debit Credit. Code,1,1
Posted_ Accounting Line Monetary Value. Matching. Identifier,0,1
Posted_ Accounting Line Monetary Value. Ticking. Identifier,0,1
Posted_ Accounting Line Monetary Value. Application Number. Identifier,0,1
Posted_ Accounting Line Monetary Value. Achieved Work Category. Identifier,0,1
Posted_ Accounting Line Monetary Value. Distribution Key. Identifier,0,1
Posted_ Accounting Line Monetary Value. Perquisite. Code,0,1
Posted_ Accounting Line Monetary Value. Refund Method. Code,0,1
Posted_ Accounting Line Monetary Value. Remuneration Type. Identifier,0,1
Posted_ Accounting Line Monetary Value. Booking. Booked_ Accounting Account,1,unbounded
Prequalification Application_ Document. Details,,
Prequalification Application_ Document. Identification. Identifier,0,1
Prequalification Application_ Document. Name. Text,0,1
Prequalification Application_ Document. Submission. Date Time,0,1
Prequalification Application_ Document. Attachment. Binary Object,0,unbounded
Preventive_ Action. Details,,
Preventive_ Action. Type. Code,0,1
Preventive_ Action. Type. Text,0,unbounded
Preventive_ Action. Description. Text,0,unbounded
Primitive_ Query Parameter. Details,,
Primitive_ Query Parameter. Applicable. Indicator,0,1
Primitive_ Query Parameter. Comparator. Text,0,1
Primitive_ Query Parameter. Document Publication. Date Time,0,1
Primitive_ Query Parameter. Scope. Text,0,1
Primitive_ Query Parameter. Real Number. Numeric,0,1
Primitive_ Query Parameter. Integer Number. Numeric,0,1
Primitive_ Query Parameter. Negation. Indicator,0,1
Primitive_ Query Parameter. Keyword. Text,0,1
Primitive_ Query Parameter. Type. Code,0,1
Processing_ Payment Instruction. Details,,
Processing_ Payment Instruction. Information Type. Code,0,1
Processing_ Payment Instruction. Creditor Agent Information. Text,0,1
Processing_ Payment Instruction. Debtor Agent Information. Text,0,1
Process_ Certificate. Details,,
Process_ Certificate. Identification. Identifier,0,1
Process_ Certificate. Issue. Date Time,0,1
Process_ Certificate. Expiry. Date Time,0,1
Process_ Certificate. Issue Reason. Code,0,1
Process_ Certificate. Type. Code,0,1
Process_ Certificate. Requested Effective. Date Time,0,1
Process_ Certificate. Actual Effective. Date Time,0,1
Process_ Certificate. Description. Text,0,unbounded
Process_ Certificate. Applicable_ Object. Code,0,unbounded
Process_ Certificate. Issuing_ Party. Identifier,0,unbounded
Process_ Certificate. Purpose. Code,0,1
Process_ Certificate. Applicable. Process_ Characteristic,0,unbounded
Process_ Certificate. Applicable. Sustainability_ Characteristic,0,unbounded
Process_ Certificate. Applicable. Sustainability_ Assertion,0,1
Process_ Certificate. Applicable. Referenced_ Standard,0,unbounded
Process_ Certificate. Applicable. Process_ Certification,0,unbounded
Process_ Certificate. Attached. Specified_ Binary File,0,unbounded
Process_ Certification. Details,,
Process_ Certification. Assertion. Code,0,1
Process_ Certification. Assertion. Text,0,unbounded
Process_ Certification. Standard. Text,0,unbounded
Process_ Certification. Responsible Agency. Text,0,unbounded
Process_ Certification. Specified. Sustainability_ Assertion,0,unbounded
Process_ Certification. Related. Referenced_ Location,0,unbounded
Process_ Certification. Applicable. Referenced_ Standard,0,unbounded
Process_ Characteristic. Details,,
Process_ Characteristic. Type. Code,0,1
Process_ Characteristic. Description. Text,0,unbounded
Process_ Characteristic. Value. Measure,0,1
Process_ Characteristic. Minimum_ Value. Measure,0,1
Process_ Characteristic. Maximum_ Value. Measure,0,1
Process_ Characteristic. Identification. Identifier,0,unbounded
Process_ Characteristic. Value. Numeric,0,1
Process_ Characteristic. Condition. Text,0,unbounded
Process_ Characteristic. Value. Text,0,unbounded
Process_ Characteristic. Value. Code,0,1
Process_ Characteristic. Value. Date Time,0,1
Process_ Characteristic. Value. Indicator,0,1
Process_ Characteristic. Value. Amount,0,1
Process_ Characteristic. Value. Specified_ Method,0,unbounded
Process_ Characteristic. Value. Specified_ Parameter,0,unbounded
Process_ Characteristic. Value. Specified_ Range,0,unbounded
Process_ Characteristic. Value. Specified_ Tolerance,0,unbounded
Process_ Characteristic. Applicable. Sustainability_ Characteristic,0,unbounded
Process_ Characteristic. Applicable. Referenced_ Standard,0,unbounded
Process_ Work Item. Details,,
Process_ Work Item. Identification. Identifier,1,1
Process_ Work Item. Type. Code,0,1
Process_ Work Item. Primary_ Classification. Code,0,1
Process_ Work Item. Alternative_ Classification. Code,0,1
Process_ Work Item. Description. Text,0,unbounded
Process_ Work Item. Total. Quantity,0,1
Procurement Requiring_ Organization. Details,,
Procurement Requiring_ Organization. Name. Text,1,1
Procurement Requiring_ Organization. International_ Name. Text,0,1
Procurement Requiring_ Organization. Identification. Identifier,1,1
Procurement Requiring_ Organization. Primary. Tendering_ Contact,0,1
Procurement Requiring_ Organization. Postal. Tendering_ Address,0,1
Procuring_ Organization. Details,,
Procuring_ Organization. Name. Text,1,1
Procuring_ Organization. Identification. Identifier,1,1
Procuring_ Organization. Bureau_ Identification. Identifier,0,1
Procuring_ Organization. Division_ Identification. Identifier,0,1
Procuring_ Organization. International_ Name. Text,0,1
Procuring_ Organization. Primary. Tendering_ Contact,0,1
Procuring_ Organization. Alternate_ Designated. Tendering_ Contact,0,unbounded
Procuring_ Organization. Postal. Tendering_ Address,0,1
Procuring_ Project. Details,,
Procuring_ Project. Identification. Identifier,1,1
Procuring_ Project. Description. Text,0,1
Procuring_ Project. Name. Text,1,1
Procuring_ Project. Works Type. Code,0,unbounded
Procuring_ Project. Sub_ Works Type. Code,0,unbounded
Procuring_ Project. Type. Code,0,1
Procuring_ Project. Constraint. Indicator,0,1
Procuring_ Project. Total_ Budget. Amount,0,1
Procuring_ Project. Net_ Budget. Amount,0,1
Procuring_ Project. Physical. Project Actualization_ Location,0,1
Procuring_ Project. Plan. Tendering_ Period,0,1
Procuring_ Project. Specified. Inspection_ Event,0,1
Procuring_ Project. Plan. Project_ Period,0,unbounded
Produce_ Batch. Details,,
Produce_ Batch. Collector Assigned_ Identification. Identifier,0,1
Produce_ Batch. Farmer Assigned_ Identification. Identifier,1,1
Produce_ Batch. Weight. Measure,0,1
Produce_ Batch. Applicable. Technical_ Characteristic,0,unbounded
Product Batch_ Certificate. Details,,
Product Batch_ Certificate. Identification. Identifier,0,1
Product Batch_ Certificate. Issue. Date Time,0,1
Product Batch_ Certificate. Expiry. Date Time,0,1
Product Batch_ Certificate. Issue Reason. Code,0,1
Product Batch_ Certificate. Type. Code,0,1
Product Batch_ Certificate. Requested Effective. Date Time,0,1
Product Batch_ Certificate. Actual Effective. Date Time,0,1
Product Batch_ Certificate. Description. Text,0,unbounded
Product Batch_ Certificate. Applicable_ Object. Code,0,unbounded
Product Batch_ Certificate. Issuing_ Party. Identifier,0,1
Product Batch_ Certificate. Purpose. Code,0,unbounded
Product Batch_ Certificate. Applicable. Product_ Characteristic,0,unbounded
Product Batch_ Certificate. Applicable. Sustainability_ Characteristic,0,unbounded
Product Batch_ Certificate. Applicable. Trade Product_ Certification,0,1
Product Batch_ Certificate. Applicable. Sustainability_ Assertion,0,unbounded
Product Batch_ Certificate. Applicable. Referenced_ Standard,0,unbounded
Product Batch_ Certificate. Attached. Specified_ Binary File,0,unbounded
Product Batch_ Certification. Details,,
Product Batch_ Certification. Assertion. Code,0,1
Product Batch_ Certification. Assertion. Text,0,unbounded
Product Batch_ Certification. Standard. Text,0,unbounded
Product Batch_ Certification. Responsible Agency. Text,0,unbounded
Product Batch_ Certification. Specified. Sustainability_ Assertion,0,unbounded
Product Batch_ Certification. Related. Referenced_ Location,0,unbounded
Product Batch_ Certification. Applicable. Referenced_ Standard,0,unbounded
Product Batch_ Characteristic. Details,,
Product Batch_ Characteristic. Identification. Identifier,0,unbounded
Product Batch_ Characteristic. Type. Code,0,1
Product Batch_ Characteristic. Description. Text,0,unbounded
Product Batch_ Characteristic. Value. Measure,0,unbounded
Product Batch_ Characteristic. Value. Text,0,unbounded
Product Batch_ Characteristic. Value. Code,0,1
Product Batch_ Characteristic. Value. Date Time,0,1
Product Batch_ Characteristic. Value. Indicator,0,1
Product Batch_ Characteristic. Value. Numeric,0,1
Product Batch_ Characteristic. Value. Amount,0,1
Product Batch_ Characteristic. Target Market_ Description. Text,0,unbounded
Product Batch_ Characteristic. Value. Specified_ Method,0,unbounded
Product Batch_ Characteristic. Value. Specified_ Parameter,0,unbounded
Product Batch_ Characteristic. Value. Specified_ Range,0,unbounded
Product Batch_ Characteristic. Value. Specified_ Tolerance,0,unbounded
Product Batch_ Characteristic. Applicable. Referenced_ Standard,0,unbounded
Product Batch_ Characteristic. Applicable. Trade_ Country,0,unbounded
Product Characteristic_ Condition. Details,,
Product Characteristic_ Condition. Type. Code,0,1
Product Characteristic_ Condition. Name. Text,0,unbounded
Product Characteristic_ Condition. Value. Measure,0,1
Product Component_ Itinerary. Details,,
Product Component_ Itinerary. Day. Numeric,0,1
Product Component_ Itinerary. Product Start. Time,0,1
Product Component_ Itinerary. Product End. Time,0,1
Product Component_ Itinerary. Specified Area. Text,0,1
Product Component_ Itinerary. Included. Lodging House_ Travel Product Sub-Component,0,1
Product Handling_ Process. Details,,
Product Handling_ Process. Type. Code,0,1
Product Handling_ Process. Completion. Delimited_ Period,0,1
Product Handling_ Process. Applicable. Process_ Characteristic,0,unbounded
Product Handling_ Process. Operation. Trade_ Country,0,1
Product Handling_ Process. Operator. Referenced_ Party,0,1
Product Handling_ Process. Operator. Trade_ Party,0,unbounded
Product Handling_ Process. Completion. Specified_ Period,0,1
Product Information_ Contact. Details,,
Product Information_ Contact. Type. Code,1,unbounded
Product Information_ Contact. Telephone. Telecommunication_ Communication,0,unbounded
Product Information_ Contact. Fax. Telecommunication_ Communication,1,1
Product Information_ Contact. URI. Internet_ Communication,1,1
Product Unit_ Identity. Details,,
Product Unit_ Identity. Supplier Assigned_ Identification. Identifier,0,1
Product Unit_ Identity. Manufacturer Assigned_ Identification. Identifier,0,1
Product Unit_ Identity. Manufacturer Assigned Lot_ Identification. Identifier,0,1
Production Waste Recovery Disposal_ Process. Details,,
Production Waste Recovery Disposal_ Process. Type. Code,0,1
Production Waste Recovery Disposal_ Process. Description. Text,0,unbounded
Production Waste Recovery Disposal_ Process. Specified. Process_ Certificate,0,unbounded
Production Waste_ Material Component. Details,,
Production Waste_ Material Component. Type. Code,0,1
Production Waste_ Material Component. Description. Text,0,unbounded
Production Waste_ Material Component. Applicable. Product_ Certificate,0,unbounded
Production Waste_ Material Component. Applicable. Sustainability_ Characteristic,0,unbounded
Production Waste_ Material. Details,,
Production Waste_ Material. Type. Code,0,1
Production Waste_ Material. Weight. Measure,0,unbounded
Production Waste_ Material. Volume. Measure,0,unbounded
Production Waste_ Material. Included. Production Waste_ Material Component,0,unbounded
Production Waste_ Material. Applicable. Product_ Certificate,0,unbounded
Production Waste_ Material. Applicable. Sustainability_ Characteristic,0,unbounded
Production Waste_ Material. Applicable. Production Waste Recovery Disposal_ Process,0,unbounded
Production_ Facility. Details,,
Production_ Facility. Identification. Identifier,0,unbounded
Production_ Facility. Global_ Identification. Identifier,0,unbounded
Production_ Facility. Digital Platform Assigned_ Identification. Identifier,0,1
Production_ Facility. Name. Text,0,1
Production_ Facility. Description. Text,0,unbounded
Production_ Facility. Type. Code,0,1
Production_ Facility. Subordinate_ Type. Code,0,1
Production_ Facility. Roof_ Type. Code,0,1
Production_ Facility. Certification_ Type. Code,0,1
Production_ Facility. Function. Code,0,1
Production_ Facility. Licence. Text,0,unbounded
Production_ Facility. Completion. Date,0,1
Production_ Facility. Renovation. Date,0,1
Production_ Facility. Capacity. Measure,0,unbounded
Production_ Facility. Input_ Capacity. Measure,0,unbounded
Production_ Facility. Output_ Capacity. Measure,0,unbounded
Production_ Facility. Buffer_ Capacity. Measure,0,unbounded
Production_ Facility. Construction. Date,0,1
Production_ Facility. Specified. Production_ Process,0,unbounded
Production_ Facility. Related. Facility_ Production Unit,0,unbounded
Production_ Facility. Physical. Referenced_ Location,0,unbounded
Production_ Facility. Specified. Organizational_ Certification,0,unbounded
Production_ Facility. Specified. Process_ Certification,0,unbounded
Production_ Facility. Specified. Trade Product_ Certification,0,unbounded
Production_ Facility. Specified. Product Batch_ Certification,0,unbounded
Production_ Facility. Specified. Animal_ Certification,0,unbounded
Production_ Facility. Specified. Animal_ Certificate,0,unbounded
Production_ Facility. Specified. Product Batch_ Certificate,0,unbounded
Production_ Facility. Specified. Product_ Certificate,0,unbounded
Production_ Facility. Specified. Process_ Certificate,0,unbounded
Production_ Facility. Specified. Organizational_ Certificate,0,unbounded
Production_ Facility. Applicable. Specified_ Inspection,0,unbounded
Production_ Facility. Applicable. Sustainability_ Inspection,0,unbounded
Production_ Facility. Applicable. Sustainability_ Characteristic,0,unbounded
Production_ Facility. Specified. Supply Chain_ Event,0,unbounded
Production_ Facility. Subordinate. Production_ Facility,0,unbounded
Production_ Facility. Applicable. Specified_ Assessment,0,unbounded
Production_ Facility. Applicable. Specified_ Certificate,0,unbounded
Production_ Machine. Details,,
Production_ Machine. Identification. Identifier,0,unbounded
Production_ Machine. Type. Code,0,1
Production_ Machine. Subordinate_ Type. Code,0,1
Production_ Machine. Function Description. Text,0,unbounded
Production_ Machine. Input_ Capacity. Measure,0,unbounded
Production_ Machine. Output_ Capacity. Measure,0,unbounded
Production_ Machine. Type. Text,0,unbounded
Production_ Machine. Input_ Applicable. Trade_ Product,0,unbounded
Production_ Machine. Input_ Applicable. Product_ Batch,0,unbounded
Production_ Machine. Input_ Applicable. Specified_ Material,0,unbounded
Production_ Machine. Output_ Applicable. Trade_ Product,0,unbounded
Production_ Machine. Output_ Applicable. Product_ Batch,0,unbounded
Production_ Machine. Output_ Applicable. Specified_ Material,0,unbounded
Production_ Machine. Operational_ Applicable. Specified_ Parameter,0,unbounded
Production_ Machine. Requested Operational_ Applicable. Specified_ Parameter,0,unbounded
Production_ Machine. Combined. Production_ Machine,0,unbounded
Production_ Machine. Combined. Specified_ Production Device,0,unbounded
Production_ Machine. Specified. Facility_ Production Unit,0,unbounded
Production_ Machine. Reporting_ IOT Device. Supply Chain_ Event,0,unbounded
Production_ Machine. Specified. Referenced_ Location,0,unbounded
Production_ Process. Details,,
Production_ Process. Identification. Identifier,0,unbounded
Production_ Process. Name. Text,0,1
Production_ Process. Type. Code,0,1
Production_ Process. Subordinate_ Type. Code,0,1
Production_ Process. Occurrence. Date Time,0,1
Production_ Process. Step. Code,0,1
Production_ Process. Critical. Indicator,0,1
Production_ Process. Final. Indicator,0,1
Production_ Process. Operation Technology. Code,0,1
Production_ Process. Status. Code,0,1
Production_ Process. Status. Text,0,unbounded
Production_ Process. Description. Text,0,unbounded
Production_ Process. Recycling. Indicator,0,1
Production_ Process. Operation_ Reference. Code,0,1
Production_ Process. Inventory_ Type. Code,0,1
Production_ Process. Disclosure Level. Code,0,unbounded
Production_ Process. Subordinate. Production_ Process,0,unbounded
Production_ Process. Applicable. Specified_ Parameter,0,unbounded
Production_ Process. Applicable. Specified_ Production Cycle,0,unbounded
Production_ Process. Performed. Process_ Work Item,0,unbounded
Production_ Process. Specification. Referenced_ Document,0,unbounded
Production_ Process. Specified. Production_ Facility,0,unbounded
Production_ Process. Input_ Applicable. Specified_ Material,0,unbounded
Production_ Process. Input_ Applicable. Trade_ Product,0,unbounded
Production_ Process. Input_ Applicable. Product_ Batch,0,unbounded
Production_ Process. Output_ Applicable. Trade_ Product,0,unbounded
Production_ Process. Output_ Applicable. Product_ Batch,0,unbounded
Production_ Process. Output_ Applicable. Specified_ Material,0,unbounded
Production_ Process. Applicable. Specified_ Fault,0,unbounded
Production_ Process. Occurrence. Supply Chain_ Event,0,unbounded
Production_ Process. Applicable. Specified_ Inspection,0,unbounded
Production_ Process. Applicable. Sustainability_ Inspection,0,unbounded
Production_ Process. Applied. Specified_ Chemical Treatment,0,unbounded
Production_ Process. Applied. Specified_ Crop Protection Treatment,0,unbounded
Production_ Process. Applied. Specified_ Product Finishing Treatment,0,unbounded
Production_ Process. Applicable. Sustainability_ Characteristic,0,unbounded
Production_ Process. Specified. Sustainability_ Assertion,0,unbounded
Production_ Process. Specified. Organizational_ Certification,0,unbounded
Production_ Process. Specified. Process_ Certification,0,unbounded
Production_ Process. Specified. Trade Product_ Certification,0,unbounded
Production_ Process. Specified. Product Batch_ Certification,0,unbounded
Production_ Process. Specified. Process_ Certificate,0,unbounded
Production_ Process. Specified. Organizational_ Certificate,0,unbounded
Production_ Process. Production Waste. Disposal_ Instructions,0,unbounded
Production_ Process. Reported. Production Waste_ Material,0,unbounded
Production_ Process. Allocated. Production_ Machine,0,unbounded
Production_ Process. Allocated. Specified_ Production Device,0,unbounded
Production_ Process. Subcontractor. Trade_ Party,0,unbounded
Production_ Process. Manufacturer. Trade_ Party,0,unbounded
Production_ Process. Specified. Referenced_ Document,0,unbounded
Production_ Process. Additional Information. Note,0,unbounded
Production_ Process. Related. Specified_ Binary File,0,unbounded
Production_ Process. Applicable. Specified_ Assessment,0,unbounded
Production_ Process. Applicable. Specified_ Certificate,0,unbounded
Production_ Process. Associated. Referenced_ Standard,0,unbounded
Production_ Process. Applicable. Specified_ Period,0,unbounded
Production_ Process. Applicable. Specified_ Licence,0,unbounded
Production_ Process. Applicable. Specified_ Declaration,0,unbounded
Production_ Software. Details,,
Production_ Software. Identification. Identifier,1,1
Production_ Software. Name. Text,1,1
Production_ Software. Author Name. Text,0,1
Production_ Software. Version. Identifier,1,1
Production_ Software. Revision. Identifier,0,1
Production_ Software. Latest_ Update. Date Time,0,1
Production_ Software. User Type. Code,0,1
Production_ Software. Provided. Conformance_ Certificate,0,unbounded
Product_ Availability. Details,,
Product_ Availability. Status. Code,0,1
Product_ Availability. Sale_ Unit. Quantity,0,1
Product_ Availability. Description. Text,0,1
Product_ Availability. Applicable. Available_ Period,0,unbounded
Product_ Batch. Details,,
Product_ Batch. Identification. Identifier,0,1
Product_ Batch. Creation. Date Time,0,1
Product_ Batch. Product Name. Text,0,1
Product_ Batch. Type. Code,0,1
Product_ Batch. Size. Measure,0,1
Product_ Batch. Weight. Measure,0,1
Product_ Batch. Unit. Quantity,0,1
Product_ Batch. Applied Treatment. Text,0,unbounded
Product_ Batch. Global_ Identification. Identifier,0,unbounded
Product_ Batch. Manufacturer Assigned_ Identification. Identifier,0,unbounded
Product_ Batch. Seller Assigned_ Identification. Identifier,0,unbounded
Product_ Batch. Buyer Assigned_ Identification. Identifier,0,unbounded
Product_ Batch. Name. Text,0,1
Product_ Batch. Description. Text,0,unbounded
Product_ Batch. Description. Code,0,1
Product_ Batch. Status. Code,0,1
Product_ Batch. Net Weight. Measure,0,unbounded
Product_ Batch. Gross Weight. Measure,0,unbounded
Product_ Batch. Net Volume. Measure,0,unbounded
Product_ Batch. Gross Volume. Measure,0,unbounded
Product_ Batch. Mass. Measure,0,unbounded
Product_ Batch. Mass Ratio. Measure,0,unbounded
Product_ Batch. Minimum_ Size. Measure,0,unbounded
Product_ Batch. Maximum_ Size. Measure,0,unbounded
Product_ Batch. Production Mode. Code,0,1
Product_ Batch. DNA Marker_ Identification. Identifier,0,1
Product_ Batch. Specified. Agricultural_ Characteristic,0,unbounded
Product_ Batch. Specified. Agricultural_ Certificate,0,unbounded
Product_ Batch. Specified. Agricultural Input_ Product,0,unbounded
Product_ Batch. Applied. Specified_ Agricultural Application,0,unbounded
Product_ Batch. Applicable. Supply Chain_ Packaging,0,unbounded
Product_ Batch. Specified. Product Batch_ Characteristic,0,unbounded
Product_ Batch. Applicable. Product Batch_ Characteristic,0,unbounded
Product_ Batch. Component. Specified_ Material,0,unbounded
Product_ Batch. Component. Trade_ Product,0,unbounded
Product_ Batch. Component. Product_ Batch,0,unbounded
Product_ Batch. Specified. Production_ Process,0,unbounded
Product_ Batch. Applied. Specified_ Product Finishing Treatment,0,unbounded
Product_ Batch. Applied. Specified_ Chemical Treatment,0,unbounded
Product_ Batch. Applicable. Sustainability_ Inspection,0,unbounded
Product_ Batch. Specified. Sustainability_ Assertion,0,unbounded
Product_ Batch. Applicable. Disposal_ Instructions,0,unbounded
Product_ Batch. Applicable. Product Batch_ Certification,0,unbounded
Product_ Batch. Specified. Product Batch_ Certificate,0,unbounded
Product_ Batch. Applicable. Specified_ Fault,0,unbounded
Product_ Batch. Applicable. Specified_ Period,0,unbounded
Product_ Batch. Applicable. Specified_ Inspection,0,unbounded
Product_ Batch. Specified. Note,0,unbounded
Product_ Batch. Specified. Referenced_ Document,0,unbounded
Product_ Batch. Specified. Supply Chain_ Event,0,unbounded
Product_ Batch. Specified. Referenced_ Location,0,unbounded
Product_ Batch. Specified. Photographic_ Picture,0,unbounded
Product_ Batch. Applicable. Specified_ Certificate,0,unbounded
Product_ Batch. Applicable. Specified_ Assessment,0,unbounded
Product_ Certificate. Details,,
Product_ Certificate. Identification. Identifier,0,1
Product_ Certificate. Issue. Date Time,0,1
Product_ Certificate. Expiry. Date Time,0,1
Product_ Certificate. Issue Reason. Code,0,1
Product_ Certificate. Type. Code,0,unbounded
Product_ Certificate. Requested Effective. Date Time,0,1
Product_ Certificate. Actual Effective. Date Time,0,1
Product_ Certificate. Description. Text,0,unbounded
Product_ Certificate. Applicable_ Object. Code,0,unbounded
Product_ Certificate. Issuing_ Party. Identifier,0,1
Product_ Certificate. Purpose. Code,0,unbounded
Product_ Certificate. Applicable. Product_ Characteristic,0,unbounded
Product_ Certificate. Applicable. Sustainability_ Characteristic,0,unbounded
Product_ Certificate. Applicable. Sustainability_ Assertion,0,unbounded
Product_ Certificate. Applicable. Trade Product_ Certification,0,1
Product_ Certificate. Applicable. Referenced_ Standard,0,unbounded
Product_ Certificate. Attached. Specified_ Binary File,0,unbounded
Product_ Characteristic. Details,,
Product_ Characteristic. Identification. Identifier,0,unbounded
Product_ Characteristic. Type. Code,0,unbounded
Product_ Characteristic. Description. Text,0,unbounded
Product_ Characteristic. Value. Measure,0,unbounded
Product_ Characteristic. Measurement Method. Code,0,unbounded
Product_ Characteristic. Value. Text,0,unbounded
Product_ Characteristic. Value. Code,0,1
Product_ Characteristic. Value. Date Time,0,1
Product_ Characteristic. Value. Indicator,0,1
Product_ Characteristic. Content_ Type. Code,0,unbounded
Product_ Characteristic. Value. Numeric,0,1
Product_ Characteristic. Value. Amount,0,1
Product_ Characteristic. Target Market_ Description. Text,0,unbounded
Product_ Characteristic. Value. Specified_ Binary File,0,1
Product_ Characteristic. Applicable. Product Characteristic_ Condition,0,unbounded
Product_ Characteristic. Applicable. Referenced_ Standard,0,1
Product_ Characteristic. Applicable. Trade_ Country,0,unbounded
Product_ Characteristic. Value. Specified_ Method,0,unbounded
Product_ Characteristic. Value. Specified_ Parameter,0,unbounded
Product_ Characteristic. Value. Specified_ Range,0,unbounded
Product_ Characteristic. Value. Specified_ Tolerance,0,unbounded
Product_ Characteristic. Applicable. Sustainability_ Characteristic,0,unbounded
Product_ Classification. Details,,
Product_ Classification. System. Identifier,0,1
Product_ Classification. System Name. Text,0,unbounded
Product_ Classification. Class. Code,0,1
Product_ Classification. Class Name. Text,0,unbounded
Product_ Classification. Sub_ Class. Code,0,1
Product_ Classification. Description. Text,0,unbounded
Product_ Classification. Type. Code,0,1
Product_ Classification. Class Content Type_ Description. Code,0,1
Product_ Classification. Class Content Type_ Description. Text,0,1
Product_ Classification. Class. Product_ Characteristic,0,unbounded
Product_ Classification. Applicable. Referenced_ Standard,0,1
Product_ Colour. Details,,
Product_ Colour. Identification. Identifier,0,unbounded
Product_ Colour. Type. Code,0,1
Product_ Colour. Name. Text,0,1
Product_ Colour. Description. Text,0,unbounded
Product_ Colour. Test. Indicator,0,1
Product_ Colour. Presence. Percent,0,1
Product_ Colour. Used_ Light Source. Code,0,1
Product_ Colour. Variation_ Measure Coefficient. Numeric,0,1
Product_ Colour. Applicable. Referenced_ Standard,0,unbounded
Product_ Colour. Applicable. Specified_ Material,0,unbounded
Product_ Colour. Applicable. Technical_ Characteristic,0,unbounded
Product_ Colour. Applicable. Specified_ Production Device,0,unbounded
Product_ Colour. Applicable. Production_ Machine,0,unbounded
Product_ Colour. Applicable. Specified_ Method,0,unbounded
Product_ Colour. Specified. Referenced_ Document,0,unbounded
Product_ Colour. Related. Trade_ Party,0,unbounded
Product_ Identity. Details,,
Product_ Identity. Customer Assigned_ Identification. Identifier,0,1
Product_ Identity. Supplier Assigned_ Identification. Identifier,0,1
Product_ Identity. Manufacturer Assigned_ Identification. Identifier,0,1
Product_ Identity. Description. Text,0,1
Product_ Identity. Customs Assigned Tariff_ Identification. Identifier,0,1
Product_ Identity. Manufacturer Assigned Lot_ Identification. Identifier,0,1
Product_ Label. Details,,
Product_ Label. Identification. Identifier,0,unbounded
Product_ Label. Barcode_ Identification. Identifier,0,1
Product_ Label. Category. Code,0,1
Product_ Label. Tag_ Type. Code,0,1
Product_ Label. Name. Text,0,1
Product_ Label. Brand_ Name. Text,0,1
Product_ Label. Layout_ Type. Code,0,1
Product_ Label. Size. Code,0,1
Product_ Label. Series Start. Identifier,0,1
Product_ Label. Series End. Identifier,0,1
Product_ Label. Attachment. Date Time,0,1
Product_ Label. Included. Sustainability_ Assertion,0,unbounded
Product_ Print. Details,,
Product_ Print. Identification. Identifier,0,unbounded
Product_ Print. Type. Code,0,1
Product_ Print. Name. Text,0,1
Product_ Print. Description. Text,0,unbounded
Product_ Print. Test. Indicator,0,1
Product_ Print. Text_ Content. Text,0,unbounded
Product_ Print. Design. Code,0,1
Product_ Print. Design. Text,0,unbounded
Product_ Print. Background_ Colour. Code,0,1
Product_ Print. Section. Code,0,1
Product_ Print. Section. Text,0,unbounded
Product_ Print. Applicable. Specified_ Material,0,unbounded
Product_ Print. Applicable. Technical_ Characteristic,0,unbounded
Product_ Print. Applicable. Specified_ Production Device,0,unbounded
Product_ Print. Specified. Production_ Machine,0,unbounded
Product_ Print. Applicable. Specified_ Method,0,unbounded
Product_ Print. Specified. Referenced_ Document,0,unbounded
Product_ Print. Related. Trade_ Party,0,unbounded
Product_ Security Tag. Details,,
Product_ Security Tag. Type. Code,0,1
Product_ Security Tag. Location. Code,0,1
Progress Monitored_ Contract. Details,,
Progress Monitored_ Contract. Fixed Fee_ Cost. Amount,0,1
Progress Monitored_ Contract. Non Fee Bearing_ Cost. Amount,0,1
Progress Monitored_ Contract. Identification. Identifier,0,1
Progress Monitored_ Contract. Completion. Percent,0,1
Progress Monitored_ Contract. Type. Code,0,unbounded
Progress Monitored_ Contract. Funding_ Type. Code,0,1
Progress Monitored_ Contract. Security_ Type. Code,0,1
Progress Monitored_ Contract. Name. Text,0,1
Progress Monitored_ Contract. Description. Text,0,1
Progress Monitored_ Contract. Issue. Date Time,0,1
Progress Monitored_ Contract. Price. Amount,0,1
Progress Monitored_ Contract. Target_ Price. Amount,0,1
Progress Monitored_ Contract. Estimated Total_ Price. Amount,0,1
Progress Monitored_ Contract. Initial Funding Target_ Price. Amount,0,1
Progress Monitored_ Contract. Adjusted Funding Target_ Price. Amount,0,1
Progress Monitored_ Contract. Ceiling_ Price. Amount,0,1
Progress Monitored_ Contract. Estimated Ceiling_ Price. Amount,0,1
Progress Monitored_ Contract. Extension. Indicator,0,1
Progress Monitored_ Contract. Start. Date,0,1
Progress Monitored_ Contract. Work_ Start. Date,0,1
Progress Monitored_ Contract. Definitization_ Start. Date,0,1
Progress Monitored_ Contract. Target_ Fee. Percent,0,1
Progress Monitored_ Contract. Expected_ End. Date,0,1
Progress Monitored_ Contract. Estimated_ End. Date,0,1
Progress Monitored_ Contract. Planned_ End. Date,0,1
Progress Monitored_ Contract. Last Item Delivery. Date,0,1
Progress Monitored_ Contract. Over Target Baseline. Date,0,1
Progress Monitored_ Contract. Original Negotiated_ Cost. Amount,0,1
Progress Monitored_ Contract. Target Fee_ Cost. Amount,0,1
Progress Monitored_ Contract. Negotiated_ Cost. Amount,0,1
Progress Monitored_ Contract. Authorized Unpriced Work Estimated_ Cost. Amount,0,1
Progress Monitored_ Contract. Cumulative Negotiated Changes_ Cost. Amount,0,1
Progress Monitored_ Contract. Minimum Award Fee_ Cost. Amount,0,1
Progress Monitored_ Contract. Maximum Award Fee_ Cost. Amount,0,1
Progress Monitored_ Contract. Original Award Fee_ Cost. Amount,0,1
Progress Monitored_ Contract. Current Target_ Cost. Amount,0,1
Progress Monitored_ Contract. Total Allocated Budget_ Cost. Amount,0,1
Progress Monitored_ Contract. Initial Funding Ceiling_ Cost. Amount,0,1
Progress Monitored_ Contract. Adjusted Funding Ceiling_ Cost. Amount,0,1
Progress Monitored_ Contract. Fiscal_ Funding Year. Date Time,0,unbounded
Progress Monitored_ Contract. Customer_ Name. Text,0,1
Progress Monitored_ Contract. Plan_ Identification. Identifier,0,1
Progress Monitored_ Contract. Validity. Project_ Period,0,unbounded
Progress Monitored_ Contract. Identified. Contractor_ Party,0,unbounded
Progress Monitored_ Contract. Identified. Appropriating_ Party,0,1
Progress Monitored_ Contract. Reference. Project_ Document,0,unbounded
Progress Monitored_ Contract. Funds Authorization_ Reference. Project_ Document,0,1
Progress Monitored_ Contract. Appropriation_ Effective. Project_ Period,0,1
Progress Monitored_ Contract. Effective. Project_ Period,0,unbounded
Progress Monitored_ Contract. Modification. Awarded_ Contract Change,0,unbounded
Progress Monitored_ Contract. Associated. Project_ Cost,0,unbounded
Progress Monitored_ Contract. Best Case Estimate At Completion_ Associated. Project_ Cost,0,unbounded
Progress Monitored_ Contract. Budget Baseline_ Associated. Project_ Cost,0,unbounded
Progress Monitored_ Contract. Most Likely Estimate At Completion_ Associated. Project_ Cost,0,unbounded
Progress Monitored_ Contract. Worst Case Estimate At Completion_ Associated. Project_ Cost,0,unbounded
Progress Monitored_ Contract. Principal. Specified_ Programme,0,1
Progress Monitored_ Contract. Contained. Progress Monitored_ Project Portfolio,0,unbounded
Progress Monitored_ Contract. Incentive. Contract_ Performance Measurement,0,1
Progress Monitored_ Contract. Contained. Progress Monitored_ Project,0,unbounded
Progress Monitored_ Contract. Specified. Project_ Contract Line Item,0,unbounded
Progress Monitored_ Project Portfolio. Details,,
Progress Monitored_ Project Portfolio. Identification. Identifier,0,1
Progress Monitored_ Project Portfolio. Name. Text,0,1
Progress Monitored_ Project Portfolio. Description. Text,0,1
Progress Monitored_ Project Portfolio. Category. Text,0,1
Progress Monitored_ Project Portfolio. Component. Progress Monitored_ Project,0,unbounded
Progress Monitored_ Project Portfolio. Management Reserve. Project_ Cost,0,unbounded
Progress Monitored_ Project. Details,,
Progress Monitored_ Project. Identification. Identifier,0,1
Progress Monitored_ Project. Contract. Identifier,0,1
Progress Monitored_ Project. Project Portfolio. Identifier,0,unbounded
Progress Monitored_ Project. Description. Text,0,1
Progress Monitored_ Project. Name. Text,0,1
Progress Monitored_ Project. Type. Code,0,1
Progress Monitored_ Project. Authority_ Constraint. Indicator,0,1
Progress Monitored_ Project. Sub-Project_ Identification. Identifier,0,unbounded
Progress Monitored_ Project. Physical. Project_ Location,0,unbounded
Progress Monitored_ Project. Baseline_ Plan. Project_ Period,0,1
Progress Monitored_ Project. Actual_ Plan. Project_ Period,0,1
Progress Monitored_ Project. Estimated_ Plan. Project_ Period,0,1
Progress Monitored_ Project. Reporting_ Plan. Project_ Period,0,1
Progress Monitored_ Project. Baseline. Project Schedule_ Calendar,0,unbounded
Progress Monitored_ Project. Baseline. Project Reporting_ Calendar,0,unbounded
Progress Monitored_ Project. Management Reserve. Project_ Cost,0,unbounded
Progress Monitored_ Project. Undistributed Budget. Project_ Cost,0,unbounded
Progress Monitored_ Project. Overhead. Project_ Cost,0,unbounded
Progress Monitored_ Project. Funds Borrowed. Project_ Cost,0,unbounded
Progress Monitored_ Project. General Administrative_ Overhead. Project_ Cost,0,unbounded
Progress Monitored_ Project. Performance Measurement Baseline_ Total. Project_ Cost,0,unbounded
Progress Monitored_ Project. Allocated Budget_ Total. Project_ Cost,0,unbounded
Project Actualization_ Location. Details,,
Project Actualization_ Location. Identification. Identifier,0,1
Project Actualization_ Location. Name. Text,0,1
Project Actualization_ Location. District. Identifier,0,1
Project Actualization_ Location. Postal. Tendering_ Address,0,1
Project Artefact Profile_ Complex Description. Details,,
Project Artefact Profile_ Complex Description. Content. Text,1,unbounded
Project Artefact Profile_ Complex Description. Subset. Project Artefact Profile_ Complex Description,0,unbounded
Project Artefact Profile_ Complex Description. Registration. Project Artefact_ Identity,1,1
Project Artefact Profile_ Complex Description. Response. Summary_ Document,0,1
Project Artefact Retrieval_ Query. Details,,
Project Artefact Retrieval_ Query. Content. Text,0,1
Project Artefact Retrieval_ Query. Registration. Data Specification_ Identity,1,1
Project Artefact Retrieval_ Query. Subject. Response_ Identity,0,1
Project Artefact Search_ Query. Details,,
Project Artefact Search_ Query. Content. Text,0,1
Project Artefact Search_ Query. Identification. Identifier,0,1
Project Artefact Search_ Query. Simple. Primitive_ Query Parameter,0,1
Project Artefact Search_ Query. Compound. Logical_ Query Parameter,0,1
Project Artefact_ Complex Description. Details,,
Project Artefact_ Complex Description. Content. Text,1,unbounded
Project Artefact_ Complex Description. Registration. Project Artefact_ Identity,1,1
Project Artefact_ Complex Description. Response. Project Artefact_ Document,1,unbounded
Project Artefact_ Document. Details,,
Project Artefact_ Document. Content_ Type. Code,1,1
Project Artefact_ Document. Attached. Specified_ Binary File,0,unbounded
Project Artefact_ Identity. Details,,
Project Artefact_ Identity. Classification_ Identification. Identifier,1,1
Project Artefact_ Identity. Identification. Identifier,1,1
Project Reporting_ Calendar. Details,,
Project Reporting_ Calendar. Identification. Identifier,1,1
Project Reporting_ Calendar. Name. Text,0,1
Project Reporting_ Calendar. Description. Text,0,1
Project Reporting_ Calendar. End. Date,0,1
Project Reporting_ Calendar. Specified. Project_ Period,0,unbounded
Project Schedule_ Calendar. Details,,
Project Schedule_ Calendar. Identification. Identifier,1,1
Project Schedule_ Calendar. Name. Text,0,1
Project Schedule_ Calendar. Description. Text,0,1
Project Schedule_ Calendar. Holiday. Date,0,unbounded
Project Schedule_ Calendar. Associated. Project_ Work Shift,0,unbounded
Project_ Contact. Details,,
Project_ Contact. Identification. Identifier,0,1
Project_ Contact. Job Title. Text,0,1
Project_ Contact. Responsibility. Text,0,1
Project_ Contact. Department Name. Text,0,1
Project_ Contact. Type. Code,0,1
Project_ Contact. Person Name. Text,0,1
Project_ Contact. Telephone. Telecommunication_ Communication,0,unbounded
Project_ Contact. Usage. Specified_ Preference,0,1
Project_ Contact. Postal. Unstructured_ Address,0,unbounded
Project_ Contact. Fax. Telecommunication_ Communication,0,1
Project_ Contact. URI. Internet_ Communication,0,unbounded
Project_ Contract Line Item. Details,,
Project_ Contract Line Item. Identification. Identifier,0,1
Project_ Contract Line Item. Name. Text,0,1
Project_ Contract Line Item. Description. Text,0,1
Project_ Contract Line Item. Total. Quantity,0,1
Project_ Cost. Details,,
Project_ Cost. Identification. Identifier,1,1
Project_ Cost. Name. Text,0,1
Project_ Cost. Description. Text,0,1
Project_ Cost. Cost Management_ Type. Code,0,1
Project_ Cost. Cost Reporting_ Type. Code,0,1
Project_ Cost. Component. Amount,0,1
Project_ Cost. Effective. Date,0,1
Project_ Cost. Hours_ Component. Quantity,0,1
Project_ Cost. Equivalent Heads_ Component. Quantity,0,1
Project_ Cost. Material_ Component. Quantity,0,1
Project_ Cost. Material_ Component Name. Text,0,1
Project_ Cost. Recurring. Indicator,0,1
Project_ Cost. Included. Project_ Resource,0,1
Project_ Cost. Reporting. Project_ Period,0,1
Project_ Document. Details,,
Project_ Document. Identification. Identifier,0,1
Project_ Document. Type. Code,0,1
Project_ Document. Name. Text,0,1
Project_ Document. Purpose. Text,0,1
Project_ Document. Description. Text,0,1
Project_ Document. Issue. Date Time,0,1
Project_ Document. Submission. Date Time,0,1
Project_ Document. Receipt. Date Time,0,1
Project_ Document. Control Requirement. Indicator,0,1
Project_ Document. Creation. Date Time,0,1
Project_ Document. Copy_ Status. Code,0,1
Project_ Document. Copy. Indicator,0,1
Project_ Document. Response. Date Time,0,1
Project_ Document. Effective. Project_ Period,0,1
Project_ Document. Acceptable. Project_ Period,0,1
Project_ Document. Reference. Project_ Document,0,unbounded
Project_ Document. Issuer. Project_ Party,0,1
Project_ Document. Owner. Project_ Party,0,1
Project_ Location. Details,,
Project_ Location. Identification. Identifier,0,1
Project_ Location. Name. Text,0,1
Project_ Location. Type. Code,0,1
Project_ Location. Directions. Text,0,1
Project_ Location. Description. Text,0,1
Project_ Location. District. Identifier,0,1
Project_ Location. Physical. Specified_ Geographical Coordinate,0,unbounded
Project_ Location. Postal. Unstructured_ Address,0,unbounded
Project_ Location. Subordinate. Project_ Location,0,unbounded
Project_ Note. Details,,
Project_ Note. Identification. Identifier,0,1
Project_ Note. Name. Text,0,1
Project_ Note. Content. Text,0,1
Project_ Note. Creation. Date Time,0,1
Project_ Note. Content. Code,0,1
Project_ Organization. Details,,
Project_ Organization. Business Type. Code,0,1
Project_ Organization. Legal Classification. Code,0,1
Project_ Organization. Tax Registration. Identifier,0,1
Project_ Organization. Name. Text,0,1
Project_ Organization. Identification. Identifier,0,1
Project_ Organization. Description. Text,0,1
Project_ Organization. District. Identifier,0,1
Project_ Organization. Designated. Project_ Contact,0,unbounded
Project_ Organization. Subordinate. Project_ Organization,0,unbounded
Project_ Organization. Postal. Unstructured_ Address,0,unbounded
Project_ Organization. Physical. Project_ Location,0,unbounded
Project_ Party. Details,,
Project_ Party. Identification. Identifier,0,1
Project_ Party. Type. Code,0,1
Project_ Party. Name. Text,0,1
Project_ Party. Description. Text,0,1
Project_ Party. Access Rights. Code,0,1
Project_ Party. Classification. Code,0,1
Project_ Party. Role. Code,0,1
Project_ Party. Language. Code,0,unbounded
Project_ Party. Specified. Project_ Organization,0,1
Project_ Party. Specified. Project_ Person,0,1
Project_ Party. Specified. Unstructured_ Address,0,1
Project_ Period. Details,,
Project_ Period. Duration. Measure,0,1
Project_ Period. Inclusive. Indicator,0,1
Project_ Period. Description. Text,0,1
Project_ Period. Start. Date Time,0,1
Project_ Period. End. Date Time,0,1
Project_ Period. Complete. Date Time,0,1
Project_ Period. Sequence. Numeric,0,1
Project_ Period. Name. Text,0,1
Project_ Person. Details,,
Project_ Person. Identification. Identifier,0,1
Project_ Person. Name. Text,0,1
Project_ Person. Given Name. Text,0,1
Project_ Person. Middle Name. Text,0,1
Project_ Person. Family Name. Text,0,1
Project_ Person. Title. Text,0,1
Project_ Person. Salutation. Text,0,1
Project_ Person. Family Name Prefix. Text,0,1
Project_ Person. Name Suffix. Text,0,1
Project_ Person. Gender. Code,0,1
Project_ Person. Language. Identifier,0,unbounded
Project_ Person. Maiden Name. Text,0,1
Project_ Person. Preferred Name. Text,0,1
Project_ Resource Assignment. Details,,
Project_ Resource Assignment. Identification. Identifier,1,1
Project_ Resource Assignment. Name. Text,0,1
Project_ Resource Assignment. Cost Management. Code,0,1
Project_ Resource Assignment. Resource. Amount,0,1
Project_ Resource Assignment. Duration Based. Indicator,0,1
Project_ Resource Assignment. Hour_ Resource. Quantity,0,1
Project_ Resource Assignment. Material_ Resource. Quantity,0,1
Project_ Resource Assignment. Allocated. Project_ Period,0,1
Project_ Resource Assignment. Allocated. Project_ Resource,0,1
Project_ Resource Assignment. Schedule. Project Schedule_ Calendar,0,1
Project_ Resource Assignment. Allocation. Resource_ Distribution Profile,0,unbounded
Project_ Resource. Details,,
Project_ Resource. Identification. Identifier,0,1
Project_ Resource. Name. Text,0,1
Project_ Resource. Description. Text,0,1
Project_ Resource. Plan Measure_ Type. Code,0,1
Project_ Resource. Availability. Quantity,0,1
Project_ Resource. Unit Cost. Amount,0,1
Project_ Resource. Unit Cost Measure. Code,0,1
Project_ Resource. Cost_ Category. Code,0,1
Project_ Resource. Cross Reference_ Identification. Identifier,0,unbounded
Project_ Resource. Availability. Project_ Period,0,unbounded
Project_ Resource. Schedule. Project Schedule_ Calendar,0,unbounded
Project_ Schedule Task Relationship. Details,,
Project_ Schedule Task Relationship. Identification. Identifier,1,1
Project_ Schedule Task Relationship. Name. Text,0,1
Project_ Schedule Task Relationship. Description. Text,0,1
Project_ Schedule Task Relationship. Type. Code,0,1
Project_ Schedule Task Relationship. Lag Time. Measure,0,1
Project_ Schedule Task Relationship. Lag Time. Percent,0,1
Project_ Schedule Task Relationship. Successor_ Specified. Project_ Schedule Task,0,unbounded
Project_ Schedule Task Relationship. Predecessor_ Specified. Project_ Schedule Task,0,unbounded
Project_ Schedule Task Relationship. Lag Time. Project Schedule_ Calendar,0,1
Project_ Schedule Task. Details,,
Project_ Schedule Task. Identification. Identifier,1,1
Project_ Schedule Task. Data Node_ Identification. Identifier,0,unbounded
Project_ Schedule Task. Name. Text,0,1
Project_ Schedule Task. Description. Text,0,1
Project_ Schedule Task. Risk Level_ Description. Text,0,1
Project_ Schedule Task. Calculated_ Completion. Percent,0,1
Project_ Schedule Task. Assessed_ Completion. Percent,0,1
Project_ Schedule Task. Priority Ranking. Numeric,0,1
Project_ Schedule Task. Earned Value_ Method. Code,0,1
Project_ Schedule Task. Schedule Level. Numeric,0,1
Project_ Schedule Task. Free_ Float Duration. Measure,0,1
Project_ Schedule Task. Total_ Float Duration. Measure,0,1
Project_ Schedule Task. Milestone Weight. Numeric,0,1
Project_ Schedule Task. Type. Code,0,1
Project_ Schedule Task. Total_ Duration. Measure,0,1
Project_ Schedule Task. Remaining_ Duration. Measure,0,1
Project_ Schedule Task. Critical Path. Indicator,0,1
Project_ Schedule Task. Reserve. Indicator,0,1
Project_ Schedule Task. Completion. Date Time,0,1
Project_ Schedule Task. Lag Time. Measure,0,1
Project_ Schedule Task. Control Account_ Identification. Identifier,0,1
Project_ Schedule Task. Schedule Level. Text,0,1
Project_ Schedule Task. Original_ Duration. Measure,0,1
Project_ Schedule Task. Baseline_ Duration. Measure,0,1
Project_ Schedule Task. Best Case_ Duration. Measure,0,1
Project_ Schedule Task. Most Likely_ Duration. Measure,0,1
Project_ Schedule Task. Worst Case_ Duration. Measure,0,1
Project_ Schedule Task. Finish Variance_ Duration. Measure,0,1
Project_ Schedule Task. Start Variance_ Duration. Measure,0,1
Project_ Schedule Task. Work Package_ Identification. Identifier,0,1
Project_ Schedule Task. Source_ Identification. Identifier,0,1
Project_ Schedule Task. Project_ Identification. Identifier,0,1
Project_ Schedule Task. Associated Cost_ Identification. Identifier,0,unbounded
Project_ Schedule Task. Planning Level. Code,0,1
Project_ Schedule Task. Schedule. Project Schedule_ Calendar,0,1
Project_ Schedule Task. Current_ Scheduled. Base_ Period,0,2
Project_ Schedule Task. Earliest_ Scheduled. Base_ Period,0,1
Project_ Schedule Task. Latest_ Scheduled. Base_ Period,0,1
Project_ Schedule Task. Actual_ Scheduled. Base_ Period,0,1
Project_ Schedule Task. Target_ Scheduled. Base_ Period,0,1
Project_ Schedule Task. Resource_ Scheduled. Base_ Period,0,2
Project_ Schedule Task. Best Case_ Scheduled. Base_ Period,0,2
Project_ Schedule Task. Most Likely_ Scheduled. Base_ Period,0,2
Project_ Schedule Task. Worst Case_ Scheduled. Base_ Period,0,2
Project_ Schedule Task. Estimated_ Scheduled. Base_ Period,0,1
Project_ Schedule Task. Baseline_ Scheduled. Base_ Period,0,2
Project_ Schedule Task. Reporting. Project_ Period,0,1
Project_ Schedule Task. Required. Project_ Resource Assignment,0,unbounded
Project_ Schedule Task. Limiting. Schedule Task_ Timing Constraint,0,unbounded
Project_ Schedule Task. User Defined. Project_ Note,0,unbounded
Project_ Software Configuration. Details,,
Project_ Software Configuration. Software Name. Text,0,1
Project_ Software Configuration. Schedule_ Option. Text,0,unbounded
Project_ Software Configuration. Resource_ Option. Text,0,unbounded
Project_ Software Configuration. Specified. Project_ Software,0,1
Project_ Software. Details,,
Project_ Software. Name. Text,1,1
Project_ Software. Version. Identifier,1,1
Project_ Software. Author Name. Text,1,1
Project_ Work Shift. Details,,
Project_ Work Shift. Identification. Identifier,1,1
Project_ Work Shift. Start_ Day. Code,0,1
Project_ Work Shift. Work_ Day. Code,1,unbounded
Project_ Work Shift. Name. Text,0,1
Project_ Work Shift. Effective. Project_ Period,1,1
Proprietary Identification Issuer_ Identity. Details,,
Proprietary Identification Issuer_ Identity. Identification. Identifier,0,1
Proprietary_ Identity. Details,,
Proprietary_ Identity. Identification. Identifier,0,unbounded
Proprietary_ Identity. Identification_ Type. Text,0,unbounded
Proxy_ Document. Details,,
Proxy_ Document. Identification. Identifier,0,1
Proxy_ Document. Type. Code,0,1
Proxy_ Document. Message_ Identification. Identifier,0,1
Proxy_ Document. Signed. Date Time,0,1
Proxy_ Document. Acceptance. Date Time,0,1
Proxy_ Document. Signature Location. Text,0,1
Proxy_ Document. Cancellation. Date Time,0,1
Proxy_ Document. Issuer. Proxy_ Party,1,1
Proxy_ Document. Recipient. Proxy_ Party,1,unbounded
Proxy_ Document. Business Owner_ Named. Proxy_ Party,0,unbounded
Proxy_ Document. Effective. Delimited_ Period,0,1
Proxy_ Party. Details,,
Proxy_ Party. Identification. Identifier,0,1
Proxy_ Party. Classification. Code,0,1
Proxy_ Party. Name. Text,0,1
Proxy_ Party. Type. Code,0,1
Proxy_ Party. Description. Text,0,1
Proxy_ Party. Role. Code,0,1
Proxy_ Party. Postal. Unstructured_ Address,0,1
Proxy_ Party. Defined. Party_ Contact,0,unbounded
Proxy_ Party. Owned. Client_ Financial Account,0,1
Proxy_ Party. Specified. Client_ Business Account,0,1
PSCPM_ Acknowledgement_ Document. Details,,
PSCPM_ Acknowledgement_ Document. Multiple References. Indicator,0,1
PSCPM_ Acknowledgement_ Document. Identification. Identifier,0,1
PSCPM_ Acknowledgement_ Document. Type. Code,0,unbounded
PSCPM_ Acknowledgement_ Document. Name. Text,0,1
PSCPM_ Acknowledgement_ Document. Issue. Date Time,0,1
PSCPM_ Acknowledgement_ Document. Report_ Submission. Date Time,0,1
PSCPM_ Acknowledgement_ Document. Report_ Receipt. Date Time,0,1
PSCPM_ Acknowledgement_ Document. Control Requirement. Indicator,0,1
PSCPM_ Acknowledgement_ Document. Creation. Date Time,0,1
PSCPM_ Acknowledgement_ Document. Status. Code,0,unbounded
PSCPM_ Acknowledgement_ Document. Acknowledgement_ Status. Code,0,unbounded
PSCPM_ Acknowledgement_ Document. Item Identification. Identifier,0,1
PSCPM_ Acknowledgement_ Document. Reason_ Information. Text,0,unbounded
Qualification Application_ Document. Details,,
Qualification Application_ Document. Identification. Identifier,0,1
Qualification Application_ Document. Name. Text,0,1
Qualification Application_ Document. Submission. Date Time,0,1
Qualification Application_ Document. Attachment. Binary Object,0,unbounded
Qualification Result Notice_ Document. Details,,
Qualification Result Notice_ Document. Identification. Identifier,0,1
Qualification Result Notice_ Document. Name. Text,0,1
Qualified_ Staff. Details,,
Qualified_ Staff. Total. Quantity,1,1
Qualified_ Staff. Grade. Code,0,1
Qualified_ Staff. Licence Level One_ Classification. Code,0,1
Qualified_ Staff. Licence Level Two_ Classification. Code,0,1
Qualified_ Staff. Licence Level Three_ Classification. Code,0,1
Quarantine_ Instructions. Details,,
Quarantine_ Instructions. Description. Text,0,1
Quarantine_ Instructions. Description. Code,0,1
Query_ Identity. Details,,
Query_ Identity. Identification. Identifier,1,1
Query_ Response. Details,,
Query_ Response. Identification. Identifier,0,unbounded
Query_ Response. Content. Text,0,unbounded
Query_ Response. Type. Code,0,unbounded
Query_ Response. Actual. Date Time,0,1
Query_ Response. Status. Code,0,1
Query_ Response. Responding Person Name. Text,0,1
Query_ Response. Respondent. CI_ Trade_ Party,0,1
Questionnaire_ Section. Details,,
Questionnaire_ Section. Identification. Identifier,0,unbounded
Questionnaire_ Section. Description. Text,0,unbounded
Questionnaire_ Section. Specified. Subject_ Classification,0,unbounded
Questionnaire_ Section. Briefing_ Referenced. CI_ Referenced_ Document,0,1
Radioactive_ Material. Details,,
Radioactive_ Material. Radionuclide_ Name. Text,0,1
Radioactive_ Material. Type. Code,0,1
Radioactive_ Material. Composition Description. Text,0,1
Radioactive_ Material. Special Form_ Information. Text,0,1
Radioactive_ Material. Low Dispersible_ Information. Text,0,1
Radioactive_ Material. Transport_ Index. Numeric,0,1
Radioactive_ Material. Criticality Safety_ Index. Numeric,0,1
Radioactive_ Material. Fissile_ Exception. Indicator,0,1
Radioactive_ Material. Radioactive Package Transport Index. Code,0,unbounded
Radioactive_ Material. Fissile Criticality Safety_ Index. Numeric,0,1
Radioactive_ Material. Applicable. Specified_ Radioactive Isotope,0,unbounded
Radioactive_ Radionuclide. Details,,
Radioactive_ Radionuclide. Identification. Identifier,0,unbounded
Radioactive_ Radionuclide. Name. Text,0,unbounded
Radioactive_ Radionuclide. Special Form. Indicator,0,1
Radioactive_ Radionuclide. Low Dispersible Status. Indicator,0,1
RASFF Distribution_ Party. Details,,
RASFF Distribution_ Party. Identification. Identifier,0,1
RASFF Distribution_ Party. Type. Code,0,1
RASFF Distribution_ Party. Name. Text,0,1
RASFF Distribution_ Party. Description. Text,0,unbounded
RASFF Distribution_ Party. Approval_ Identification. Identifier,0,1
RASFF Distribution_ Party. Specified. Structured_ Address,0,1
RASFF Distribution_ Party. Specified. RASFF_ Business Profile,1,1
RASFF Exchanged_ Document. Details,,
RASFF Exchanged_ Document. Identification. Identifier,0,1
RASFF Exchanged_ Document. Type. Code,0,1
RASFF Exchanged_ Document. Status. Code,0,1
RASFF Exchanged_ Document. Issue. Date Time,1,1
RASFF Exchanged_ Document. Sender. RASFF_ Party,1,1
RASFF Specific_ Product. Details,,
RASFF Specific_ Product. Identification. Identifier,1,1
RASFF Specific_ Product. Barcode_ Identification. Identifier,0,1
RASFF Specific_ Product. Label_ Identification. Identifier,0,1
RASFF Specific_ Product. Category_ Type. Code,1,1
RASFF Specific_ Product. Trade_ Name. Text,0,1
RASFF Specific_ Product. Label_ Name. Text,0,1
RASFF Specific_ Product. Description. Text,0,unbounded
RASFF Specific_ Product. Temperature. Code,0,1
RASFF Specific_ Product. Distribution_ Status. Code,1,1
RASFF Specific_ Product. Property. Code,1,1
RASFF Specific_ Product. Specified. RASFF_ Consignment,0,unbounded
RASFF Specific_ Product. Applied. RASFF_ Regulatory Control,0,1
RASFF Specific_ Product. Specified. RASFF_ Sampled Object,0,1
RASFF Specific_ Product. Applied. RASFF_ Process,0,unbounded
RASFF Specific_ Product. Volume_ Applicable. RASFF_ Characteristic,0,1
RASFF Specific_ Product. Weight_ Applicable. RASFF_ Characteristic,0,1
RASFF Specific_ Product. Related. RASFF Specific_ Product,0,unbounded
RASFF Specific_ Product. Variant. RASFF Specific_ Product,0,unbounded
RASFF_ Analysis. Details,,
RASFF_ Analysis. Analytical_ Method. Text,0,unbounded
RASFF_ Analysis. Applied Treatment. Text,0,unbounded
RASFF_ Analysis. Sample. Quantity,0,1
RASFF_ Analysis. Corroborative Result. Code,0,1
RASFF_ Analysis. Execution. RASFF_ Party,0,1
RASFF_ Analysis. Detected. RASFF_ Health Hazard,0,unbounded
RASFF_ Analysis. Specified. RASFF_ Observation Result,0,1
RASFF_ Business Profile. Details,,
RASFF_ Business Profile. Classification. Code,0,1
RASFF_ Business Profile. Consignment Distribution. RASFF_ Country,0,unbounded
RASFF_ Business Profile. Referenced. RASFF_ Document,0,unbounded
RASFF_ Certificate. Details,,
RASFF_ Certificate. Identification. Identifier,0,1
RASFF_ Certificate. Issue. Date Time,0,1
RASFF_ Certificate. Description. Text,0,unbounded
RASFF_ Characteristic. Details,,
RASFF_ Characteristic. Value. Measure,0,1
RASFF_ Characteristic. Description. Text,0,unbounded
RASFF_ Consignment Item. Details,,
RASFF_ Consignment Item. Identification. Identifier,0,1
RASFF_ Consignment Item. Sequence. Numeric,0,1
RASFF_ Consignment Item. Product Date Type. Code,0,1
RASFF_ Consignment Item. Product. Date Time,0,1
RASFF_ Consignment Item. Associated. RASFF_ Document,0,1
RASFF_ Consignment Item. Provided. RASFF_ Certificate,0,1
RASFF_ Consignment. Details,,
RASFF_ Consignment. Lot_ Identification. Identifier,0,1
RASFF_ Consignment. Common Entry Document_ Identification. Identifier,0,1
RASFF_ Consignment. Gross Weight. Measure,0,1
RASFF_ Consignment. Net Weight. Measure,0,1
RASFF_ Consignment. Gross Volume. Measure,0,1
RASFF_ Consignment. Net Volume. Measure,0,1
RASFF_ Consignment. Consignment Item. Quantity,0,1
RASFF_ Consignment. Included. RASFF_ Consignment Item,0,1
RASFF_ Consignment. Origin. RASFF_ Country,0,1
RASFF_ Consignment. Related. RASFF Distribution_ Party,0,1
RASFF_ Country Sub-Division. Details,,
RASFF_ Country Sub-Division. Identification. Identifier,0,1
RASFF_ Country Sub-Division. Name. Text,0,unbounded
RASFF_ Country. Details,,
RASFF_ Country. Identification. Identifier,0,1
RASFF_ Country. Name. Text,0,unbounded
RASFF_ Country. Subordinate. RASFF_ Country Sub-Division,0,1
RASFF_ Damage. Details,,
RASFF_ Damage. Severity. Indicator,0,1
RASFF_ Damage. Affected Subject. Code,0,1
RASFF_ Damage. Severity Justification. Text,0,unbounded
RASFF_ Damage. Affected Case. Numeric,0,1
RASFF_ Damage. Symptom. Text,0,unbounded
RASFF_ Damage. Observed. RASFF_ Health Hazard,0,1
RASFF_ Document. Details,,
RASFF_ Document. Name. Text,0,1
RASFF_ Document. Type. Code,0,1
RASFF_ Document. Description. Text,0,unbounded
RASFF_ Document. URI_ Identification. Identifier,0,1
RASFF_ Document. Content_ Type. Code,0,1
RASFF_ Health Hazard. Details,,
RASFF_ Health Hazard. Category. Code,1,1
RASFF_ Health Hazard. Name. Text,1,unbounded
RASFF_ Health Hazard. Subordinate Name. Text,0,unbounded
RASFF_ Health Hazard. Qualification. Text,0,unbounded
RASFF_ Health Hazard. Inverse Order Subordinate Name. Indicator,0,1
RASFF_ Health Hazard. Inverse Order Qualification. Indicator,0,1
RASFF_ Health Hazard. Identification. Identifier,0,1
RASFF_ Health Hazard. Primary. Referenced_ Regulation,1,1
RASFF_ Health Hazard. Additional. Referenced_ Regulation,0,unbounded
RASFF_ Health Hazard. Specified. Sample_ Observation Result Characteristic,0,1
RASFF_ Note. Details,,
RASFF_ Note. Content. Text,0,unbounded
RASFF_ Note. Identification. Identifier,0,unbounded
RASFF_ Note. Name. Text,0,unbounded
RASFF_ Note. Type. Code,0,1
RASFF_ Note. Contact Person_ Identification. Identifier,0,1
RASFF_ Note. Contact Person_ Name. Text,0,1
RASFF_ Note. Author Organization_ Identification. Identifier,0,1
RASFF_ Note. Author Organization_ Name. Text,0,1
RASFF_ Note. Concerned. RASFF_ Country,0,1
RASFF_ Notification. Details,,
RASFF_ Notification. Identification. Identifier,0,1
RASFF_ Notification. Communication. Indicator,0,1
RASFF_ Notification. Communication Reason. Text,0,unbounded
RASFF_ Notification. Status. Code,0,1
RASFF_ Notification. Type. Code,1,1
RASFF_ Notification. Classification. Code,0,1
RASFF_ Notification. Basis. Code,1,1
RASFF_ Notification. Creation. Date Time,1,1
RASFF_ Notification. Origin. RASFF_ Country,1,1
RASFF_ Notification. Origin. Referenced_ Location,0,1
RASFF_ Notification. Concerned. RASFF_ Damage,0,1
RASFF_ Notification. Concerned. RASFF_ Product,1,1
RASFF_ Notification. Included. RASFF_ Note,0,unbounded
RASFF_ Notification. Reference. RASFF_ Document,0,unbounded
RASFF_ Observation Result. Details,,
RASFF_ Observation Result. Specified. Sample_ Observation Result Characteristic,0,unbounded
RASFF_ Observation Result. Authorization. RASFF_ Party,0,1
RASFF_ Observation Result. Attached. RASFF_ Note,0,1
RASFF_ Party. Details,,
RASFF_ Party. Identification. Identifier,0,1
RASFF_ Party. Type. Code,0,1
RASFF_ Party. Name. Text,0,1
RASFF_ Party. Description. Text,0,unbounded
RASFF_ Party. Approval_ Identification. Identifier,0,1
RASFF_ Party. Specified. Structured_ Address,0,1
RASFF_ Party. Referenced. RASFF_ Document,0,1
RASFF_ Process. Details,,
RASFF_ Process. Identification. Identifier,0,1
RASFF_ Process. Description. Text,0,unbounded
RASFF_ Process. Type. Code,0,1
RASFF_ Process. Entry Into Force_ Start. Date Time,0,1
RASFF_ Process. Category. Code,0,1
RASFF_ Process. Resource Identification. Text,0,1
RASFF_ Process. URI_ Identification. Identifier,0,1
RASFF_ Process. Resource Type. Code,0,1
RASFF_ Process. Completion. Available_ Period,0,1
RASFF_ Process. Operation. RASFF_ Country,0,1
RASFF_ Process. Additional Information. RASFF_ Note,0,unbounded
RASFF_ Product. Details,,
RASFF_ Product. Identification. Identifier,1,1
RASFF_ Product. Barcode_ Identification. Identifier,0,1
RASFF_ Product. Label_ Identification. Identifier,0,1
RASFF_ Product. Category_ Type. Code,1,1
RASFF_ Product. Trade_ Name. Text,0,1
RASFF_ Product. Label_ Name. Text,0,1
RASFF_ Product. Description. Text,0,unbounded
RASFF_ Product. Temperature. Code,0,1
RASFF_ Product. Distribution_ Status. Code,1,1
RASFF_ Product. Variant. RASFF_ Product,0,unbounded
RASFF_ Product. Specified. RASFF_ Consignment,0,unbounded
RASFF_ Product. Applied. RASFF_ Regulatory Control,0,1
RASFF_ Product. Specified. RASFF_ Sampled Object,0,1
RASFF_ Product. Applied. RASFF_ Process,0,unbounded
RASFF_ Product. Volume_ Applicable. RASFF_ Characteristic,0,1
RASFF_ Product. Weight_ Applicable. RASFF_ Characteristic,0,1
RASFF_ Product. Related. RASFF Specific_ Product,0,unbounded
RASFF_ Regulatory Control. Details,,
RASFF_ Regulatory Control. Type. Code,1,1
RASFF_ Regulatory Control. Reason. Code,0,1
RASFF_ Regulatory Control. Despatch. RASFF_ Country,1,1
RASFF_ Regulatory Control. Destination. RASFF_ Country,1,1
RASFF_ Regulatory Control. Identified. RASFF_ Transport Movement,1,1
RASFF_ Regulatory Control. Inspection Post. RASFF_ Party,1,1
RASFF_ Sampled Object. Details,,
RASFF_ Sampled Object. Sampling Location_ Type. Code,0,1
RASFF_ Sampled Object. Sample_ Production. Date Time,0,1
RASFF_ Sampled Object. Specified. RASFF_ Note,0,1
RASFF_ Sampled Object. Conducted. RASFF_ Analysis,0,unbounded
RASFF_ Transport Means. Details,,
RASFF_ Transport Means. Type. Code,0,1
RASFF_ Transport Means. Type. Text,0,unbounded
RASFF_ Transport Means. Identification. Identifier,0,unbounded
RASFF_ Transport Means. Name. Text,0,1
RASFF_ Transport Movement. Details,,
RASFF_ Transport Movement. Carrier. RASFF_ Party,0,1
RASFF_ Transport Movement. Used. RASFF_ Transport Means,0,1
Receipt_ Document. Details,,
Receipt_ Document. Identification. Identifier,0,1
Receipt_ Document. Name. Text,0,1
Receipt_ Document. Receipt. Date Time,0,1
Receivable_ Accounting Account. Details,,
Receivable_ Accounting Account. Identification. Identifier,1,1
Receivable_ Accounting Account. Set Trigger. Code,0,1
Receivable_ Accounting Account. Type. Code,0,1
Receivable_ Accounting Account. Amount Type. Code,0,1
Received Waste_ Material. Details,,
Received Waste_ Material. Receipt. Date Time,0,1
Received Waste_ Material. Rejection. Indicator,0,1
Received Waste_ Material. Rejection Reason. Text,0,1
Received Waste_ Material. Mass. Mass_ Measurement,0,1
Received Waste_ Material. Volume. Volume_ Measurement,0,1
Recorded_ Registry Product. Details,,
Recorded_ Registry Product. Product. Identifier,1,1
Recorded_ Registry Product. Product Classification. Code,1,unbounded
Recorded_ Registry Product. Data Source. Identifier,1,1
Recorded_ Registry Product. Target Market_ Country. Identifier,1,1
Recorded_ Registry Product. Target Market_ Country Sub-Division. Identifier,0,1
Recorded_ Status. Details,,
Recorded_ Status. Condition. Code,1,1
Recorded_ Status. Changer Name. Text,0,1
Recorded_ Status. Changed. Date Time,1,1
Recovery Waste_ Material. Details,,
Recovery Waste_ Material. Mass Ratio. Measure,0,1
Recovery Waste_ Material. Volume Ratio. Measure,0,1
Recovery Waste_ Material. Estimated_ Value. Amount,0,1
Recovery Waste_ Material. Treatment Cost. Amount,0,1
Recreation_ Facility. Details,,
Recreation_ Facility. Identification. Identifier,1,1
Recreation_ Facility. Description. Text,0,1
Recreation_ Facility. Architectural_ Style. Text,0,1
Recreation_ Facility. Name. Text,0,1
Recreation_ Facility. Construction. Date,0,1
Recreation_ Facility. Latest_ Renovation. Date,0,1
Recreation_ Facility. Type. Text,0,1
Recreation_ Facility. Category. Text,0,1
Recreation_ Facility. Physical. Lodging House_ Location,0,1
Recreation_ Facility. Specified. Lodging House_ Usage Condition,0,unbounded
Recreation_ Facility. Operating. Specified_ Period,0,unbounded
Recreation_ Facility. Actual. Lodging House_ Picture,0,unbounded
Recreation_ Facility. Distinctive. Lodging House_ Feature,0,unbounded
Recreation_ Facility. Offered. Supplemental_ Service,0,unbounded
Referenced Transport_ Service. Details,,
Referenced Transport_ Service. Identification. Identifier,0,unbounded
Referenced Transport_ Service. Contract_ Identification. Identifier,0,1
Referenced Transport_ Service. Category_ Type. Code,0,unbounded
Referenced Transport_ Service. Item. Quantity,0,unbounded
Referenced Transport_ Service. Information. Text,0,unbounded
Referenced Transport_ Service. Preplanned. Indicator,0,1
Referenced Transport_ Service. Name. Text,0,unbounded
Referenced Transport_ Service. Requester. Trade_ Party,0,unbounded
Referenced Transport_ Service. Responsible. Trade_ Party,0,unbounded
Referenced Transport_ Service. Delivery_ Specified. Logistics_ Location,0,unbounded
Referenced Transport_ Service. Related_ Specified. Logistics_ Location,0,unbounded
Referenced Transport_ Service. Estimated_ Performance. Specified_ Period,0,unbounded
Referenced Transport_ Service. Requested_ Performance. Specified_ Period,0,unbounded
Referenced Transport_ Service. Planned_ Performance. Specified_ Period,0,unbounded
Referenced Transport_ Service. Actual_ Performance. Specified_ Period,0,unbounded
Referenced Waste_ Transport Movement. Details,,
Referenced Waste_ Transport Movement. Sequence. Numeric,0,1
Referenced Waste_ Transport Movement. Notification. Identifier,0,1
Referenced_ Contact. Details,,
Referenced_ Contact. Person Name. Text,0,1
Referenced_ Country. Details,,
Referenced_ Country. Name. Text,0,unbounded
Referenced_ Country. Identification. Identifier,0,unbounded
Referenced_ Document. Details,,
Referenced_ Document. Issuer Assigned_ Identification. Identifier,0,1
Referenced_ Document. URI_ Identification. Identifier,0,1
Referenced_ Document. Issue. Date Time,0,1
Referenced_ Document. Status. Code,0,1
Referenced_ Document. Copy. Indicator,0,1
Referenced_ Document. Line. Identifier,0,1
Referenced_ Document. Line Status. Code,0,1
Referenced_ Document. Type. Code,0,1
Referenced_ Document. Relationship Type. Code,0,1
Referenced_ Document. Identification. Identifier,0,unbounded
Referenced_ Document. Global_ Identification. Identifier,0,unbounded
Referenced_ Document. Revision_ Identification. Identifier,0,unbounded
Referenced_ Document. Name. Text,0,unbounded
Referenced_ Document. Receipt. Date Time,0,1
Referenced_ Document. Attachment. Binary Object,0,unbounded
Referenced_ Document. Creation. Date Time,0,1
Referenced_ Document. Item Identification. Identifier,0,1
Referenced_ Document. Remarks. Text,0,unbounded
Referenced_ Document. Revision. Text,0,unbounded
Referenced_ Document. Acceptance. Date Time,0,1
Referenced_ Document. Original Required. Quantity,0,1
Referenced_ Document. Copy Required. Quantity,0,1
Referenced_ Document. Original Issued. Quantity,0,1
Referenced_ Document. Copy Issued. Quantity,0,1
Referenced_ Document. Purpose. Code,0,1
Referenced_ Document. Amendment_ Purpose. Code,0,1
Referenced_ Document. Information. Text,0,unbounded
Referenced_ Document. Authenticated Original. Indicator,0,1
Referenced_ Document. Electronic Presentation. Indicator,0,1
Referenced_ Document. Revision. Date Time,0,unbounded
Referenced_ Document. Line_ Item. Quantity,0,1
Referenced_ Document. Category. Code,0,1
Referenced_ Document. Subordinate_ Line. Identifier,0,unbounded
Referenced_ Document. Reference_ Type. Code,0,1
Referenced_ Document. Section Name. Text,0,unbounded
Referenced_ Document. Language. Identifier,0,unbounded
Referenced_ Document. Channel. Code,0,1
Referenced_ Document. Previous Revision_ Identification. Identifier,0,unbounded
Referenced_ Document. Line Count. Numeric,0,1
Referenced_ Document. Control Requirement. Indicator,0,1
Referenced_ Document. Description. Text,0,unbounded
Referenced_ Document. Report Count. Numeric,0,1
Referenced_ Document. Formatted_ Issue. Date Time,0,1
Referenced_ Document. Page. Identifier,0,1
Referenced_ Document. Subordinate Line. Identifier,0,1
Referenced_ Document. Reference. Date Time,0,1
Referenced_ Document. Proprietary_ Type. Text,0,unbounded
Referenced_ Document. Included. Amount,0,unbounded
Referenced_ Document. Version_ Identification. Identifier,0,1
Referenced_ Document. Total_ Issue Count. Numeric,0,1
Referenced_ Document. Status. Text,0,unbounded
Referenced_ Document. Process_ Condition. Code,0,1
Referenced_ Document. Process_ Condition. Text,0,unbounded
Referenced_ Document. Subtype. Code,0,unbounded
Referenced_ Document. Type. Text,0,unbounded
Referenced_ Document. Effective. Specified_ Period,0,1
Referenced_ Document. Acceptable. Specified_ Period,0,1
Referenced_ Document. Issuer. Trade_ Party,0,1
Referenced_ Document. Recipient. Trade_ Party,0,unbounded
Referenced_ Document. Issue. Logistics_ Location,0,1
Referenced_ Document. Lodgement. Logistics_ Location,0,1
Referenced_ Document. Contractual. Document_ Clause,0,unbounded
Referenced_ Document. Signatory. Document_ Authentication,0,unbounded
Referenced_ Document. Attached. Specified_ Binary File,0,unbounded
Referenced_ Document. Sender. Trade_ Party,0,1
Referenced_ Document. Included. Note,0,unbounded
Referenced_ Document. Specified. Document_ Status,0,unbounded
Referenced_ Document. Issuer_ Specified. Document Handling_ Instructions,0,unbounded
Referenced_ Document. Validity. Specified_ Period,0,unbounded
Referenced_ Location. Details,,
Referenced_ Location. Identification. Identifier,0,unbounded
Referenced_ Location. Name. Text,0,unbounded
Referenced_ Location. Type. Code,0,1
Referenced_ Location. Description. Text,0,unbounded
Referenced_ Location. Reference_ Type. Code,0,1
Referenced_ Location. Global_ Identification. Identifier,0,unbounded
Referenced_ Location. UTC Offset. Numeric,0,1
Referenced_ Location. Country Name. Text,0,1
Referenced_ Location. Country. Identifier,0,1
Referenced_ Location. Country Sub-Division. Identifier,0,1
Referenced_ Location. Physical. Specified_ Geographical Coordinate,0,1
Referenced_ Location. Physical. Structured_ Address,0,1
Referenced_ Location. Specified. Laboratory Observation_ Reference,0,unbounded
Referenced_ Location. Included. Specified_ Polygon,0,1
Referenced_ Location. Defined. CS Engineering_ Coordinate Reference System,0,1
Referenced_ Location. Physical. Specified_ Geographical Feature,0,1
Referenced_ Location. Applied. Specified_ Agricultural Application,0,unbounded
Referenced_ Location. Physical. Specified_ Geographical Point,0,1
Referenced_ Location. Postal. Trade_ Address,0,1
Referenced_ Location. Associated. Specified_ Geographical Feature,0,unbounded
Referenced_ Location. Specified. Supply Chain_ Inventory,0,unbounded
Referenced_ Location. Specified. Production_ Facility,0,unbounded
Referenced_ Location. Related. Facility_ Production Unit,0,unbounded
Referenced_ Location. Specified. Trade_ Party,0,unbounded
Referenced_ Location. Specified. Supply Chain_ Event,0,unbounded
Referenced_ Location. Applicable. Specified_ Inspection,0,unbounded
Referenced_ Location. Applicable. Sustainability_ Inspection,0,unbounded
Referenced_ Location. Applicable. Sustainability_ Characteristic,0,unbounded
Referenced_ Location. Specified. Sustainability_ Assertion,0,unbounded
Referenced_ Logistics_ Package. Details,,
Referenced_ Logistics_ Package. Item. Quantity,0,1
Referenced_ Logistics_ Package. Level. Code,0,1
Referenced_ Logistics_ Package. Type. Code,0,1
Referenced_ Logistics_ Package. Sequence. Numeric,0,1
Referenced_ Logistics_ Package. Identification. Identifier,0,1
Referenced_ Logistics_ Package. Global_ Identification. Identifier,0,1
Referenced_ Logistics_ Package. Parent_ Identification. Identifier,0,1
Referenced_ Logistics_ Package. Series Start_ Identification. Identifier,0,1
Referenced_ Logistics_ Package. Series End_ Identification. Identifier,0,1
Referenced_ Logistics_ Package. Colour. Code,0,1
Referenced_ Logistics_ Package. Type. Text,0,unbounded
Referenced_ Logistics_ Package. Gross Weight. Measure,0,1
Referenced_ Logistics_ Package. Nominal_ Gross Weight. Measure,0,1
Referenced_ Logistics_ Package. Net Weight. Measure,0,1
Referenced_ Logistics_ Package. Gross Volume. Measure,0,1
Referenced_ Logistics_ Package. Nominal_ Gross Volume. Measure,0,1
Referenced_ Logistics_ Package. Description. Text,0,unbounded
Referenced_ Logistics_ Package. Information. Text,0,unbounded
Referenced_ Logistics_ Package. Per Package_ Unit. Quantity,0,unbounded
Referenced_ Logistics_ Package. Physical. Logistics_ Shipping Marks,0,unbounded
Referenced_ Logistics_ Transport Equipment. Details,,
Referenced_ Logistics_ Transport Equipment. Identification. Identifier,0,1
Referenced_ Logistics_ Transport Equipment. Category. Code,0,1
Referenced_ Logistics_ Transport Equipment. Characteristic. Code,0,1
Referenced_ Logistics_ Transport Equipment. Characteristic. Text,0,1
Referenced_ Logistics_ Transport Equipment. Loaded Package. Quantity,0,1
Referenced_ Logistics_ Transport Equipment. Unit. Quantity,0,1
Referenced_ Logistics_ Transport Equipment. Gross Weight. Measure,0,1
Referenced_ Logistics_ Transport Equipment. Net Weight. Measure,0,unbounded
Referenced_ Logistics_ Transport Equipment. Gross Volume. Measure,0,1
Referenced_ Logistics_ Transport Equipment. Carrier Assigned Booking_ Identification. Identifier,0,unbounded
Referenced_ Logistics_ Transport Equipment. Gross_ Goods Weight. Measure,0,unbounded
Referenced_ Logistics_ Transport Equipment. Net_ Goods Weight. Measure,0,unbounded
Referenced_ Logistics_ Transport Equipment. Gross_ Goods Volume. Measure,0,unbounded
Referenced_ Logistics_ Transport Equipment. Net_ Goods Volume. Measure,0,unbounded
Referenced_ Logistics_ Transport Equipment. Goods Item_ Unit. Quantity,0,unbounded
Referenced_ Logistics_ Transport Equipment. Reportable. Quantity,0,unbounded
Referenced_ Logistics_ Transport Equipment. Affixed. Logistics_ Seal,0,unbounded
Referenced_ Logistics_ Transport Equipment. Setting. Transport Setting_ Temperature,0,unbounded
Referenced_ Observation Result. Details,,
Referenced_ Observation Result. LOR Exchanged Document_ Identification. Identifier,0,unbounded
Referenced_ Observation Result. Sample_ Identification. Identifier,0,unbounded
Referenced_ Party. Details,,
Referenced_ Party. Identification. Identifier,0,1
Referenced_ Party. Name. Text,0,1
Referenced_ Party. Role. Code,0,1
Referenced_ Party. Type. Code,0,unbounded
Referenced_ Party. Specified. Unstructured_ Address,0,1
Referenced_ Party. Defined. Referenced_ Contact,0,unbounded
Referenced_ Party. Specified. Authoritative Signatory_ Person,0,1
Referenced_ Product. Details,,
Referenced_ Product. Identification. Identifier,0,unbounded
Referenced_ Product. Global_ Identification. Identifier,0,unbounded
Referenced_ Product. Seller Assigned_ Identification. Identifier,0,1
Referenced_ Product. Buyer Assigned_ Identification. Identifier,0,1
Referenced_ Product. Manufacturer Assigned_ Identification. Identifier,0,unbounded
Referenced_ Product. Industry Assigned_ Identification. Identifier,0,unbounded
Referenced_ Product. Name. Text,0,unbounded
Referenced_ Product. Description. Text,0,unbounded
Referenced_ Product. Relationship_ Type. Code,0,unbounded
Referenced_ Product. Unit. Quantity,0,unbounded
Referenced_ Regulation. Details,,
Referenced_ Regulation. Agency Name. Text,0,1
Referenced_ Regulation. Identification. Identifier,0,1
Referenced_ Regulation. Name. Text,0,1
Referenced_ Regulation. Description. Text,0,1
Referenced_ Regulation. Citation. Text,0,1
Referenced_ Regulation. Source. Code,0,1
Referenced_ Regulation. Origin Country. Identifier,0,1
Referenced_ Regulation. Scope. Code,0,1
Referenced_ Regulation. Language. Code,0,1
Referenced_ Standard. Details,,
Referenced_ Standard. Identification. Identifier,0,1
Referenced_ Standard. Version. Identifier,0,1
Referenced_ Standard. Element Version. Identifier,0,1
Referenced_ Standard. URI. Identifier,0,1
Referenced_ Standard. Part_ Identification. Identifier,0,1
Referenced_ Standard. Agency. Identifier,0,1
Referenced_ Standard. Name. Text,0,1
Referenced_ Standard. Type. Code,0,1
Referenced_ Standard. Description. Text,0,unbounded
Referenced_ Standard. Applicable. Trade_ Country,0,unbounded
Referenced_ Standard. Specified. Sustainability_ Assertion,0,unbounded
Referenced_ Standard. Applicable. Metric_ Characteristic,0,unbounded
Referenced_ Standard. Specified. Referenced_ Document,0,unbounded
Referenced_ Standard. Attached. Specified_ Binary File,0,unbounded
Referenced_ Standard. Applicable. Specified_ Certificate,0,unbounded
Referenced_ Standard. Applicable. Specified_ Assessment,0,unbounded
Referenced_ Standard. Applicable. Specified_ Licence,0,unbounded
Referenced_ Standard. Applicable. Specified_ Declaration,0,unbounded
Referenced_ Statistical Dimension. Details,,
Referenced_ Statistical Dimension. Enumeration Scheme_ Identification. Identifier,0,1
Referenced_ Supply Chain_ Consignment Item. Details,,
Referenced_ Supply Chain_ Consignment Item. Sequence. Numeric,0,1
Referenced_ Supply Chain_ Consignment Item. Type. Code,0,1
Referenced_ Supply Chain_ Consignment Item. Type Extension. Code,0,1
Referenced_ Supply Chain_ Consignment Item. Trade Line Item. Quantity,0,1
Referenced_ Supply Chain_ Consignment Item. Associated. Referenced_ Document,0,unbounded
Referenced_ Supply Chain_ Consignment Item. Transport. Logistics_ Package,0,unbounded
Referenced_ Supply Chain_ Consignment Item. Included. Supply Chain_ Trade Line Item,0,unbounded
Referenced_ Supply Chain_ Consignment Item. Nature Identification. Transport_ Cargo,0,unbounded
Referenced_ Supply Chain_ Consignment Item. Physical. Logistics_ Shipping Marks,0,unbounded
Referenced_ Supply Chain_ Consignment Item. Associated. Referenced_ Logistics_ Transport Equipment,0,unbounded
Referenced_ Supply Chain_ Consignment Item. Applicable. Transport_ Dangerous Goods,0,unbounded
Referenced_ Supply Chain_ Consignment Item. Applicable. Note,0,unbounded
Referenced_ Supply Chain_ Consignment Item. Applicable. Logistics_ Service Charge,0,unbounded
Referenced_ Supply Chain_ Consignment. Details,,
Referenced_ Supply Chain_ Consignment. Identification. Identifier,0,unbounded
Referenced_ Supply Chain_ Consignment. Consignor Assigned. Identifier,0,1
Referenced_ Supply Chain_ Consignment. Consignee Assigned. Identifier,0,1
Referenced_ Supply Chain_ Consignment. Carrier Assigned. Identifier,0,1
Referenced_ Supply Chain_ Consignment. Freight Forwarder Assigned. Identifier,0,1
Referenced_ Supply Chain_ Consignment. Sequence. Numeric,0,1
Referenced_ Supply Chain_ Consignment. Transport Split Description. Text,0,1
Referenced_ Supply Chain_ Consignment. Gross Weight. Measure,0,unbounded
Referenced_ Supply Chain_ Consignment. Net Weight. Measure,0,unbounded
Referenced_ Supply Chain_ Consignment. Gross Volume. Measure,0,unbounded
Referenced_ Supply Chain_ Consignment. Consignment Item. Quantity,0,1
Referenced_ Supply Chain_ Consignment. Carrier Acceptance. Date Time,0,1
Referenced_ Supply Chain_ Consignment. Customs_ Identification. Identifier,0,1
Referenced_ Supply Chain_ Consignment. Included. Referenced_ Supply Chain_ Consignment Item,0,unbounded
Referenced_ Supply Chain_ Consignment. Consignor. Trade_ Party,0,1
Referenced_ Supply Chain_ Consignment. Consignee. Trade_ Party,0,1
Referenced_ Supply Chain_ Consignment. Despatch. Trade_ Party,0,1
Referenced_ Supply Chain_ Consignment. Delivery. Trade_ Party,0,1
Referenced_ Supply Chain_ Consignment. Notified. Trade_ Party,0,unbounded
Referenced_ Supply Chain_ Consignment. Carrier. Trade_ Party,0,1
Referenced_ Supply Chain_ Consignment. Related. Supply Chain_ Trade Transaction,0,unbounded
Referenced_ Supply Chain_ Consignment. Transport. Logistics_ Package,0,unbounded
Referenced_ Supply Chain_ Consignment. Vanning. Transport_ Event,0,1
Referenced_ Supply Chain_ Consignment. Carrier Acceptance. Logistics_ Location,0,1
Referenced_ Supply Chain_ Consignment. Applicable. Cross-Border_ Regulatory Procedure,0,unbounded
Referenced_ Supply Chain_ Consignment. Transport Contract. Referenced_ Document,0,1
Referenced_ Supply Chain_ Consignment. Pre-Carriage. Logistics_ Transport Movement,0,unbounded
Referenced_ Supply Chain_ Consignment. Utilized. Logistics_ Transport Equipment,0,unbounded
Referenced_ Supply Chain_ Consignment. Warehouse_ Storage. Transport_ Event,0,unbounded
Referenced_ Supply Chain_ Consignment. Specified. Logistics_ Risk Analysis Result,0,unbounded
Referenced_ Supply Chain_ Consignment. Devanning. Transport_ Event,0,unbounded
Referenced_ Supply Chain_ Consignment. Applicable. Logistics_ Service Charge,0,unbounded
Referenced_ Supply Chain_ Consignment. Statement. Note,0,unbounded
Referenced_ Transport Means. Details,,
Referenced_ Transport Means. Type. Code,0,1
Referenced_ Transport Means. Type. Text,0,1
Referenced_ Transport Means. Identification. Identifier,0,unbounded
Referenced_ Transport Means. Name. Text,0,1
Referenced_ Transport Means. Driver Accompanied. Indicator,0,1
Referenced_ Transport_ Event. Details,,
Referenced_ Transport_ Event. Scheduled Arrival_ Related. Date Time,0,1
Referenced_ Transport_ Event. Scheduled Departure_ Related. Date Time,0,1
Referenced_ Transport_ Event. Reason_ Type. Code,0,1
Referenced_ Transport_ Event. Occurrence. Specified_ Period,0,unbounded
Referenced_ Transport_ Event. Applicable. Note,0,unbounded
Referenced_ Transport_ Event. Occurrence. Logistics_ Location,0,1
Reference_ Accounting Line Index. Details,,
Reference_ Accounting Line Index. Line. Numeric,1,1
Reference_ Accounting Line Index. Folio. Numeric,0,1
Reference_ Document. Details,,
Reference_ Document. Name. Text,0,1
Reference_ Document. Description. Text,0,1
Reference_ Price. Details,,
Reference_ Price. Charge. Amount,0,1
Reference_ Price. Basis. Quantity,0,unbounded
Reference_ Price. Net Price. Indicator,0,unbounded
Reference_ Price. Comparison Method. Code,0,1
Registered_ Tax. Details,,
Registered_ Tax. Type. Code,0,1
Registered_ Tax. Exemption Reason. Code,0,1
Registered_ Tax. Exemption Reason. Text,0,unbounded
Registered_ Tax. Currency. Code,0,1
Registered_ Tax. Jurisdiction. Text,0,unbounded
Registered_ Tax. Description. Text,0,unbounded
Registered_ Tax. Customs Duty. Indicator,0,1
Registration Agency_ Contact. Details,,
Registration Agency_ Contact. Identification. Identifier,0,1
Registration Agency_ Contact. Job Title. Text,0,1
Registration Agency_ Contact. Governmental_ Responsibility. Text,0,1
Registration Agency_ Contact. Person Name. Text,0,1
Registration Application_ Document. Details,,
Registration Application_ Document. Identification. Identifier,0,1
Registration Application_ Document. Name. Text,0,1
Registration Application_ Document. Submission. Date Time,0,1
Registration_ Event. Details,,
Registration_ Event. Description. Text,0,unbounded
Registration_ Event. Occurrence. Date Time,0,1
Registration_ Event. Related. Registration_ Location,0,1
Registration_ Location. Details,,
Registration_ Location. Country. Identifier,0,1
Registration_ Location. Description. Text,0,unbounded
Registration_ Location. Geopolitical Region. Code,0,1
Registration_ Location. Identification. Identifier,0,unbounded
Registration_ Location. Name. Text,0,unbounded
Registration_ Location. Type. Code,0,1
Registration_ Location. Physical. Structured_ Address,0,1
Registree_ Party. Details,,
Registree_ Party. Alternate_ Government Sales_ Postal. Trade_ Address,0,unbounded
Registree_ Party. Alternate_ Past Performance_ Postal. Trade_ Address,0,unbounded
Registree_ Party. Alternate_ Performance_ Postal. Trade_ Address,0,unbounded
Registree_ Party. Alternate_ Postal. Trade_ Address,0,unbounded
Registree_ Party. Contracting Office_ Postal. Trade_ Address,0,unbounded
Registree_ Party. Contractor_ Postal. Trade_ Address,0,unbounded
Registree_ Party. Contractor Certification Contact_ Postal. Trade_ Address,0,unbounded
Registree_ Party. Delivery_ Postal. Trade_ Address,0,unbounded
Registree_ Party. Electronic Business_ Postal. Trade_ Address,0,unbounded
Registree_ Party. Excluded Party_ Postal. Trade_ Address,0,unbounded
Registree_ Party. Government Sales_ Postal. Trade_ Address,0,unbounded
Registree_ Party. Incorporation_ Postal. Trade_ Address,0,unbounded
Registree_ Party. Labour Surplus Area_ Postal. Trade_ Address,0,unbounded
Registree_ Party. Labour Surplus Location_ Postal. Trade_ Address,0,unbounded
Registree_ Party. Parent_ Postal. Trade_ Address,0,unbounded
Registree_ Party. Parent Organization_ Postal. Trade_ Address,0,unbounded
Registree_ Party. Past Performance_ Postal. Trade_ Address,0,unbounded
Registree_ Party. Previous Business_ Postal. Trade_ Address,0,unbounded
Registree_ Party. Principal_ Postal. Trade_ Address,0,unbounded
Registree_ Party. Product Origin_ Postal. Trade_ Address,0,unbounded
Registree_ Party. Remittance_ Postal. Trade_ Address,0,unbounded
Registree_ Party. SBA Certification Office_ Postal. Trade_ Address,0,unbounded
Registry Product_ Status. Details,,
Registry Product_ Status. Registration_ Condition. Code,1,1
Registry Product_ Status. Registration_ Reference. Date Time,0,1
Registry Product_ Status. Discontinuation_ Reference. Date Time,0,1
Registry Product_ Status. Cancellation_ Reference. Date Time,0,1
Registry Product_ Status. Deletion_ Reference. Date Time,0,1
Registry Product_ Status. Latest Change_ Reference. Date Time,0,1
Regulated_ Dangerous Goods. Details,,
Regulated_ Dangerous Goods. UNDG Identification. Code,0,1
Regulated_ Dangerous Goods. Regulatory Authority Name. Text,1,1
Regulated_ Dangerous Goods. Technical Name. Text,1,1
Regulated_ Dangerous Goods. Information. Text,0,1
Regulated_ Dangerous Goods. Packaging Danger Level. Code,0,1
Regulated_ Dangerous Goods. Hazard Classification. Identifier,0,1
Reported_ Hierarchical Structure. Details,,
Reported_ Hierarchical Structure. Identification. Identifier,1,1
Reported_ Hierarchical Structure. Name. Text,0,1
Reported_ Hierarchical Structure. Description. Text,0,1
Reported_ Hierarchical Structure. Type. Code,0,1
Reported_ Hierarchical Structure. Planning Level. Code,0,1
Reported_ Hierarchical Structure. Component. Reporting_ Data Node,1,unbounded
Reported_ Hierarchical Structure. Used. Progress Monitored_ Project,0,unbounded
Reported_ Hierarchical Structure. Associated. Project_ Cost,0,unbounded
Reporting_ Data Node. Details,,
Reporting_ Data Node. Identification. Identifier,1,1
Reporting_ Data Node. Associated Cost_ Identification. Identifier,0,unbounded
Reporting_ Data Node. Variance Analysis Note_ Identification. Identifier,0,unbounded
Reporting_ Data Node. Parent Node_ Identification. Identifier,0,unbounded
Reporting_ Data Node. Data Structure_ Identification. Identifier,0,1
Reporting_ Data Node. Cross Reference_ Identification. Identifier,0,unbounded
Reporting_ Data Node. Name. Text,0,1
Reporting_ Data Node. Description. Text,0,1
Reporting_ Data Node. Risk Level_ Description. Text,0,1
Reporting_ Data Node. Hierarchical Level. Numeric,0,1
Reporting_ Data Node. Earned Value_ Calculation Method. Code,0,1
Reporting_ Data Node. Summary Exclusion. Indicator,0,1
Reporting_ Data Node. Sequence. Numeric,0,1
Reporting_ Data Node. Control Account_ Identification. Identifier,0,1
Reporting_ Data Node. Planning Level. Code,0,1
Reporting_ Data Node. Completion. Percent,0,1
Reporting_ Data Node. Work Package_ Identification. Identifier,0,1
Reporting_ Data Node. Subordinate. Reporting_ Data Node,0,unbounded
Reporting_ Data Node. Effective. Project_ Period,0,1
Reporting_ Expected Information. Details,,
Reporting_ Expected Information. Response Index. Identifier,0,1
Reporting_ Expected Information. Specified. Amount,0,1
Reporting_ Expected Information. Amount Weight. Code,0,1
Reporting_ Expected Information. Amount Decimal Digit. Numeric,0,1
Reporting_ Expected Information. Reference. Identifier,0,1
Reporting_ Expected Information. Comment. Text,0,1
Reporting_ Expected Information. Specified. Date,0,1
Reporting_ Expected Information. Specified. Time,0,1
Reporting_ Expected Information. Specified. Quantity,0,1
Reporting_ Expected Information. Specified. Percent,0,1
Reporting_ Expected Information. Response. Indicator,0,1
Reporting_ Expected Information. Currency. Code,0,1
Reporting_ Expected Information. Currency Decimal Digit. Numeric,0,1
Reporting_ Expected Information. Currency Usage. Code,0,1
Reporting_ Form Template. Details,,
Reporting_ Form Template. Identification. Identifier,1,1
Reporting_ Form Template. Name. Text,0,1
Reporting_ Form Template. Included. Linked_ Report,0,unbounded
Reporting_ Formality. Details,,
Reporting_ Formality. Identification. Identifier,0,1
Reporting_ Formality. Name. Text,0,1
Reporting_ Formality. Manifest. Text,0,unbounded
Reporting_ Formality. Nomenclature. Identifier,0,1
Reporting_ Formality. Nomenclature Name. Text,0,1
Reporting_ Formality. Included. Reporting_ Form Template,0,unbounded
Reporting_ Formality. Concerned. Legal_ Organization,0,1
Reporting_ Formality. Specified. Delimited_ Accounting Period,0,unbounded
Representative_ Person. Details,,
Representative_ Person. Identification. Identifier,0,1
Representative_ Person. Name. Text,0,1
Representative_ Person. Birth. Date Time,0,1
Representative_ Person. Role. Text,0,unbounded
Representative_ Person. Nationality. Trade_ Country,0,unbounded
Requested_ Market_ Survey. Details,,
Requested_ Market_ Survey. Target Group_ Description. Text,0,unbounded
Requested_ Market_ Survey. Time Series. Indicator,0,1
Requested_ Market_ Survey. Target. CI_ Trade_ Country,0,unbounded
Requesting_ Party. Details,,
Requesting_ Party. Identification. Identifier,0,1
Requesting_ Party. Type. Code,0,1
Requesting_ Party. Name. Text,0,1
Requesting_ Party. Description. Text,0,1
Requesting_ Party. Access Rights. Code,0,1
Requesting_ Party. Language. Code,0,unbounded
Requesting_ Party. BEI_ Identification. Identifier,0,1
Requesting_ Party. Specified. Project_ Organization,0,1
Requesting_ Party. Specified. Project_ Person,0,1
Requesting_ Party. Specified. Proprietary_ Identity,0,unbounded
Requesting_ Party. Line Of Credit_ Specified. Financing_ Financial Account,0,1
Requesting_ Party. Specified. Creditor_ Financial Account,0,1
Reservation Restriction. Details,,
Reservation Restriction. Type. Code,0,1
Reservation Restriction. Minimum. Quantity,0,1
Reservation Restriction. Maximum. Quantity,0,1
Reservation Restriction. Description. Text,0,1
Reservation_ Requirement. Details,,
Reservation_ Requirement. Acceptable Credit Card Name_ Payment Information. Text,0,unbounded
Reservation_ Requirement. Lodging House Covenant_ Rule. Text,0,unbounded
Reservation_ Requirement. Description. Text,0,1
Reservation_ Requirement. Actual. Lodging House_ Contract,0,1
Reserving_ Person. Details,,
Reserving_ Person. Name. Text,0,1
Reserving_ Person. Title. Text,0,1
Reserving_ Person. Language. Identifier,0,1
Reserving_ Person. Description. Text,0,1
Reserving_ Person. Used. Universal_ Communication,0,unbounded
Reserving_ Person. Information. Structured_ Address,0,1
Reserving_ Person. Nationality. Referenced_ Country,0,1
Reserving_ Person. Held. Travel_ Membership,0,unbounded
Reserving_ Person. Additional. Person_ Note,0,unbounded
Resource_ Distribution Profile Point. Details,,
Resource_ Distribution Profile Point. Name. Text,0,1
Resource_ Distribution Profile Point. Allocation. Percent,0,1
Resource_ Distribution Profile. Details,,
Resource_ Distribution Profile. Identification. Identifier,0,1
Resource_ Distribution Profile. Name. Text,0,1
Resource_ Distribution Profile. Description. Text,0,1
Resource_ Distribution Profile. Specified. Resource_ Distribution Profile Point,0,unbounded
Response Form_ Identity. Details,,
Response Form_ Identity. Identification. Identifier,1,1
Response_ Identity. Details,,
Response_ Identity. Content_ Type. Code,1,1
Response_ Identity. Supplementary_ Identification. Identifier,1,1
Responsible Party_ Contact. Details,,
Responsible Party_ Contact. Telephone. Telecommunication_ Communication,0,unbounded
Responsible Party_ Contact. Emergency_ Telephone. Telecommunication_ Communication,1,1
Responsible Party_ Contact. Fax. Telecommunication_ Communication,0,unbounded
Responsible Party_ Contact. Email_ URI. Internet_ Communication,0,unbounded
Responsible_ Contact. Details,,
Responsible_ Contact. Identification. Identifier,0,1
Responsible_ Contact. Job Title. Text,0,1
Responsible_ Contact. Responsibility. Text,0,1
Responsible_ Contact. Department Name. Text,0,1
Responsible_ Contact. Type. Code,0,1
Responsible_ Contact. Specified. Responsible_ Person,0,1
Responsible_ Party. Details,,
Responsible_ Party. Organization_ Name. Text,0,1
Responsible_ Party. Subordinate Organization_ Name. Text,0,1
Responsible_ Party. Person_ Name. Text,0,1
Responsible_ Party. Identification. Identifier,0,1
Responsible_ Party. Type. Code,0,1
Responsible_ Party. Language. Code,0,1
Responsible_ Party. Access Rights. Code,0,1
Responsible_ Party. Role. Code,0,1
Responsible_ Party. Defined. Responsible Party_ Contact,1,1
Responsible_ Party. Specified. Unstructured_ Address,1,1
Responsible_ Party. Appointed. Responsible_ Person,0,unbounded
Responsible_ Party. Appointed. Representative_ Person,0,1
Responsible_ Person. Details,,
Responsible_ Person. Identification. Identifier,0,1
Responsible_ Person. Name. Text,0,1
Responsible_ Person. Middle Name. Text,0,1
Responsible_ Person. Family Name. Text,0,1
Responsible_ Person. Title. Text,0,1
Responsible_ Person. Salutation. Text,0,1
Responsible_ Person. Family Name Prefix. Text,0,1
Responsible_ Person. Language. Identifier,0,1
Responsible_ Person. Marital Status. Code,0,1
Responsible_ Person. Information. Unstructured_ Address,0,1
Responsible_ Person. URI. Universal_ Communication,0,unbounded
Responsible_ Person. Telephone. Universal_ Communication,0,unbounded
Responsible_ Person. Fax. Universal_ Communication,0,unbounded
Restaurant_ Facility. Details,,
Restaurant_ Facility. Identification. Identifier,1,1
Restaurant_ Facility. Description. Text,0,1
Restaurant_ Facility. Architectural_ Style. Text,0,1
Restaurant_ Facility. Construction. Date,0,1
Restaurant_ Facility. Latest_ Renovation. Date,0,1
Restaurant_ Facility. Type. Text,0,1
Restaurant_ Facility. Food_ Category. Text,0,1
Restaurant_ Facility. Physical. Lodging House_ Location,0,1
Restaurant_ Facility. Specified. Lodging House_ Usage Condition,0,unbounded
Restaurant_ Facility. Operating. Specified_ Period,0,unbounded
Restaurant_ Facility. Actual. Lodging House_ Picture,0,unbounded
Restaurant_ Facility. Distinctive. Lodging House_ Feature,0,unbounded
Restaurant_ Facility. Offered. Supplemental_ Service,0,unbounded
Returnable Asset_ Instructions. Details,,
Returnable Asset_ Instructions. Material. Identifier,0,unbounded
Returnable Asset_ Instructions. Terms And Conditions_ Description. Text,0,unbounded
Returnable Asset_ Instructions. Terms And Conditions_ Description. Code,0,1
Returnable Asset_ Instructions. Deposit Value_ Specified. Amount,0,unbounded
Returnable Asset_ Instructions. Deposit Value_ Validity. Specified_ Period,0,1
Sales_ Accounting Account. Details,,
Sales_ Accounting Account. Identification. Identifier,1,1
Sales_ Accounting Account. Set Trigger. Code,0,1
Sales_ Accounting Account. Type. Code,0,1
Sales_ Accounting Account. Amount Type. Code,0,1
Sales_ Batch. Details,,
Sales_ Batch. Identification. Identifier,0,unbounded
Sales_ Batch. Specified. AAP_ Product,0,unbounded
Sales_ Batch. Total. Sales_ Price,0,1
Sales_ Document. Details,,
Sales_ Document. Identification. Identifier,1,unbounded
Sales_ Document. Currency. Code,0,1
Sales_ Document. Transport Document_ Identification. Identifier,0,unbounded
Sales_ Document. Sales Note_ Identification. Identifier,0,unbounded
Sales_ Document. Takeover Document_ Identification. Identifier,0,unbounded
Sales_ Document. Specified. Sales_ Batch,0,unbounded
Sales_ Document. Specified. Sales_ Event,0,unbounded
Sales_ Document. Specified. Fishing_ Activity,0,unbounded
Sales_ Document. Specified. FLUX_ Location,0,unbounded
Sales_ Document. Specified. Sales_ Party,0,unbounded
Sales_ Document. Specified. Vehicle_ Transport Means,0,1
Sales_ Document. Related. Validation Result_ Document,0,unbounded
Sales_ Document. Total. Sales_ Price,0,1
Sales_ Document. Departure_ Specified. FLUX_ Location,0,1
Sales_ Document. Arrival_ Specified. FLUX_ Location,0,1
Sales_ Event. Details,,
Sales_ Event. Occurrence. Date Time,1,1
Sales_ Event. Seller_ Name. Text,0,1
Sales_ Event. Buyer_ Name. Text,0,1
Sales_ Event. Related. Sales_ Batch,0,unbounded
Sales_ Party. Details,,
Sales_ Party. Identification. Identifier,0,1
Sales_ Party. Name. Text,0,1
Sales_ Party. Type. Code,0,1
Sales_ Party. Country. Identifier,0,1
Sales_ Party. Role. Code,0,unbounded
Sales_ Party. Specified. Structured_ Address,0,unbounded
Sales_ Party. Specified. FLUX_ Organization,0,1
Sales_ Price. Details,,
Sales_ Price. Charge. Amount,1,unbounded
Sales_ Query Parameter. Details,,
Sales_ Query Parameter. Type. Code,1,1
Sales_ Query Parameter. Value. Code,0,1
Sales_ Query Parameter. Value. Date Time,0,1
Sales_ Query Parameter. Value. Identifier,0,1
Sales_ Query. Details,,
Sales_ Query. Identification. Identifier,1,1
Sales_ Query. Submitted. Date Time,1,1
Sales_ Query. Type. Code,1,unbounded
Sales_ Query. Specified. Delimited_ Period,0,1
Sales_ Query. Submitter. FLUX_ Party,0,1
Sales_ Query. Simple. Sales_ Query Parameter,0,unbounded
Sales_ Report. Details,,
Sales_ Report. Identification. Identifier,0,1
Sales_ Report. Item_ Type. Code,0,1
Sales_ Report. Included. Sales_ Document,0,unbounded
Sales_ Report. Included. Validation Result_ Document,0,unbounded
Sampled Object_ Additive. Details,,
Sampled Object_ Additive. Name. Text,0,1
Sampled Object_ Additive. Description. Text,0,1
Sampled Object_ Additive. Standard_ Type. Code,0,1
Sampled Object_ Additive. Local_ Type. Code,0,1
Sampled Object_ Animal. Details,,
Sampled Object_ Animal. Identification. Identifier,1,1
Sampled Object_ Animal. Species_ Type. Code,1,1
Sampled Object_ Animal. Birth. Date Time,0,1
Sampled Object_ Animal. Gender. Code,0,1
Sampled Object_ Animal. Death. Date Time,0,1
Sampled Object_ Animal. Mother. Identifier,0,1
Sampled Object_ Animal. Father. Identifier,0,1
Sampled Object_ Animal. Holder Name. Text,0,1
Sampled Object_ Cargo. Details,,
Sampled Object_ Cargo. Storage_ Type. Code,0,1
Sampled Object_ Cargo. Name. Text,1,1
Sampled Object_ Contract. Details,,
Sampled Object_ Contract. Identification. Identifier,0,1
Sampled Object_ Contract. Type. Code,0,1
Sampled Object_ Contract. Issue. Date Time,0,1
Sampled Object_ Crop. Details,,
Sampled Object_ Crop. Botanical Identification. Identifier,0,1
Sampled Object_ Crop. Botanical Genus. Code,0,1
Sampled Object_ Crop. Botanical Species. Code,0,1
Sampled Object_ Crop. Botanical Species Variety. Code,0,1
Sampled Object_ Crop. Classification. Code,0,1
Sampled Object_ Crop. Description. Text,0,unbounded
Sampled Object_ Crop. Development Stage. Code,0,1
Sampled Object_ Crop. Cultivation Type. Code,0,1
Sampled Object_ Crop. Propagation Material. Indicator,0,1
Sampled Object_ Crop. Size. Measure,0,1
Sampled Object_ Crop. Botanical Name. Text,0,1
Sampled Object_ Crop. Cultivation Coverage. Code,0,1
Sampled Object_ Crop. Cultivation Medium. Code,0,1
Sampled Object_ Crop. Cultivation Container. Code,0,1
Sampled Object_ Crop. Harvest. Date Time,0,1
Sampled Object_ Illness. Details,,
Sampled Object_ Illness. Start. Date Time,0,1
Sampled Object_ Illness. Symptom. Text,0,1
Sampled Object_ Illness. Distribution Level. Text,0,1
Sampled Object_ Illness. Affected Part. Text,0,1
Sampled Object_ Illness. Increasing. Indicator,0,1
Sampled Object_ Silage. Details,,
Sampled Object_ Silage. Crop Mowing. Date Time,1,1
Sampled Object_ Silage. Process Type. Text,0,1
Sampled Object_ Silage. Silaging. Date Time,0,1
Sampled Object_ Silage. Field_ Drying. Base_ Period,0,1
Sampled Object_ Soil. Details,,
Sampled Object_ Soil. Type. Text,1,1
Sampled Object_ Soil. Upper Boundary_ Depth. Measure,0,1
Sampled Object_ Soil. Lower Boundary_ Depth. Measure,0,1
Sampled Object_ Soil. Depth. Measure,0,1
Sampled Object_ Soil. Previous_ Crop. Text,0,1
Sampled Object_ Water Location. Details,,
Sampled Object_ Water Location. Identification. Identifier,1,1
Sampled Object_ Water Location. Name. Text,0,1
Sampled Object_ Water Location. Type. Text,0,1
Sampled Object_ Water Location. Depth. Measure,0,1
Sample_ Observation Request Characteristic. Details,,
Sample_ Observation Request Characteristic. Method Parameter. Identifier,0,1
Sample_ Observation Request Characteristic. Parameter Value. Text,0,1
Sample_ Observation Request Characteristic. Comparison Operator. Code,0,1
Sample_ Observation Request Characteristic. Measured Value. Measure,0,1
Sample_ Observation Request Characteristic. Measured Value. Text,0,1
Sample_ Observation Request Characteristic. Range. Text,0,1
Sample_ Observation Request Characteristic. Measured Accuracy. Measure,0,1
Sample_ Observation Request Characteristic. Quality Result. Code,0,1
Sample_ Observation Request Characteristic. Quality Result Description. Text,0,1
Sample_ Observation Request Characteristic. Reference Level_ Quality Result Description. Text,0,1
Sample_ Observation Request Characteristic. Applied Dilution. Numeric,0,1
Sample_ Observation Request Characteristic. Applicable. Observation Objective_ Parameter,0,unbounded
Sample_ Observation Request. Details,,
Sample_ Observation Request. Identification. Identifier,1,1
Sample_ Observation Request. Material Type. Text,0,1
Sample_ Observation Request. General Characteristic. Text,0,1
Sample_ Observation Request. Requested_ Observation Start. Date Time,0,1
Sample_ Observation Request. Requested_ Observation End. Date Time,0,1
Sample_ Observation Request. Observation Time Frame. Text,0,1
Sample_ Observation Request. Emergency Observation. Indicator,0,1
Sample_ Observation Request. Outsourced Observation. Indicator,0,1
Sample_ Observation Request. Material Type. Code,0,1
Sample_ Observation Request. Specified. Laboratory Observation_ Reference,0,unbounded
Sample_ Observation Request. Authorization. Laboratory Observation_ Party,0,1
Sample_ Observation Request. Attached. Laboratory Observation_ Note,0,unbounded
Sample_ Observation Request. Requested. Laboratory Observation Analysis_ Method,0,unbounded
Sample_ Observation Request. Minimum Standard Value_ Specified. Sample_ Observation Request Characteristic,0,unbounded
Sample_ Observation Request. Maximum Standard Value_ Specified. Sample_ Observation Request Characteristic,0,unbounded
Sample_ Observation Request. Expected_ Specified. Sample_ Observation Request Characteristic,0,unbounded
Sample_ Observation Request. Specified. Laboratory Observation_ Instructions,0,unbounded
Sample_ Observation Request. Outsourced Laboratory. Laboratory Observation_ Party,0,1
Sample_ Observation Request. Applicable. Observation Objective_ Parameter,0,unbounded
Sample_ Observation Result Characteristic. Details,,
Sample_ Observation Result Characteristic. Method Parameter. Identifier,0,1
Sample_ Observation Result Characteristic. Parameter Value. Text,0,1
Sample_ Observation Result Characteristic. Comparison Operator. Code,0,1
Sample_ Observation Result Characteristic. Measured Value. Measure,0,1
Sample_ Observation Result Characteristic. Measured Value. Text,0,1
Sample_ Observation Result Characteristic. Range. Text,0,1
Sample_ Observation Result Characteristic. Measured Accuracy. Measure,0,1
Sample_ Observation Result Characteristic. Quality Result. Code,0,1
Sample_ Observation Result Characteristic. Quality Result Description. Text,0,1
Sample_ Observation Result Characteristic. Reference Level_ Quality Result Description. Text,0,1
Sample_ Observation Result Characteristic. Applied Dilution. Numeric,0,1
Sample_ Observation Result Characteristic. Shareable. Indicator,0,1
Sample_ Observation Result Characteristic. Interpretation Result_ Applicable. Observation Objective_ Parameter,0,unbounded
Sample_ Observation Result. Details,,
Sample_ Observation Result. Identification. Identifier,1,1
Sample_ Observation Result. Material Type. Text,0,1
Sample_ Observation Result. General Characteristic. Text,0,1
Sample_ Observation Result. Actual_ Observation Start. Date Time,0,1
Sample_ Observation Result. Actual_ Observation End. Date Time,0,1
Sample_ Observation Result. Observation Time Frame. Text,0,1
Sample_ Observation Result. Observation Discontinuation Reason. Text,0,1
Sample_ Observation Result. Emergency Observation. Indicator,0,1
Sample_ Observation Result. Outsourced Observation. Indicator,0,1
Sample_ Observation Result. Observation Discontinuation Reason. Code,0,1
Sample_ Observation Result. Material Type. Code,0,1
Sample_ Observation Result. Shareable. Indicator,0,1
Sample_ Observation Result. Specified. Laboratory Observation_ Reference,0,unbounded
Sample_ Observation Result. Authorization. Laboratory Observation_ Party,0,1
Sample_ Observation Result. Attached. Laboratory Observation_ Note,0,unbounded
Sample_ Observation Result. Used. Laboratory Observation Analysis_ Method,0,unbounded
Sample_ Observation Result. Minimum Standard Value_ Specified. Sample_ Observation Result Characteristic,0,unbounded
Sample_ Observation Result. Maximum Standard Value_ Specified. Sample_ Observation Result Characteristic,0,unbounded
Sample_ Observation Result. Observed Value_ Specified. Sample_ Observation Result Characteristic,0,unbounded
Sample_ Observation Result. Expected Value_ Specified. Sample_ Observation Result Characteristic,0,unbounded
Sample_ Observation Result. Specified. Laboratory Observation_ Instructions,0,unbounded
Sample_ Observation Result. Laboratory Analysis Request_ Specified. Laboratory Observation_ Reference,0,unbounded
Sample_ Observation Result. Outsourced Laboratory. Laboratory Observation_ Party,0,1
Sample_ Observation Result. Interpretation Result_ Applicable. Observation Objective_ Parameter,0,unbounded
Sample_ Observation Result. Applicable. Specified_ Method,0,unbounded
Schedule Report_ Document. Details,,
Schedule Report_ Document. Creation. Date Time,0,1
Schedule Report_ Document. Description. Text,0,1
Schedule Report_ Document. Security_ Type. Code,0,1
Schedule Report_ Document. Schedule_ Type. Code,0,1
Schedule Report_ Document. Effective. Base_ Period,0,1
Schedule Report_ Document. Owner. Project_ Party,0,1
Schedule Task_ Timing Constraint. Details,,
Schedule Task_ Timing Constraint. Limit. Date Time,0,1
Schedule Task_ Timing Constraint. Type. Code,0,1
Seasonal_ Period. Details,,
Seasonal_ Period. Start. Date Time,0,1
Seasonal_ Period. End. Date Time,0,1
Seasonal_ Period. Day Of Week. Code,0,unbounded
Seasonal_ Period. Description. Text,0,1
Section_ Route. Details,,
Section_ Route. Description. Text,0,1
Section_ Route. Distance. Measure,0,1
Section_ Route. Start. Waypoint_ Location,0,1
Section_ Route. End. Waypoint_ Location,0,1
Section_ Segment. Details,,
Section_ Segment. Identification. Identifier,0,1
Section_ Segment. Type. Code,0,1
Section_ Segment. Information. Text,0,1
Section_ Segment. Image. Binary Object,0,1
Seller_ Party. Details,,
Seller_ Party. Primary_ Identification. Identifier,1,1
Seller_ Party. Additional_ Identification. Identifier,0,unbounded
Seller_ Party. Tax_ Identification. Identifier,0,unbounded
Seller_ Party. Name. Text,0,1
Seller_ Party. Postal. Structured_ Address,0,1
Seller_ Party. Postal. Unstructured_ Address,0,1
Seller_ Party. Postal. Post Box_ Address,0,1
Seller_ Party. Defined. Trade_ Contact,0,unbounded
Service_ Price. Details,,
Service_ Price. Seasonal_ Rank. Code,0,1
Service_ Price. Basis. Quantity,0,1
Service_ Price. Net Price. Indicator,0,1
Service_ Price. Charge. Amount,0,1
Service_ Price. Calculation. Percent,0,1
Service_ Price. Tax_ Charge Applicable. Indicator,0,1
Service_ Price. Commission Paid. Indicator,0,1
Service_ Price. Validity. Travel Product_ Period,0,unbounded
Service_ Price. Validity. Seasonal_ Period,0,unbounded
Service_ Price. Additional Information. Travel Product_ Note,0,unbounded
Service_ Price. Applicable. Customer Class,0,unbounded
Service_ Price. Applicable. Lodging House_ Customer Class,0,unbounded
Settlement Location_ Address. Details,,
Settlement Location_ Address. Type. Code,0,1
Settlement Location_ Address. Line One. Text,0,1
Settlement Location_ Address. Line Two. Text,0,1
Settlement Location_ Address. Line Three. Text,0,1
Settlement Location_ Address. Line Four. Text,0,1
Settlement Location_ Address. Line Five. Text,0,1
Settlement Location_ Address. Street Name. Text,0,1
Settlement Location_ Address. Building Number. Text,0,1
Settlement Location_ Address. Postcode. Code,0,1
Settlement Location_ Address. City Name. Text,0,1
Settlement Location_ Address. Country Sub-Division. Identifier,0,1
Settlement Location_ Address. Country. Identifier,0,1
Sightseeing_ Facility. Details,,
Sightseeing_ Facility. Identification. Identifier,1,1
Sightseeing_ Facility. Description. Text,0,1
Sightseeing_ Facility. Architectural_ Style. Text,0,1
Sightseeing_ Facility. Name. Text,0,1
Sightseeing_ Facility. Construction. Date,0,1
Sightseeing_ Facility. Latest_ Renovation. Date,0,1
Sightseeing_ Facility. Type. Text,0,1
Sightseeing_ Facility. Category. Text,0,1
Sightseeing_ Facility. Physical. Lodging House_ Location,0,1
Sightseeing_ Facility. Specified. Lodging House_ Usage Condition,0,unbounded
Sightseeing_ Facility. Operating. Specified_ Period,0,unbounded
Sightseeing_ Facility. Actual. Lodging House_ Picture,0,unbounded
Sightseeing_ Facility. Distinctive. Lodging House_ Feature,0,unbounded
Sightseeing_ Facility. Offered. Supplemental_ Service,0,unbounded
Sightseeing_ Facility. Defined. Lodging House_ Contact,0,1
Single_ Agronomical Observation. Details,,
Single_ Agronomical Observation. Identification. Identifier,1,1
Single_ Agronomical Observation. Collection. Date Time,0,1
Single_ Agronomical Observation. Comment. Text,0,1
Single_ Agronomical Observation. Status. Code,0,1
Single_ Agronomical Observation. Occurrence. Specified_ Location,0,1
Single_ Agronomical Observation. Specified. Agronomical Observation_ Target Object,1,unbounded
Single_ Agronomical Observation. Subject. Agricultural_ Crop,0,1
Single_ Agronomical Observation. Specified. Party_ Contact,0,1
Size_ Distribution. Details,,
Size_ Distribution. Category. Code,0,1
Size_ Distribution. Class. Code,0,unbounded
Soil Occupation_ Contract. Details,,
Soil Occupation_ Contract. Identification. Identifier,1,1
Soil Occupation_ Contract. Description. Text,0,1
Soil Occupation_ Contract. Start. Date,0,1
Soil Occupation_ Contract. Identified. Crop Data Sheet_ Party,0,1
Soil Occupation_ Crop Residue. Details,,
Soil Occupation_ Crop Residue. Type. Code,0,1
Soil Occupation_ Crop Residue. Weight. Measure,0,1
Solubility_ Goods Characteristic. Details,,
Solubility_ Goods Characteristic. Description. Text,0,1
Solubility_ Goods Characteristic. Test Method. Text,0,1
Spatial_ Dimension. Details,,
Spatial_ Dimension. Value. Measure,0,1
Spatial_ Dimension. Type. Code,0,1
Spatial_ Dimension. Description. Text,0,unbounded
Spatial_ Dimension. Width. Measure,0,1
Spatial_ Dimension. Length. Measure,0,1
Spatial_ Dimension. Height. Measure,0,1
Spatial_ Dimension. Identification. Identifier,0,1
Spatial_ Dimension. Diameter. Measure,0,1
Spatial_ Dimension. Unit. Quantity,0,1
Spatial_ Dimension. Component. Spatial_ Dimension,0,unbounded
Special_ Query. Details,,
Special_ Query. Identification. Identifier,0,1
Special_ Query. Submitted. Date Time,0,1
Special_ Query. Submitting Person Name. Text,0,unbounded
Special_ Query. Subject. Text,0,unbounded
Special_ Query. Content. Text,0,unbounded
Special_ Query. Latest_ Response. Date Time,0,1
Special_ Query. Version. Identifier,0,1
Special_ Query. Response. Date Time,0,1
Special_ Query. Response_ Status. Code,0,1
Special_ Query. Submitted. Query_ Response,0,unbounded
Species Additional_ TT_ Product. Details,,
Species Additional_ TT_ Product. Description. Code,0,1
Species Additional_ TT_ Product. Production Mode. Code,0,1
Species Additional_ TT_ Product. Type. Code,1,1
Species Additional_ TT_ Production. Details,,
Species Additional_ TT_ Production. Process Step. Code,0,1
Species Additional_ TT_ Production. Product_ Type. Code,0,1
Species TT_ Animal. Details,,
Species TT_ Animal. Species_ Type. Code,1,unbounded
Species TT_ Animal. Scientific Species Name_ Type. Code,0,unbounded
Species TT_ Animal. Regulation Species Name_ Type. Code,0,unbounded
Species TT_ Animal. Trade Species Name_ Type. Code,0,unbounded
Species_ TT_ Product. Details,,
Species_ TT_ Product. Species_ Type. Code,0,unbounded
Species_ TT_ Product. Scientific_ Species Name. Code,0,unbounded
Species_ TT_ Product. Regulation_ Species Name. Code,0,unbounded
Species_ TT_ Product. Trade_ Species Name. Code,0,unbounded
Species_ TT_ Product. Additional_ Type. Code,0,unbounded
Specific Gravity Range_ Measurement. Details,,
Specific Gravity Range_ Measurement. Lower Limit_ Comparison Operator. Code,0,1
Specific Gravity Range_ Measurement. Upper Limit_ Comparison Operator. Code,0,1
Specific Gravity Range_ Measurement. Lower Limit_ Actual. Measure,0,1
Specific Gravity Range_ Measurement. Upper Limit_ Actual. Measure,0,1
Specific Gravity Range_ Measurement. Test_ Method. Text,0,1
Specific Gravity Range_ Measurement. Temperature_ Condition. Measure,0,1
Specific Gravity Range_ Measurement. Description. Text,0,1
Specification_ Document. Details,,
Specification_ Document. Identification. Identifier,0,1
Specification_ Document. Revision_ Description. Text,0,1
Specification_ Query. Details,,
Specification_ Query. Identification. Identifier,1,1
Specification_ Query. Type. Code,0,1
Specification_ Query. Content. Text,1,1
Specification_ Query. Contractual Language. Code,0,1
Specification_ Response. Details,,
Specification_ Response. Identification. Identifier,1,1
Specification_ Response. Query_ Identification. Identifier,0,1
Specification_ Response. Type. Code,0,1
Specification_ Response. Content. Text,1,1
Specification_ Response. Contractual Language. Code,0,1
Specific_ Issue. Details,,
Specific_ Issue. Type. Code,0,1
Specific_ Issue. Severity. Code,0,1
Specific_ Issue. Description. Text,0,1
Specified_ Action. Details,,
Specified_ Action. Type. Code,0,1
Specified_ Action. Type. Text,0,unbounded
Specified_ Action. Description. Text,0,unbounded
Specified_ Agricultural Application. Details,,
Specified_ Agricultural Application. Identification. Identifier,0,1
Specified_ Agricultural Application. Specified. Referenced_ Location,0,unbounded
Specified_ Agricultural Application. Applied. Agricultural Zone_ Area,0,unbounded
Specified_ Agricultural Application. Specified. Product_ Batch,0,unbounded
Specified_ Agricultural Application. Applied. Agricultural_ Certificate,0,unbounded
Specified_ Agricultural Application. Specified. Crop_ Plot,0,unbounded
Specified_ Agricultural Application. Applied. Specified_ Material,0,unbounded
Specified_ Agricultural Application. Applied. Specified_ Chemical Treatment,0,unbounded
Specified_ Agricultural Application. Applicable. Sustainability_ Characteristic,0,unbounded
Specified_ Agricultural Device. Details,,
Specified_ Agricultural Device. Identification. Identifier,1,1
Specified_ Agricultural Device. Type. Code,0,1
Specified_ Agricultural Device. Subordinate_ Type. Code,0,1
Specified_ Agricultural Device. Owner. Crop Data Sheet_ Party,0,1
Specified_ Agricultural Device. Combined. Specified_ Agricultural Device,0,unbounded
Specified_ Agricultural Device. Specified. Agricultural_ Man Machine System,0,unbounded
Specified_ Assessment. Details,,
Specified_ Assessment. Report_ Identification. Identifier,0,1
Specified_ Assessment. Type. Code,0,1
Specified_ Assessment. Category. Code,0,1
Specified_ Assessment. Name. Text,0,unbounded
Specified_ Assessment. Self Assessed. Indicator,0,1
Specified_ Assessment. Status. Code,0,1
Specified_ Assessment. Start. Date Time,0,1
Specified_ Assessment. End. Date Time,0,1
Specified_ Assessment. Report. Date Time,0,1
Specified_ Assessment. Verified. Indicator,0,1
Specified_ Assessment. Assurance Level. Code,0,1
Specified_ Assessment. Assessor. Trade_ Party,0,1
Specified_ Assessment. Verifier. Trade_ Party,0,unbounded
Specified_ Assessment. Applicable. Referenced_ Standard,0,unbounded
Specified_ Assessment. Assessed. Specified_ Object,0,unbounded
Specified_ Assessment. Related. Supply Chain_ Trade Transaction,0,unbounded
Specified_ Assessment. Associated. Specified_ Binary File,0,unbounded
Specified_ Assessment. Applicable. Sustainability_ Characteristic,0,unbounded
Specified_ Balance Out. Details,,
Specified_ Balance Out. Identification. Identifier,0,1
Specified_ Balance Out. Description. Text,0,unbounded
Specified_ Balance Out. Reason. Code,0,1
Specified_ Balance Out. Reason Description. Text,0,unbounded
Specified_ Balance Out. Occurrence. Date Time,0,1
Specified_ Balance Out. Calculated. Amount,0,unbounded
Specified_ Balance Out. Breakdown. Specified_ Balance Out,0,unbounded
Specified_ Binary File. Details,,
Specified_ Binary File. Identification. Identifier,0,unbounded
Specified_ Binary File. Title. Text,0,unbounded
Specified_ Binary File. Author Name. Text,0,unbounded
Specified_ Binary File. Version. Identifier,0,1
Specified_ Binary File. File Name. Text,0,1
Specified_ Binary File. URI. Identifier,0,1
Specified_ Binary File. MIME. Code,0,1
Specified_ Binary File. Encoding. Code,0,1
Specified_ Binary File. Character Set. Code,0,1
Specified_ Binary File. Included. Binary Object,0,unbounded
Specified_ Binary File. Access. Text,0,unbounded
Specified_ Binary File. Description. Text,0,unbounded
Specified_ Binary File. Size. Measure,0,1
Specified_ Binary File. Access Availability. Specified_ Period,0,1
Specified_ Binary File. Validity. Specified_ Period,0,1
Specified_ Certificate. Details,,
Specified_ Certificate. Identification. Identifier,0,1
Specified_ Certificate. Sequence. Numeric,0,unbounded
Specified_ Certificate. Type. Code,0,unbounded
Specified_ Certificate. Alias Name. Code,0,unbounded
Specified_ Certificate. Category. Code,0,unbounded
Specified_ Certificate. Description. Text,0,unbounded
Specified_ Certificate. Purpose. Code,0,unbounded
Specified_ Certificate. Issue. Date Time,0,1
Specified_ Certificate. Expiry. Date Time,0,1
Specified_ Certificate. Validity Extended Until. Date Time,0,unbounded
Specified_ Certificate. Actual Effective. Date Time,0,1
Specified_ Certificate. Requested Effective. Date Time,0,1
Specified_ Certificate. Endorsement. Date Time,0,unbounded
Specified_ Certificate. Latest_ Endorsement. Date Time,0,unbounded
Specified_ Certificate. Issue Reason. Code,0,1
Specified_ Certificate. Valid. Indicator,0,1
Specified_ Certificate. Validity_ Type. Code,0,unbounded
Specified_ Certificate. Subject_ Type. Code,0,unbounded
Specified_ Certificate. Party. Identifier,0,unbounded
Specified_ Certificate. Name. Text,0,unbounded
Specified_ Certificate. Status. Code,0,1
Specified_ Certificate. Assurance Level. Code,0,1
Specified_ Certificate. Capability Level. Text,0,unbounded
Specified_ Certificate. Available_ Language. Code,0,unbounded
Specified_ Certificate. Certified Person. Quantity,0,1
Specified_ Certificate. Applicable_ Geographic Region. Text,0,unbounded
Specified_ Certificate. Required. Indicator,0,1
Specified_ Certificate. Effective From. Date Time,0,1
Specified_ Certificate. Certified. Trade_ Party,0,1
Specified_ Certificate. Applicable. Referenced_ Standard,0,unbounded
Specified_ Certificate. Certified. Specified_ Object,0,unbounded
Specified_ Certificate. Related. Supply Chain_ Trade Transaction,0,unbounded
Specified_ Certificate. Attached. Specified_ Binary File,0,unbounded
Specified_ Certificate. Applicable. Sustainability_ Characteristic,0,unbounded
Specified_ Certificate. Issuance. Trade_ Location,0,unbounded
Specified_ Certificate. Reported. Document_ Status,0,unbounded
Specified_ Certificate. Applicable. Document_ Clause,0,unbounded
Specified_ Certificate. Issuer. Trade_ Party,0,1
Specified_ Certificate. Providing. Trade_ Party,0,1
Specified_ Certification. Details,,
Specified_ Certification. Identification. Identifier,0,unbounded
Specified_ Certification. URI. Identifier,0,unbounded
Specified_ Certification. Responsible Agency. Text,0,unbounded
Specified_ Certification. Start. Date Time,0,1
Specified_ Certification. End. Date Time,0,1
Specified_ Certification. Audit. Date Time,0,unbounded
Specified_ Certification. Standard. Text,0,unbounded
Specified_ Certification. Assertion. Code,0,unbounded
Specified_ Certification. Assertion. Text,0,unbounded
Specified_ Certification. Related. Referenced_ Standard,0,unbounded
Specified_ Certification. Specified. Sustainability_ Assertion,0,unbounded
Specified_ Certification. Related. Referenced_ Location,0,unbounded
Specified_ Chemical Treatment. Details,,
Specified_ Chemical Treatment. Identification. Identifier,0,unbounded
Specified_ Chemical Treatment. Type. Code,0,1
Specified_ Chemical Treatment. Description. Text,0,unbounded
Specified_ Chemical Treatment. Used. Distinct_ Chemical,0,unbounded
Specified_ Chemical Treatment. Applicable. Sustainability_ Characteristic,0,unbounded
Specified_ Chemical Treatment. Specified. Process_ Certificate,0,unbounded
Specified_ Circle. Details,,
Specified_ Circle. Radius. Measure,0,1
Specified_ Circle. Centre. Specified_ Geographical Point,0,1
Specified_ Circle. Associated. Specified_ Geographical Object Characteristic,1,1
Specified_ Circle. Associated. Logistics_ Location,0,unbounded
Specified_ Classification. Details,,
Specified_ Classification. Class. Code,0,1
Specified_ Classification. Class Name. Text,0,1
Specified_ Classification. Country. Identifier,0,1
Specified_ Communication. Details,,
Specified_ Communication. URI. Identifier,0,1
Specified_ Communication. Complete Number. Text,0,1
Specified_ Condition. Details,,
Specified_ Condition. Subject_ Type. Code,0,unbounded
Specified_ Condition. Value. Measure,0,unbounded
Specified_ Condition. Action. Code,0,unbounded
Specified_ Condition. Name. Text,0,unbounded
Specified_ Condition. Action. Date Time,0,unbounded
Specified_ Condition. Statement. Code,0,unbounded
Specified_ Condition. Statement. Text,0,unbounded
Specified_ Condition. Specified. Calibrated_ Measurement,0,unbounded
Specified_ Crop Protection Treatment. Details,,
Specified_ Crop Protection Treatment. Identification. Identifier,0,unbounded
Specified_ Crop Protection Treatment. Type. Code,0,1
Specified_ Crop Protection Treatment. Description. Text,0,unbounded
Specified_ Crop Protection Treatment. Used. Specified_ Material,0,unbounded
Specified_ Crop Protection Treatment. Applicable. Sustainability_ Characteristic,0,unbounded
Specified_ Crop Protection Treatment. Applicable. Process_ Certificate,0,unbounded
Specified_ Customer Class. Details,,
Specified_ Customer Class. Category. Code,0,1
Specified_ Customer Class. Category Name. Text,0,unbounded
Specified_ Customer Class. Upper Age Limit. Numeric,0,1
Specified_ Customer Class. Lower Age Limit. Numeric,0,1
Specified_ Customer Class. Gender. Code,0,1
Specified_ Customer Class. Meal Service_ Category. Code,0,1
Specified_ Customer Class. Special Bedding Service Offered. Indicator,0,1
Specified_ Customer Class. Description. Text,0,unbounded
Specified_ Declaration. Details,,
Specified_ Declaration. Identification. Identifier,0,unbounded
Specified_ Declaration. Type. Code,0,1
Specified_ Declaration. Name. Text,0,unbounded
Specified_ Declaration. Description. Text,0,unbounded
Specified_ Declaration. Subject_ Type. Code,0,unbounded
Specified_ Declaration. Issue. Date Time,0,1
Specified_ Declaration. Assurance Level. Code,0,unbounded
Specified_ Declaration. Verified. Specified_ Object,0,unbounded
Specified_ Declaration. Issuer. Trade_ Party,0,unbounded
Specified_ Declaration. Associated. Referenced_ Standard,0,unbounded
Specified_ Direct Position List. Details,,
Specified_ Direct Position List. Coordinate. Text,0,1
Specified_ Direct Position List. Name. Text,0,1
Specified_ Direct Position List. Coordinate Reference Dimension. Text,0,unbounded
Specified_ Direct Position List. Axis_ Label List. Text,0,unbounded
Specified_ Direct Position List. UOM_ Label List. Text,0,unbounded
Specified_ Direct Position List. Count. Numeric,0,unbounded
Specified_ Direct Position. Details,,
Specified_ Direct Position. Name. Text,0,1
Specified_ Direct Position. Coordinate Reference Dimension. Text,0,unbounded
Specified_ Direct Position. Axis_ Label List. Text,0,unbounded
Specified_ Direct Position. UOM_ Label List. Text,0,unbounded
Specified_ Direct Position. Count. Numeric,0,unbounded
Specified_ Experience Item. Details,,
Specified_ Experience Item. Identification. Identifier,0,1
Specified_ Experience Item. Theme_ Type. Code,0,1
Specified_ Experience Item. Category. Code,0,1
Specified_ Experience Item. Status. Code,0,1
Specified_ Experience Item. Response_ Status. Code,0,1
Specified_ Experience Item. Theme. Text,0,unbounded
Specified_ Experience Item. Capability Level. Text,0,unbounded
Specified_ Experience Item. Description. Text,0,unbounded
Specified_ Experience Item. Name. Text,0,unbounded
Specified_ Experience Item. Brand_ Name. Text,0,unbounded
Specified_ Experience Item. Destination. Text,0,unbounded
Specified_ Experience Item. Reservation_ Guarantee. Text,0,unbounded
Specified_ Experience Item. Instruction. Text,0,unbounded
Specified_ Experience Item. Indemnity_ Clause. Text,0,unbounded
Specified_ Experience Item. Unit. Quantity,0,1
Specified_ Experience Item. Applicable Quantity Unit_ Type. Code,0,1
Specified_ Experience Item. Available_ Unit. Quantity,0,1
Specified_ Experience Item. Maximum_ Guest. Quantity,0,1
Specified_ Experience Item. Minimum_ Guest. Quantity,0,1
Specified_ Experience Item. Upper_ Price Limit. Amount,0,unbounded
Specified_ Experience Item. Lower_ Price Limit. Amount,0,unbounded
Specified_ Experience Item. Guest_ Special Care. Indicator,0,1
Specified_ Experience Item. Specified. Trade_ Party,0,unbounded
Specified_ Experience Item. Available. Experience_ Product,0,unbounded
Specified_ Experience Item. Available. Specified_ Period,0,unbounded
Specified_ Experience Item. Applicable. Specified_ Period,0,unbounded
Specified_ Experience Item. Visiting. Specified_ Period,0,unbounded
Specified_ Experience Item. Calculated. Trade_ Price,0,unbounded
Specified_ Experience Item. Specified. Experience_ Event,0,unbounded
Specified_ Fault. Details,,
Specified_ Fault. Type. Code,0,1
Specified_ Fault. Type. Text,0,unbounded
Specified_ Fault. Description. Text,0,unbounded
Specified_ Fault. Actual_ Specified. Quantity,0,1
Specified_ Fault. Actual_ Specified. Percent,0,1
Specified_ Fault. Estimated_ Specified. Percent,0,1
Specified_ Fault. Category. Code,0,1
Specified_ Fault. Classification. Code,0,1
Specified_ Fault. Operational_ Applicable. Specified_ Tolerance,0,unbounded
Specified_ Feature. Details,,
Specified_ Feature. Keyword_ Marketing Phrase. Text,0,unbounded
Specified_ Feature. Marketing Phrase. Text,0,unbounded
Specified_ Feature. Type. Code,0,1
Specified_ Feature. Objective. Text,0,unbounded
Specified_ Feature. Usage. Code,0,1
Specified_ Feature. Description. Text,0,unbounded
Specified_ Fuel. Details,,
Specified_ Fuel. Type. Code,0,1
Specified_ Fuel. Volume. Measure,0,unbounded
Specified_ Fuel. Weight. Measure,0,unbounded
Specified_ Fuel. Working_ Pressure. Measure,0,unbounded
Specified_ Geographical Coordinate. Details,,
Specified_ Geographical Coordinate. Altitude. Measure,0,1
Specified_ Geographical Coordinate. Latitude. Measure,0,1
Specified_ Geographical Coordinate. Longitude. Measure,0,1
Specified_ Geographical Coordinate. Latitude Direction. Indicator,0,1
Specified_ Geographical Coordinate. Longitude Direction. Indicator,0,1
Specified_ Geographical Coordinate. System. Identifier,0,1
Specified_ Geographical Feature. Details,,
Specified_ Geographical Feature. Description. Text,0,1
Specified_ Geographical Feature. Name. Text,0,1
Specified_ Geographical Feature. Coordinate Reference System. Identifier,0,1
Specified_ Geographical Feature. Identification. Identifier,0,1
Specified_ Geographical Feature. Collection. Indicator,0,1
Specified_ Geographical Feature. Included. Specified_ Geographical Point,0,1
Specified_ Geographical Feature. Included. Specified_ Geographical Line,0,1
Specified_ Geographical Feature. Included. Specified_ Geographical Surface,0,1
Specified_ Geographical Feature. Included. Specified_ Geographical Multi-Point,0,1
Specified_ Geographical Feature. Included. Specified_ Geographical Multi-Curve,0,1
Specified_ Geographical Feature. Included. Specified_ Geographical Multi-Surface,0,1
Specified_ Geographical Feature. Included. Specified_ Polygon,0,1
Specified_ Geographical Feature. Included. Specified_ Geographical Grid,0,1
Specified_ Geographical Feature. Used. CS Engineering_ Coordinate Reference System,0,1
Specified_ Geographical Feature. Used. Geographical_ Coordinate Source System,0,1
Specified_ Geographical Feature. Included. Specified_ Circle,0,unbounded
Specified_ Geographical Grid. Details,,
Specified_ Geographical Grid. Cell. Text,1,1
Specified_ Geographical Grid. Identification. Identifier,0,unbounded
Specified_ Geographical Grid. Offset Vector. Numeric,0,1
Specified_ Geographical Grid. Low_ Limit. Text,1,1
Specified_ Geographical Grid. High_ Limit. Text,1,1
Specified_ Geographical Grid. Dimension. Numeric,0,1
Specified_ Geographical Grid. Axis_ Name. Text,1,unbounded
Specified_ Geographical Grid. Origin_ Associated. Specified_ Direct Position List,1,1
Specified_ Geographical Grid. Associated. Specified_ Geographical Object Characteristic,1,1
Specified_ Geographical Grid. Specified. Crop_ Plot,0,unbounded
Specified_ Geographical Grid. Associated. Logistics_ Location,0,unbounded
Specified_ Geographical Line. Details,,
Specified_ Geographical Line. Associated. Specified_ Direct Position List,1,1
Specified_ Geographical Line. Associated. Specified_ Geographical Object Characteristic,1,1
Specified_ Geographical Line. Associated. Logistics_ Location,0,unbounded
Specified_ Geographical Multi-Curve. Details,,
Specified_ Geographical Multi-Curve. Associated. Specified_ Direct Position List,0,1
Specified_ Geographical Multi-Curve. Associated. Specified_ Geographical Object Characteristic,1,1
Specified_ Geographical Multi-Curve. Member. Specified_ Geographical Line,0,unbounded
Specified_ Geographical Multi-Point. Details,,
Specified_ Geographical Multi-Point. Associated. Specified_ Direct Position List,0,1
Specified_ Geographical Multi-Point. Associated. Specified_ Geographical Object Characteristic,1,1
Specified_ Geographical Multi-Point. Member. Specified_ Geographical Point,0,unbounded
Specified_ Geographical Multi-Surface. Details,,
Specified_ Geographical Multi-Surface. Associated. Specified_ Geographical Object Characteristic,1,1
Specified_ Geographical Multi-Surface. Included. Specified_ Polygon,0,unbounded
Specified_ Geographical Object Characteristic. Details,,
Specified_ Geographical Object Characteristic. Identification. Identifier,0,1
Specified_ Geographical Object Characteristic. Description. Text,0,1
Specified_ Geographical Object Characteristic. Description Reference. Text,0,1
Specified_ Geographical Object Characteristic. Name. Text,0,1
Specified_ Geographical Object Characteristic. Geometry Collection. Indicator,0,1
Specified_ Geographical Object Characteristic. Physical. Indicator,0,1
Specified_ Geographical Object Characteristic. Relevant Geometry Type. Text,0,1
Specified_ Geographical Object Characteristic. Shape Type. Text,0,1
Specified_ Geographical Point. Details,,
Specified_ Geographical Point. Associated. Specified_ Direct Position List,1,1
Specified_ Geographical Point. Associated. Specified_ Geographical Object Characteristic,1,1
Specified_ Geographical Point. Associated. Logistics_ Location,0,unbounded
Specified_ Geographical Surface. Details,,
Specified_ Geographical Surface. Associated. Specified_ Geographical Object Characteristic,0,1
Specified_ Geographical Surface. Included. Specified_ Polygon,0,1
Specified_ Guest Arrival. Details,,
Specified_ Guest Arrival. Transport Mode. Code,0,1
Specified_ Guest Arrival. Expected. Date Time,0,1
Specified_ Guest Arrival. Carrier_ Identification. Identifier,0,1
Specified_ Guest Arrival. Carrier_ Name. Text,0,unbounded
Specified_ Information Source. Details,,
Specified_ Information Source. Name. Text,0,unbounded
Specified_ Information Source. Category. Code,0,1
Specified_ Information Source. Content. Text,0,unbounded
Specified_ Information Source. Security_ Information. Text,0,unbounded
Specified_ Information Source. Website_ URI. Identifier,0,1
Specified_ Information Source. Description. Text,0,unbounded
Specified_ Inspection Result. Details,,
Specified_ Inspection Result. Identification. Identifier,0,unbounded
Specified_ Inspection Result. Statement. Text,0,unbounded
Specified_ Inspection Result. Status. Code,0,1
Specified_ Inspection Result. Inspection. Date Time,0,1
Specified_ Inspection Result. Approval. Date Time,0,1
Specified_ Inspection Result. Related_ Material Type. Text,0,unbounded
Specified_ Inspection Result. Related_ Product Type. Text,0,unbounded
Specified_ Inspection Result. General Characteristic. Text,0,unbounded
Specified_ Inspection Result. Shareable. Indicator,0,1
Specified_ Inspection Result. Specified. Inspection_ Reference,0,unbounded
Specified_ Inspection Result. Inspection. Trade_ Party,0,unbounded
Specified_ Inspection Result. Attached. Inspection_ Note,0,unbounded
Specified_ Inspection Result. Applicable. Specified_ Method,0,unbounded
Specified_ Inspection Result. Minimum Standard Value_ Applicable. Inspection Result_ Characteristic,0,unbounded
Specified_ Inspection Result. Maximum Standard Value_ Applicable. Inspection Result_ Characteristic,0,unbounded
Specified_ Inspection Result. Observed Value_ Applicable. Inspection Result_ Characteristic,0,unbounded
Specified_ Inspection Result. Expected Value_ Applicable. Inspection Result_ Characteristic,0,unbounded
Specified_ Inspection Result. Applicable. Inspection Result_ Characteristic,0,unbounded
Specified_ Inspection Result. Related. Inspection_ Instructions,0,unbounded
Specified_ Inspection Result. Inspection. Referenced_ Standard,0,unbounded
Specified_ Inspection Result. Outsourced_ Inspection. Trade_ Party,0,unbounded
Specified_ Inspection Result. Obtained. Conformance_ Certificate,0,unbounded
Specified_ Inspection Result. Obtained. Product_ Certificate,0,unbounded
Specified_ Inspection Result. Obtained. Process_ Certificate,0,unbounded
Specified_ Inspection Result. Obtained. Organizational_ Certificate,0,unbounded
Specified_ Inspection Result. Obtained. Sustainability_ Assertion,0,unbounded
Specified_ Inspection Result. Applicable. Corrective_ Action,0,unbounded
Specified_ Inspection Result. Applicable. Preventive_ Action,0,unbounded
Specified_ Inspection Result. Applicable. Specified_ Action,0,unbounded
Specified_ Inspection Result. Attached. Specified_ Binary File,0,unbounded
Specified_ Inspection Result. Laboratory. Sample_ Observation Result,0,unbounded
Specified_ Inspection Result. Related. Specified_ Assessment,0,unbounded
Specified_ Inspection Result. Obtained. Specified_ Certificate,0,unbounded
Specified_ Inspection. Details,,
Specified_ Inspection. Description. Text,0,unbounded
Specified_ Inspection. Identification. Identifier,0,1
Specified_ Inspection. Type. Code,0,1
Specified_ Inspection. Name. Text,0,1
Specified_ Inspection. Outsourced. Indicator,0,1
Specified_ Inspection. Execution. Trade_ Party,0,1
Specified_ Inspection. Execution. Inspection_ Person,0,1
Specified_ Inspection. Specified. Inspection_ Event,0,unbounded
Specified_ Inspection. Specified. Inspection_ Status,0,1
Specified_ Inspection. Reported. Specified_ Inspection Result,0,1
Specified_ Inspection. Specified. Referenced_ Document,0,unbounded
Specified_ Inspection. Attached. Specified_ Binary File,0,unbounded
Specified_ Licence. Details,,
Specified_ Licence. Identification. Identifier,0,unbounded
Specified_ Licence. Type. Code,0,unbounded
Specified_ Licence. Name. Text,0,unbounded
Specified_ Licence. Description. Text,0,unbounded
Specified_ Licence. Subject_ Type. Code,0,unbounded
Specified_ Licence. Issue. Date Time,0,unbounded
Specified_ Licence. Expiry. Date Time,0,unbounded
Specified_ Licence. Valid. Indicator,0,1
Specified_ Licence. Assurance Level. Code,0,unbounded
Specified_ Licence. Verified. Specified_ Object,0,unbounded
Specified_ Licence. Issuer. Trade_ Party,0,1
Specified_ Licence. Granted. Trade_ Party,0,unbounded
Specified_ Licence. Associated. Referenced_ Standard,0,unbounded
Specified_ Linear Ring. Details,,
Specified_ Linear Ring. Coordinate. Text,0,unbounded
Specified_ Linear Ring. Coordinate. Specified_ Direct Position,0,1
Specified_ Linear Ring. Specified. FLUX_ Geographical Coordinate,0,unbounded
Specified_ Linear Ring. Associated. Specified_ Geographical Object Characteristic,0,1
Specified_ Location. Details,,
Specified_ Location. Type. Code,0,1
Specified_ Location. Geopolitical Region. Code,0,1
Specified_ Location. Geopolitical Region Name. Text,0,1
Specified_ Location. Description. Text,0,unbounded
Specified_ Location. Name. Text,0,unbounded
Specified_ Location. Directions. Text,0,unbounded
Specified_ Location. Map_ URI. Identifier,0,1
Specified_ Location. Specified. Administrative_ Country Sub-Division,0,unbounded
Specified_ Location. Specified. Agronomical Observation_ Plot,0,unbounded
Specified_ Location. Specified. Agricultural_ Area,0,unbounded
Specified_ Location. Specified. Trade_ Address,0,unbounded
Specified_ Marketplace. Details,,
Specified_ Marketplace. Identification. Identifier,0,1
Specified_ Marketplace. Name. Text,0,1
Specified_ Marketplace. Virtual. Indicator,0,1
Specified_ Marketplace. Website_ URI. Identifier,0,unbounded
Specified_ Marketplace. Sales Method. Code,0,1
Specified_ Marketplace. Ordering. Available_ Period,0,unbounded
Specified_ Material. Details,,
Specified_ Material. Identification. Identifier,0,unbounded
Specified_ Material. Classification. Identifier,0,unbounded
Specified_ Material. Name. Text,0,1
Specified_ Material. Type. Code,0,1
Specified_ Material. Description. Text,0,unbounded
Specified_ Material. Description. Code,0,1
Specified_ Material. Information. Text,0,unbounded
Specified_ Material. Weight. Measure,0,unbounded
Specified_ Material. Mass. Measure,0,unbounded
Specified_ Material. Mass Ratio. Measure,0,unbounded
Specified_ Material. Volume. Measure,0,unbounded
Specified_ Material. Volume Ratio. Measure,0,unbounded
Specified_ Material. Applicable. Quantity,0,1
Specified_ Material. Presence. Percent,0,1
Specified_ Material. Status. Code,0,1
Specified_ Material. Manufacturer. Trade_ Party,0,unbounded
Specified_ Material. Applicable. Material_ Goods Characteristic,0,unbounded
Specified_ Material. Component. Specified_ Material,0,unbounded
Specified_ Material. Used. Distinct_ Chemical,0,unbounded
Specified_ Material. Specified. Referenced_ Location,0,unbounded
Specified_ Material. Applicable. Product_ Characteristic,0,unbounded
Specified_ Material. Applicable. Sustainability_ Characteristic,0,unbounded
Specified_ Material. Applicable. Trade Product_ Certification,0,unbounded
Specified_ Material. Applicable. Product_ Certificate,0,unbounded
Specified_ Material. Applicable. Waste Material Recovery Disposal_ Process,0,unbounded
Specified_ Material. Applicable. Specified_ Certificate,0,unbounded
Specified_ Material. Applicable. Specified_ Assessment,0,unbounded
Specified_ Membership. Details,,
Specified_ Membership. Name. Text,0,unbounded
Specified_ Membership. Identification. Identifier,0,1
Specified_ Membership. Start. Date Time,0,1
Specified_ Membership. End. Date Time,0,1
Specified_ Membership. Description. Text,0,unbounded
Specified_ Method. Details,,
Specified_ Method. Identification. Identifier,0,unbounded
Specified_ Method. Name. Text,0,1
Specified_ Method. Obligatory_ Type. Code,0,1
Specified_ Method. Standard_ Type. Code,0,1
Specified_ Method. Local_ Type. Code,0,1
Specified_ Method. External Reference. Text,0,unbounded
Specified_ Method. Information. Text,0,unbounded
Specified_ Method. Measurement. Code,0,1
Specified_ Method. Certification_ Type. Code,0,1
Specified_ Method. Certification_ Identification. Identifier,0,unbounded
Specified_ Method. Used_ Technology. Code,0,1
Specified_ Method. Applicable. Specified_ Parameter,0,unbounded
Specified_ Note. Details,,
Specified_ Note. Subject. Text,0,unbounded
Specified_ Note. Subject. Code,0,1
Specified_ Note. Creation. Date Time,0,1
Specified_ Note. Identification. Identifier,0,1
Specified_ Note. Description. Text,0,unbounded
Specified_ Note. Name. Text,0,unbounded
Specified_ Note. Content. Text,0,unbounded
Specified_ Object. Details,,
Specified_ Object. Identification. Identifier,0,1
Specified_ Object. Type. Code,0,1
Specified_ Object. Type. Text,0,unbounded
Specified_ Object. Category. Code,0,1
Specified_ Object. Category. Text,0,unbounded
Specified_ Object. Remark. Text,0,unbounded
Specified_ Observation. Details,,
Specified_ Observation. Identification. Identifier,0,1
Specified_ Observation. Description. Text,0,1
Specified_ Observation. Related. Specified_ Binary File,0,unbounded
Specified_ Observation. Applicable. Note,0,unbounded
Specified_ Parameter. Details,,
Specified_ Parameter. Identification. Identifier,0,1
Specified_ Parameter. Type. Code,0,1
Specified_ Parameter. Type. Text,0,unbounded
Specified_ Parameter. Description. Text,0,unbounded
Specified_ Parameter. Name. Text,0,1
Specified_ Parameter. Value. Text,0,1
Specified_ Parameter. Value. Measure,0,unbounded
Specified_ Parameter. Value Allowed. Indicator,0,1
Specified_ Parameter. Status. Code,0,1
Specified_ Parameter. Status_ Value. Measure,0,unbounded
Specified_ Parameter. Value. Specified_ Tolerance,0,unbounded
Specified_ Party. Details,,
Specified_ Party. Identification. Identifier,0,1
Specified_ Party. Name. Text,0,1
Specified_ Party. Country. Identifier,0,1
Specified_ Party. Defined. Party_ Contact,0,1
Specified_ Party. Office. Unstructured_ Address,0,1
Specified_ Party. Specified. Structured_ Address,0,unbounded
Specified_ Party. Telephone. Specified_ Communication,0,unbounded
Specified_ Party. URI. Specified_ Communication,0,unbounded
Specified_ Party. Specified. Operator_ Person,0,unbounded
Specified_ Period. Details,,
Specified_ Period. Duration. Measure,0,unbounded
Specified_ Period. Inclusive. Indicator,0,1
Specified_ Period. Description. Text,0,unbounded
Specified_ Period. Start. Date Time,0,1
Specified_ Period. End. Date Time,0,1
Specified_ Period. Complete. Date Time,0,1
Specified_ Period. Open. Indicator,0,1
Specified_ Period. Season. Code,0,1
Specified_ Period. Identification. Identifier,0,1
Specified_ Period. Name. Text,0,unbounded
Specified_ Period. Sequence. Numeric,0,unbounded
Specified_ Period. Start Date Flexibility. Code,0,1
Specified_ Period. Continuous. Indicator,0,1
Specified_ Period. Purpose. Code,0,1
Specified_ Period. Night. Quantity,0,1
Specified_ Period. Type. Code,0,1
Specified_ Period. Start_ Day Of Week. Code,0,1
Specified_ Period. End_ Day Of Week. Code,0,1
Specified_ Period. Day. Quantity,0,1
Specified_ Period. Duration. Text,0,unbounded
Specified_ Period. Minimum_ Duration. Measure,0,1
Specified_ Period. Maximum_ Duration. Measure,0,1
Specified_ Personal Effects. Details,,
Specified_ Personal Effects. Sequence. Numeric,0,unbounded
Specified_ Personal Effects. Description. Text,0,unbounded
Specified_ Personal Effects. Type. Code,0,unbounded
Specified_ Personal Effects. Onboard. Quantity,0,unbounded
Specified_ Polygon. Details,,
Specified_ Polygon. Interior. Specified_ Linear Ring,0,unbounded
Specified_ Polygon. Exterior. Specified_ Linear Ring,1,1
Specified_ Polygon. Associated. Specified_ Geographical Object Characteristic,0,1
Specified_ Polygon. Associated. Logistics_ Location,0,unbounded
Specified_ Preference. Details,,
Specified_ Preference. Priority Ranking. Numeric,0,1
Specified_ Preference. Preferred. Indicator,0,1
Specified_ Preference. Unavailable. Specified_ Period,0,1
Specified_ Preference. Available. Specified_ Period,0,1
Specified_ Product Finishing Treatment. Details,,
Specified_ Product Finishing Treatment. Identification. Identifier,0,unbounded
Specified_ Product Finishing Treatment. Description. Text,0,unbounded
Specified_ Product Finishing Treatment. Type. Code,0,1
Specified_ Product Finishing Treatment. Used. Specified_ Material,0,unbounded
Specified_ Product Finishing Treatment. Applicable. Process_ Certificate,0,unbounded
Specified_ Product Finishing Treatment. Applicable. Sustainability_ Characteristic,0,unbounded
Specified_ Production Cycle. Details,,
Specified_ Production Cycle. Identification. Identifier,0,unbounded
Specified_ Production Cycle. Name. Text,0,1
Specified_ Production Cycle. Sequence. Numeric,0,1
Specified_ Production Cycle. Start. Date Time,0,1
Specified_ Production Cycle. End. Date Time,0,1
Specified_ Production Cycle. Production_ Year. Date Time,0,1
Specified_ Production Cycle. Applicable. Production_ Process,0,unbounded
Specified_ Production Cycle. Process_ Specified. Referenced_ Document,0,unbounded
Specified_ Production Cycle. Related. Specified_ Binary File,0,unbounded
Specified_ Production Device. Details,,
Specified_ Production Device. Identification. Identifier,0,unbounded
Specified_ Production Device. Type. Code,0,1
Specified_ Production Device. Subordinate_ Type. Code,0,1
Specified_ Production Device. Function_ Description. Text,0,unbounded
Specified_ Production Device. Input_ Capacity. Measure,0,unbounded
Specified_ Production Device. Output_ Capacity. Measure,0,unbounded
Specified_ Production Device. Type. Text,0,unbounded
Specified_ Production Device. Input_ Applicable. Trade_ Product,0,unbounded
Specified_ Production Device. Input_ Applicable. Product_ Batch,0,unbounded
Specified_ Production Device. Input_ Applicable. Specified_ Material,0,unbounded
Specified_ Production Device. Output_ Applicable. Trade_ Product,0,unbounded
Specified_ Production Device. Output_ Applicable. Product_ Batch,0,unbounded
Specified_ Production Device. Output_ Applicable. Specified_ Material,0,unbounded
Specified_ Production Device. Applicable. Specified_ Parameter,0,unbounded
Specified_ Production Device. Requested Operational_ Applicable. Specified_ Parameter,0,unbounded
Specified_ Production Device. Combined. Specified_ Production Device,0,unbounded
Specified_ Production Device. Combined. Production_ Machine,0,unbounded
Specified_ Production Device. Specified. Facility_ Production Unit,0,unbounded
Specified_ Production Device. Specified. Referenced_ Location,0,unbounded
Specified_ Production Device. Reporting_ IOT Device. Supply Chain_ Event,0,unbounded
Specified_ Programme. Details,,
Specified_ Programme. Identification. Identifier,1,1
Specified_ Programme. Name. Text,0,1
Specified_ Programme. Type. Code,0,unbounded
Specified_ Programme. Description. Text,0,1
Specified_ Programme. Sponsor Name. Text,0,unbounded
Specified_ Qualification. Details,,
Specified_ Qualification. Name. Text,1,1
Specified_ Radioactive Isotope. Details,,
Specified_ Radioactive Isotope. Name. Text,0,unbounded
Specified_ Radioactive Isotope. Activity Level. Measure,0,unbounded
Specified_ Radioactive Isotope. Note. Text,0,unbounded
Specified_ Radioactive Isotope. Specified. Radioactive_ Radionuclide,0,unbounded
Specified_ Range. Details,,
Specified_ Range. Type. Code,0,1
Specified_ Range. Start. Identifier,0,1
Specified_ Range. End. Identifier,0,1
Specified_ Range. Minimum Value. Measure,0,1
Specified_ Range. Maximum Value. Measure,0,1
Specified_ Range. Total Item. Quantity,0,1
Specified_ Range. Value. Code,0,unbounded
Specified_ Range. Value. Text,0,unbounded
Specified_ Range. Value Base_ System. Code,0,1
Specified_ Requirement. Details,,
Specified_ Requirement. Type. Code,0,1
Specified_ Requirement. Rule. Text,0,unbounded
Specified_ Requirement. Description. Text,0,unbounded
Specified_ Requirement. Specified. Payment_ Trade Settlement,0,1
Specified_ Requirement. Specifying. Trade_ Party,0,1
Specified_ Route. Details,,
Specified_ Route. Map_ URI. Identifier,0,1
Specified_ Route. Departure Point. Text,0,unbounded
Specified_ Route. Transport Means. Text,0,unbounded
Specified_ Route. Distance. Measure,0,1
Specified_ Route. Security Level. Code,0,1
Specified_ Route. Type. Text,0,unbounded
Specified_ Route. Status. Code,0,1
Specified_ Route. Description. Text,0,unbounded
Specified_ Service Option. Details,,
Specified_ Service Option. Type. Code,1,1
Specified_ Service Option. Name. Text,1,1
Specified_ Service Option. Maximum_ Availability. Text,0,1
Specified_ Service Option. Published_ Price. Text,0,1
Specified_ Service Option. Description. Text,0,1
Specified_ Service Option. Applicable. Lodging House_ Usage Condition,0,unbounded
Specified_ Service Option. Operating. Specified_ Period,0,unbounded
Specified_ Service Option. Actual. Lodging House_ Picture,0,unbounded
Specified_ Soil Supplement. Details,,
Specified_ Soil Supplement. Type. Code,0,1
Specified_ Soil Supplement. Application. Date Time,0,1
Specified_ Soil Supplement. Weight. Measure,0,1
Specified_ Soil Supplement. Supplier. Crop Data Sheet_ Party,0,1
Specified_ Temperature. Details,,
Specified_ Temperature. Value. Measure,0,1
Specified_ Temperature. Minimum_ Value. Measure,0,1
Specified_ Temperature. Maximum_ Value. Measure,0,1
Specified_ Tolerance. Details,,
Specified_ Tolerance. Information. Text,0,unbounded
Specified_ Tolerance. Minus_ Value. Quantity,0,1
Specified_ Tolerance. Surplus_ Value. Quantity,0,1
Specified_ Tolerance. Minus_ Value. Percent,0,1
Specified_ Tolerance. Surplus_ Value. Percent,0,1
Specified_ Tolerance. Margin_ Value. Numeric,0,1
Specified_ Tolerance. Margin_ Value. Percent,0,1
Specified_ Usage Condition. Details,,
Specified_ Usage Condition. Age Limitation. Text,0,unbounded
Specified_ Usage Condition. Gender Limitation. Text,0,unbounded
Specified_ Usage Condition. Appropriate Clothing. Text,0,unbounded
Specified_ Usage Condition. Occupancy. Text,0,unbounded
Specified_ Usage Condition. Duration. Text,0,unbounded
Specified_ Usage Condition. Description. Text,0,unbounded
Specified_ Usage Condition. Requiring. Trade_ Party,0,unbounded
SPS Acknowledgement_ Document. Details,,
SPS Acknowledgement_ Document. Issue. Date Time,1,1
SPS Acknowledgement_ Document. Status. Code,1,1
SPS Acknowledgement_ Document. Reason_ Information. Text,0,unbounded
SPS Acknowledgement_ Document. Reference. SPS Referenced_ Document,1,unbounded
SPS Exchanged_ Document. Details,,
SPS Exchanged_ Document. Name. Text,1,unbounded
SPS Exchanged_ Document. Identification. Identifier,1,1
SPS Exchanged_ Document. Description. Text,0,unbounded
SPS Exchanged_ Document. Type. Code,1,1
SPS Exchanged_ Document. Status. Code,1,1
SPS Exchanged_ Document. Issue. Date Time,1,1
SPS Exchanged_ Document. Copy. Indicator,0,1
SPS Exchanged_ Document. Issuer. SPS_ Party,0,1
SPS Exchanged_ Document. Recipient. SPS_ Party,0,unbounded
SPS Exchanged_ Document. Included. SPS_ Note,0,unbounded
SPS Exchanged_ Document. Reference. SPS Referenced_ Document,0,unbounded
SPS Exchanged_ Document. Signatory. SPS_ Authentication,1,unbounded
SPS Process_ Characteristic. Details,,
SPS Process_ Characteristic. Type. Code,0,1
SPS Process_ Characteristic. Description. Text,1,unbounded
SPS Process_ Characteristic. Value. Measure,0,1
SPS Process_ Characteristic. Minimum_ Value. Measure,0,1
SPS Process_ Characteristic. Maximum_ Value. Measure,0,1
SPS Referenced_ Document. Details,,
SPS Referenced_ Document. Issue. Date Time,0,1
SPS Referenced_ Document. Type. Code,0,1
SPS Referenced_ Document. Relationship Type. Code,1,1
SPS Referenced_ Document. Identification. Identifier,1,1
SPS Referenced_ Document. Attachment. Binary Object,0,unbounded
SPS Referenced_ Document. Information. Text,0,1
SPS_ Address. Details,,
SPS_ Address. Postcode. Code,0,1
SPS_ Address. Line One. Text,0,1
SPS_ Address. Line Two. Text,0,1
SPS_ Address. Line Three. Text,0,1
SPS_ Address. Line Four. Text,0,1
SPS_ Address. Line Five. Text,0,1
SPS_ Address. City Name. Text,0,1
SPS_ Address. Country. Identifier,0,1
SPS_ Address. Type. Code,0,1
SPS_ Address. Country Name. Text,0,1
SPS_ Address. Country Sub-Division. Identifier,0,1
SPS_ Address. Country Sub-Division Name. Text,0,1
SPS_ Address. City. Identifier,0,1
SPS_ Authentication. Details,,
SPS_ Authentication. Type. Code,0,1
SPS_ Authentication. Actual. Date Time,1,1
SPS_ Authentication. Issue. SPS_ Location,0,1
SPS_ Authentication. Provider. SPS_ Party,1,1
SPS_ Authentication. Location Provider. SPS_ Party,0,1
SPS_ Authentication. Included. SPS_ Clause,1,unbounded
SPS_ Cargo. Details,,
SPS_ Cargo. Type. Code,1,1
SPS_ Classification. Details,,
SPS_ Classification. System. Identifier,0,1
SPS_ Classification. System Name. Text,1,unbounded
SPS_ Classification. Class. Code,0,1
SPS_ Classification. Class Name. Text,1,unbounded
SPS_ Clause. Details,,
SPS_ Clause. Identification. Identifier,0,1
SPS_ Clause. Content. Text,1,unbounded
SPS_ Consignment Item. Details,,
SPS_ Consignment Item. Nature Identification. SPS_ Cargo,0,unbounded
SPS_ Consignment Item. Included. SPS_ Trade Line Item,1,unbounded
SPS_ Consignment. Details,,
SPS_ Consignment. Identification. Identifier,0,1
SPS_ Consignment. Availability Due. Date Time,0,1
SPS_ Consignment. Export Exit. Date Time,0,1
SPS_ Consignment. Ship Stores. Indicator,0,1
SPS_ Consignment. Consignor. SPS_ Party,1,1
SPS_ Consignment. Consignee. SPS_ Party,1,1
SPS_ Consignment. Export. SPS_ Country,1,1
SPS_ Consignment. Re-Export. SPS_ Country,0,unbounded
SPS_ Consignment. Storage. SPS_ Event,0,unbounded
SPS_ Consignment. Loading Baseport. SPS_ Location,0,1
SPS_ Consignment. Import. SPS_ Country,1,1
SPS_ Consignment. Consignee Receipt. SPS_ Location,0,1
SPS_ Consignment. Transit. SPS_ Country,0,unbounded
SPS_ Consignment. Transit. SPS_ Location,0,unbounded
SPS_ Consignment. Unloading Baseport. SPS_ Location,0,1
SPS_ Consignment. Examination. SPS_ Event,1,1
SPS_ Consignment. Carrier. SPS_ Party,0,1
SPS_ Consignment. Despatch. SPS_ Party,0,1
SPS_ Consignment. Delivery. SPS_ Party,0,1
SPS_ Consignment. Customs Transit Agent. SPS_ Party,0,1
SPS_ Consignment. Main Carriage. SPS_ Transport Movement,0,unbounded
SPS_ Consignment. Utilized. SPS_ Transport Equipment,0,unbounded
SPS_ Consignment. Included. SPS_ Consignment Item,1,unbounded
SPS_ Contact. Details,,
SPS_ Contact. Person Name. Text,1,1
SPS_ Country Sub-Division. Details,,
SPS_ Country Sub-Division. Identification. Identifier,0,1
SPS_ Country Sub-Division. Name. Text,1,unbounded
SPS_ Country Sub-Division. Hierarchical Level. Code,1,1
SPS_ Country Sub-Division. Function_ Type. Code,0,1
SPS_ Country Sub-Division. Superordinate. SPS_ Country Sub-Division,0,unbounded
SPS_ Country Sub-Division. Subordinate. SPS_ Country Sub-Division,0,unbounded
SPS_ Country Sub-Division. Activity_ Authorized. SPS_ Party,0,unbounded
SPS_ Country. Details,,
SPS_ Country. Identification. Identifier,1,1
SPS_ Country. Name. Text,1,unbounded
SPS_ Country. Subordinate. SPS_ Country Sub-Division,0,unbounded
SPS_ Event. Details,,
SPS_ Event. Occurrence. SPS_ Location,1,1
SPS_ Location. Details,,
SPS_ Location. Identification. Identifier,0,1
SPS_ Location. Name. Text,1,unbounded
SPS_ Note. Details,,
SPS_ Note. Subject. Text,0,1
SPS_ Note. Content. Code,0,unbounded
SPS_ Note. Content. Text,1,unbounded
SPS_ Note. Subject. Code,0,1
SPS_ Package. Details,,
SPS_ Package. Level. Code,1,1
SPS_ Package. Type. Code,1,1
SPS_ Package. Item. Quantity,1,1
SPS_ Package. Nominal_ Gross Weight. Measure,0,1
SPS_ Package. Nominal_ Gross Volume. Measure,0,1
SPS_ Package. Physical. SPS_ Shipping Marks,0,unbounded
SPS_ Party. Details,,
SPS_ Party. Identification. Identifier,0,1
SPS_ Party. Name. Text,1,1
SPS_ Party. Role. Code,0,1
SPS_ Party. Type. Code,0,unbounded
SPS_ Party. Specified. SPS_ Address,0,1
SPS_ Party. Defined. SPS_ Contact,0,unbounded
SPS_ Party. Specified. SPS_ Person,0,1
SPS_ Period. Details,,
SPS_ Period. Start. Date Time,1,1
SPS_ Period. End. Date Time,0,1
SPS_ Period. Duration. Measure,0,1
SPS_ Person. Details,,
SPS_ Person. Name. Text,1,1
SPS_ Person. Attained. SPS_ Qualification,0,unbounded
SPS_ Process. Details,,
SPS_ Process. Type. Code,1,1
SPS_ Process. Completion. SPS_ Period,0,1
SPS_ Process. Applicable. SPS Process_ Characteristic,0,unbounded
SPS_ Process. Operation. SPS_ Country,0,1
SPS_ Process. Operator. SPS_ Party,0,1
SPS_ Qualification. Details,,
SPS_ Qualification. Name. Text,1,unbounded
SPS_ Qualification. Abbreviated Name. Text,0,1
SPS_ Seal. Details,,
SPS_ Seal. Identification. Identifier,1,1
SPS_ Seal. Maximum_ Identification. Identifier,0,1
SPS_ Seal. Issuing. SPS_ Party,0,1
SPS_ Shipping Marks. Details,,
SPS_ Shipping Marks. Marking. Text,1,1
SPS_ Temperature. Details,,
SPS_ Temperature. Value. Measure,0,1
SPS_ Temperature. Minimum_ Value. Measure,0,1
SPS_ Temperature. Maximum_ Value. Measure,0,1
SPS_ Temperature. Type. Code,0,1
SPS_ Trade Line Item. Details,,
SPS_ Trade Line Item. Sequence. Numeric,1,1
SPS_ Trade Line Item. Description. Text,1,unbounded
SPS_ Trade Line Item. Common_ Name. Text,0,unbounded
SPS_ Trade Line Item. Scientific_ Name. Text,0,unbounded
SPS_ Trade Line Item. Production Batch. Identifier,0,unbounded
SPS_ Trade Line Item. Intended_ Use. Text,0,unbounded
SPS_ Trade Line Item. Expiry. Date Time,0,unbounded
SPS_ Trade Line Item. Net Weight. Measure,0,1
SPS_ Trade Line Item. Gross Weight. Measure,0,1
SPS_ Trade Line Item. Net Volume. Measure,0,1
SPS_ Trade Line Item. Gross Volume. Measure,0,1
SPS_ Trade Line Item. Additional Information. SPS_ Note,0,unbounded
SPS_ Trade Line Item. Applicable. SPS_ Classification,0,unbounded
SPS_ Trade Line Item. Physical. SPS_ Package,0,unbounded
SPS_ Trade Line Item. Associated. SPS_ Transport Equipment,0,unbounded
SPS_ Trade Line Item. Origin. SPS_ Country,0,unbounded
SPS_ Trade Line Item. Origin. SPS_ Location,0,unbounded
SPS_ Trade Line Item. Applied. SPS_ Process,0,unbounded
SPS_ Trade Line Item. Asserted. SPS_ Authentication,0,unbounded
SPS_ Trade Line Item. Reference. SPS Referenced_ Document,0,unbounded
SPS_ Transport Equipment. Details,,
SPS_ Transport Equipment. Identification. Identifier,1,1
SPS_ Transport Equipment. Affixed. SPS_ Seal,0,unbounded
SPS_ Transport Equipment. Setting. SPS_ Temperature,0,unbounded
SPS_ Transport Means. Details,,
SPS_ Transport Means. Name. Text,1,1
SPS_ Transport Movement. Details,,
SPS_ Transport Movement. Identification. Identifier,0,1
SPS_ Transport Movement. Mode. Code,1,1
SPS_ Transport Movement. Used. SPS_ Transport Means,0,1
Standard Report_ Document. Details,,
Standard Report_ Document. Creation. Date Time,0,1
Standard Report_ Document. Description. Text,0,1
Standard Report_ Document. Security_ Type. Code,0,1
Standard Report_ Document. Effective. Base_ Period,0,1
Standard Report_ Document. Owner. Project_ Party,0,1
Stores Item_ Inventory. Details,,
Stores Item_ Inventory. Sequence. Numeric,0,unbounded
Stores Item_ Inventory. Type. Code,0,unbounded
Stores Item_ Inventory. Description. Text,0,unbounded
Stores Item_ Inventory. Onboard. Quantity,0,unbounded
Stores Item_ Inventory. Specified. Logistics_ Location,0,unbounded
Structured_ Address. Details,,
Structured_ Address. Identification. Identifier,0,1
Structured_ Address. Postcode. Code,0,1
Structured_ Address. Building Name. Text,0,1
Structured_ Address. Street Name. Text,0,1
Structured_ Address. City Name. Text,0,1
Structured_ Address. Country. Identifier,0,1
Structured_ Address. City Sub-Division Name. Text,0,1
Structured_ Address. Country Name. Text,0,1
Structured_ Address. Country Sub-Division Name. Text,0,1
Structured_ Address. Block Name. Text,0,1
Structured_ Address. Plot Identification. Text,0,1
Structured_ Address. Post Office Box. Text,0,1
Structured_ Address. Building Number. Text,0,1
Structured_ Address. Staircase Number. Text,0,1
Structured_ Address. Floor Identification. Text,0,1
Structured_ Address. Room Identification. Text,0,1
Structured_ Address. Postal Area. Text,0,1
Structured_ Address. Postcode. Text,0,1
Subject_ Classification. Details,,
Subject_ Classification. System. Identifier,0,1
Subject_ Classification. System Name. Text,0,unbounded
Subject_ Classification. Class. Code,0,1
Subject_ Classification. Class Name. Text,0,unbounded
Subordinate Line_ Trade Agreement. Details,,
Subordinate Line_ Trade Agreement. Seller_ Order. Referenced_ Document,0,1
Subordinate Line_ Trade Agreement. Buyer_ Order. Referenced_ Document,0,unbounded
Subordinate Line_ Trade Agreement. Additional. Referenced_ Document,0,unbounded
Subordinate Line_ Trade Agreement. Gross Price_ Product. Trade_ Price,0,unbounded
Subordinate Line_ Trade Agreement. Net Price_ Product. Trade_ Price,0,unbounded
Subordinate Line_ Trade Delivery. Details,,
Subordinate Line_ Trade Delivery. Package. Quantity,0,1
Subordinate Line_ Trade Delivery. Product_ Unit. Quantity,0,1
Subordinate Line_ Trade Delivery. Per Package_ Unit. Quantity,0,1
Subordinate Line_ Trade Delivery. Billed. Quantity,0,unbounded
Subordinate Line_ Trade Delivery. Included. Supply Chain_ Packaging,0,unbounded
Subordinate Line_ Trade Delivery. Actual_ Delivery. Supply Chain_ Event,0,unbounded
Subordinate Line_ Trade Settlement. Details,,
Subordinate Line_ Trade Settlement. Amount_ Direction. Code,0,1
Subordinate Line_ Trade Settlement. Applicable. Trade_ Tax,0,unbounded
Subordinate Line_ Trade Settlement. Invoice_ Referenced. Referenced_ Document,0,unbounded
Subordinate Line_ Trade Settlement. Specified. Financial_ Adjustment,0,unbounded
Subordinate Line_ Trade Settlement. Specified. Trade_ Allowance Charge,0,unbounded
Subordinate Line_ Trade Settlement. Billing. Specified_ Period,0,1
Subordinate Line_ Trade Settlement. Purchase_ Specified. Trade_ Accounting Account,0,unbounded
Subordinate Subordinate_ Location. Details,,
Subordinate Subordinate_ Location. Identification. Identifier,0,1
Subordinate Subordinate_ Location. Name. Text,0,1
Subordinate Subordinate_ Location. Type. Code,0,1
Subordinate Subordinate_ Location. Physical. Geographical Coordinate,0,1
Subordinate_ Business Type. Details,,
Subordinate_ Business Type. Classification. Code,1,1
Subordinate_ Business Type. Registration. Indicator,1,1
Subordinate_ Business Type. Preference Order. Numeric,1,1
Subordinate_ Location. Details,,
Subordinate_ Location. Identification. Identifier,0,1
Subordinate_ Location. Name. Text,0,1
Subordinate_ Location. Type. Code,0,1
Subordinate_ Location. Physical. Geographical Coordinate,0,1
Subordinate_ Location. Subordinate. Subordinate Subordinate_ Location,0,1
Subordinate_ Trade Line Item. Details,,
Subordinate_ Trade Line Item. Identification. Identifier,0,unbounded
Subordinate_ Trade Line Item. Type. Code,0,1
Subordinate_ Trade Line Item. Type Extension. Code,0,unbounded
Subordinate_ Trade Line Item. Response Reason. Code,0,1
Subordinate_ Trade Line Item. Category. Code,0,1
Subordinate_ Trade Line Item. Requested_ Response Type. Code,0,1
Subordinate_ Trade Line Item. Specified. Referenced_ Product,0,1
Subordinate_ Trade Line Item. Applicable. Trade_ Product,0,unbounded
Subordinate_ Trade Line Item. Specified. Supply Chain_ Trade Agreement,0,1
Subordinate_ Trade Line Item. Specified. Supply Chain_ Trade Delivery,0,1
Subordinate_ Trade Line Item. Specified. Supply Chain_ Trade Settlement,0,1
Subordinate_ Trade Line Item. Specified. Subordinate Line_ Trade Agreement,0,1
Subordinate_ Trade Line Item. Specified. Subordinate Line_ Trade Delivery,0,1
Subordinate_ Trade Line Item. Specified. Subordinate Line_ Trade Settlement,0,unbounded
Subordinate_ Trade Line Item. Included. Note,0,unbounded
Summary_ Document. Details,,
Summary_ Document. Description. Text,0,1
Summary_ Document. Identification. Identifier,0,1
Summary_ Document. Name. Text,0,1
Summary_ Document. Status. Code,0,1
Summary_ Document. Type. Code,0,1
Summary_ Document. Information. Text,0,1
Supplemental_ Service. Details,,
Supplemental_ Service. Identification. Identifier,1,1
Supplemental_ Service. Description. Text,0,1
Supplemental_ Service. Name. Text,0,1
Supplemental_ Service. Specific. Specified_ Service Option,0,unbounded
Supplier Accountant_ Party. Details,,
Supplier Accountant_ Party. Primary_ Identification. Identifier,1,1
Supplier Accountant_ Party. Additional_ Identification. Identifier,0,unbounded
Supplier Accountant_ Party. Tax_ Identification. Identifier,0,unbounded
Supplier Accountant_ Party. Name. Text,0,1
Supplier Accountant_ Party. Postal. Structured_ Address,0,1
Supplier Accountant_ Party. Postal. Unstructured_ Address,0,1
Supplier Accountant_ Party. Postal. Post Box_ Address,0,1
Supplier Accountant_ Party. Defined. Trade_ Contact,0,unbounded
Supplier_ Factory. Details,,
Supplier_ Factory. Name. Text,0,1
Supplier_ Factory. Postal. Tendering_ Address,0,1
Supplier_ Factory. Designated. Tendering_ Contact,0,unbounded
Supplier_ Party. Details,,
Supplier_ Party. Primary_ Identification. Identifier,1,1
Supplier_ Party. Additional_ Identification. Identifier,0,unbounded
Supplier_ Party. Tax_ Identification. Identifier,0,unbounded
Supplier_ Party. Name. Text,0,1
Supplier_ Party. Postal. Structured_ Address,0,1
Supplier_ Party. Postal. Unstructured_ Address,0,1
Supplier_ Party. Postal. Post Box_ Address,0,1
Supplier_ Party. Defined. Trade_ Contact,0,unbounded
Supply Chain_ Consignment Item. Details,,
Supply Chain_ Consignment Item. Identification. Identifier,0,unbounded
Supply Chain_ Consignment Item. Sequence. Numeric,0,1
Supply Chain_ Consignment Item. Type. Code,0,1
Supply Chain_ Consignment Item. Type Extension. Code,0,1
Supply Chain_ Consignment Item. First_ Type Extension. Code,0,1
Supply Chain_ Consignment Item. Second_ Type Extension. Code,0,1
Supply Chain_ Consignment Item. National_ Type Extension. Code,0,1
Supply Chain_ Consignment Item. Export_ Type. Code,0,1
Supply Chain_ Consignment Item. Import_ Type. Code,0,1
Supply Chain_ Consignment Item. Declared Value For Customs. Amount,0,1
Supply Chain_ Consignment Item. Declared Value For Carriage. Amount,0,1
Supply Chain_ Consignment Item. Declared Value For Statistics. Amount,0,1
Supply Chain_ Consignment Item. FOB. Amount,0,1
Supply Chain_ Consignment Item. Insurance Value. Amount,0,1
Supply Chain_ Consignment Item. Invoice. Amount,0,unbounded
Supply Chain_ Consignment Item. Total Charge. Amount,0,1
Supply Chain_ Consignment Item. Total Export Exit To Import Entry Charge. Amount,0,1
Supply Chain_ Consignment Item. Gross Weight. Measure,0,unbounded
Supply Chain_ Consignment Item. Net Weight. Measure,0,unbounded
Supply Chain_ Consignment Item. Chargeable Weight. Measure,0,unbounded
Supply Chain_ Consignment Item. Gross Volume. Measure,0,unbounded
Supply Chain_ Consignment Item. Special Instructions. Text,0,unbounded
Supply Chain_ Consignment Item. Delivery Instructions. Text,0,unbounded
Supply Chain_ Consignment Item. Damage Remarks. Text,0,unbounded
Supply Chain_ Consignment Item. Information. Text,0,unbounded
Supply Chain_ Consignment Item. Cargo Tolerance_ Information. Text,0,unbounded
Supply Chain_ Consignment Item. Loading Length. Measure,0,1
Supply Chain_ Consignment Item. Tariff. Quantity,0,1
Supply Chain_ Consignment Item. Package. Quantity,0,1
Supply Chain_ Consignment Item. Package Type. Text,0,unbounded
Supply Chain_ Consignment Item. Trade Line Item. Quantity,0,1
Supply Chain_ Consignment Item. Global_ Identification. Identifier,0,unbounded
Supply Chain_ Consignment Item. Goods_ Unit. Quantity,0,unbounded
Supply Chain_ Consignment Item. Nature Identification. Transport_ Cargo,0,unbounded
Supply Chain_ Consignment Item. Applicable. Transport_ Dangerous Goods,0,unbounded
Supply Chain_ Consignment Item. Handling. Handling_ Instructions,0,unbounded
Supply Chain_ Consignment Item. Quarantine. Quarantine_ Instructions,0,unbounded
Supply Chain_ Consignment Item. Transport. Transport Setting_ Temperature,0,1
Supply Chain_ Consignment Item. Physical. Logistics_ Shipping Marks,0,unbounded
Supply Chain_ Consignment Item. Linear. Spatial_ Dimension,0,1
Supply Chain_ Consignment Item. Origin. Trade_ Geopolitical Region,0,1
Supply Chain_ Consignment Item. Export. Trade_ Geopolitical Region,0,1
Supply Chain_ Consignment Item. Origin. Trade_ Country,0,1
Supply Chain_ Consignment Item. Export. Trade_ Country,0,1
Supply Chain_ Consignment Item. Destination. Trade_ Country,0,1
Supply Chain_ Consignment Item. Importation. Trade_ Country,0,1
Supply Chain_ Consignment Item. Transit. Trade_ Country,0,unbounded
Supply Chain_ Consignment Item. Declared For Customs. Logistics_ Location,0,1
Supply Chain_ Consignment Item. Associated. Referenced_ Logistics_ Transport Equipment,0,unbounded
Supply Chain_ Consignment Item. Manufacturer. Trade_ Party,0,1
Supply Chain_ Consignment Item. Despatch. Trade_ Party,0,1
Supply Chain_ Consignment Item. Delivery. Trade_ Party,0,1
Supply Chain_ Consignment Item. Associated. Referenced_ Document,0,unbounded
Supply Chain_ Consignment Item. Applicable. Logistics_ Transport Means,0,1
Supply Chain_ Consignment Item. Applicable. Cross-Border_ Customs Procedure,0,unbounded
Supply Chain_ Consignment Item. Transport. Logistics_ Package,0,unbounded
Supply Chain_ Consignment Item. Included. Supply Chain_ Trade Line Item,0,unbounded
Supply Chain_ Consignment Item. Applicable. Logistics_ Service Charge,0,unbounded
Supply Chain_ Consignment Item. Reported. Logistics_ Status,0,unbounded
Supply Chain_ Consignment Item. Delivery. Transport_ Event,0,1
Supply Chain_ Consignment Item. Examination. Transport_ Event,0,unbounded
Supply Chain_ Consignment Item. Vanning. Transport_ Event,0,1
Supply Chain_ Consignment Item. Applicable. Cross-Border_ Regulatory Procedure,0,unbounded
Supply Chain_ Consignment Item. Transport Contract. Referenced_ Document,0,unbounded
Supply Chain_ Consignment Item. Applicable. Cross-Border_ Customs Valuation,0,unbounded
Supply Chain_ Consignment Item. Pick-Up. Transport_ Event,0,unbounded
Supply Chain_ Consignment Item. Border Clearance. Transport_ Instructions,0,unbounded
Supply Chain_ Consignment Item. Previous Administrative. Referenced_ Document,0,unbounded
Supply Chain_ Consignment Item. Applicable. Note,0,unbounded
Supply Chain_ Consignment Item. Classification. Referenced_ Document,0,1
Supply Chain_ Consignment Item. Specified. Inspection_ Event,0,unbounded
Supply Chain_ Consignment Item. Specified. Logistics_ Risk Analysis Result,0,unbounded
Supply Chain_ Consignment. Details,,
Supply Chain_ Consignment. Identification. Identifier,0,unbounded
Supply Chain_ Consignment. Consignor Assigned. Identifier,0,1
Supply Chain_ Consignment. Consignee Assigned. Identifier,0,1
Supply Chain_ Consignment. Customs_ Identification. Identifier,0,unbounded
Supply Chain_ Consignment. Carrier Assigned. Identifier,0,1
Supply Chain_ Consignment. Freight Forwarder Assigned. Identifier,0,1
Supply Chain_ Consignment. Traded Parcel. Identifier,0,unbounded
Supply Chain_ Consignment. Sequence. Numeric,0,unbounded
Supply Chain_ Consignment. Loading Sequence. Numeric,0,1
Supply Chain_ Consignment. Availability Due. Date Time,0,1
Supply Chain_ Consignment. Carrier Acceptance. Date Time,0,1
Supply Chain_ Consignment. Export Exit. Date Time,0,1
Supply Chain_ Consignment. Warehouse Arrival. Date Time,0,1
Supply Chain_ Consignment. Gross Weight. Measure,0,unbounded
Supply Chain_ Consignment. Net Weight. Measure,0,unbounded
Supply Chain_ Consignment. Gross Volume. Measure,0,unbounded
Supply Chain_ Consignment. Loading Length. Measure,0,unbounded
Supply Chain_ Consignment. Chargeable Weight. Measure,0,unbounded
Supply Chain_ Consignment. FOB. Amount,0,1
Supply Chain_ Consignment. Insurance Value. Amount,0,1
Supply Chain_ Consignment. Insurance Premium. Amount,0,1
Supply Chain_ Consignment. Associated Invoice. Amount,0,unbounded
Supply Chain_ Consignment. Total Charge. Amount,0,1
Supply Chain_ Consignment. Total Collect Charge. Amount,0,1
Supply Chain_ Consignment. Total Prepaid Charge. Amount,0,1
Supply Chain_ Consignment. Total Allowance Charge. Amount,0,1
Supply Chain_ Consignment. Total Disbursement. Amount,0,1
Supply Chain_ Consignment. Total Export Exit To Import Entry Charge. Amount,0,1
Supply Chain_ Consignment. Declared Value For Customs. Amount,0,1
Supply Chain_ Consignment. COD. Amount,0,1
Supply Chain_ Consignment. Associated Invoice Discount. Amount,0,unbounded
Supply Chain_ Consignment. Associated Invoice Discount. Percent,0,unbounded
Supply Chain_ Consignment. Nil Customs Value. Indicator,0,1
Supply Chain_ Consignment. Nil Carriage Value. Indicator,0,1
Supply Chain_ Consignment. Nil Insurance Value. Indicator,0,1
Supply Chain_ Consignment. Containerization. Indicator,0,1
Supply Chain_ Consignment. Consignment Item. Quantity,0,1
Supply Chain_ Consignment. Package. Quantity,0,1
Supply Chain_ Consignment. Transport Equipment. Quantity,0,unbounded
Supply Chain_ Consignment. Chargeable Transportation Stage. Quantity,0,1
Supply Chain_ Consignment. Loading List. Quantity,0,1
Supply Chain_ Consignment. Summary Description. Text,0,unbounded
Supply Chain_ Consignment. Goods Release Restriction. Text,0,unbounded
Supply Chain_ Consignment. Information. Text,0,unbounded
Supply Chain_ Consignment. Carrier Provided_ Information. Text,0,unbounded
Supply Chain_ Consignment. Cargo Tolerance_ Information. Text,0,unbounded
Supply Chain_ Consignment. Transport Split Description. Text,0,1
Supply Chain_ Consignment. Loading_ Information. Text,0,unbounded
Supply Chain_ Consignment. Demurrage_ Information. Text,0,unbounded
Supply Chain_ Consignment. Ship Stores. Indicator,0,1
Supply Chain_ Consignment. Transport Equipment Split Goods. Indicator,0,1
Supply Chain_ Consignment. Risk Factor. Code,0,1
Supply Chain_ Consignment. Declared Value For Carriage. Amount,0,1
Supply Chain_ Consignment. Payment Arrangement. Code,0,1
Supply Chain_ Consignment. Included Tare_ Gross Weight. Measure,0,1
Supply Chain_ Consignment. Total Tare Weight. Measure,0,1
Supply Chain_ Consignment. Delivery_ Information. Text,0,1
Supply Chain_ Consignment. Unloading Sequence. Numeric,0,1
Supply Chain_ Consignment. Package Type. Text,0,unbounded
Supply Chain_ Consignment. Cargo Insurance Instructions_ Information. Text,0,unbounded
Supply Chain_ Consignment. Transshipment Permission. Indicator,0,1
Supply Chain_ Consignment. Net Volume. Measure,0,unbounded
Supply Chain_ Consignment. Related Booking Type. Text,0,1
Supply Chain_ Consignment. Consignor Provided_ Information. Text,0,unbounded
Supply Chain_ Consignment. Global_ Identification. Identifier,0,unbounded
Supply Chain_ Consignment. Contract. Identifier,0,unbounded
Supply Chain_ Consignment. Shipped Onboard. Date Time,0,unbounded
Supply Chain_ Consignment. Contract Terms_ Information. Text,0,unbounded
Supply Chain_ Consignment. Service Charge Currency. Code,0,unbounded
Supply Chain_ Consignment. Service Tariff Currency. Code,0,unbounded
Supply Chain_ Consignment. Consignor. Trade_ Party,0,1
Supply Chain_ Consignment. Consignee. Trade_ Party,0,1
Supply Chain_ Consignment. Carrier. Trade_ Party,0,1
Supply Chain_ Consignment. Carrier Agent. Trade_ Party,0,1
Supply Chain_ Consignment. Freight Forwarder. Trade_ Party,0,1
Supply Chain_ Consignment. Importer. Trade_ Party,0,1
Supply Chain_ Consignment. Exporter. Trade_ Party,0,1
Supply Chain_ Consignment. Despatch. Trade_ Party,0,1
Supply Chain_ Consignment. Delivery. Trade_ Party,0,1
Supply Chain_ Consignment. Ship From. Trade_ Party,0,1
Supply Chain_ Consignment. Ship To. Trade_ Party,0,1
Supply Chain_ Consignment. Notified. Trade_ Party,0,unbounded
Supply Chain_ Consignment. Customs Import Agent. Trade_ Party,0,1
Supply Chain_ Consignment. Customs Export Agent. Trade_ Party,0,1
Supply Chain_ Consignment. Customs Transit Agent. Trade_ Party,0,1
Supply Chain_ Consignment. Connecting Carrier. Trade_ Party,0,unbounded
Supply Chain_ Consignment. Dangerous Goods Notifier. Trade_ Party,0,1
Supply Chain_ Consignment. Intermediate Consignee. Trade_ Party,0,unbounded
Supply Chain_ Consignment. Consolidator. Trade_ Party,0,1
Supply Chain_ Consignment. Deconsolidator. Trade_ Party,0,1
Supply Chain_ Consignment. Consignor Agent. Trade_ Party,0,1
Supply Chain_ Consignment. Consignee Agent. Trade_ Party,0,1
Supply Chain_ Consignment. Grouping Centre. Trade_ Party,0,unbounded
Supply Chain_ Consignment. Carrier Acceptance. Logistics_ Location,0,1
Supply Chain_ Consignment. Transshipment. Logistics_ Location,0,unbounded
Supply Chain_ Consignment. Consignee Receipt. Logistics_ Location,0,1
Supply Chain_ Consignment. Loading Baseport. Logistics_ Location,0,1
Supply Chain_ Consignment. Unloading Baseport. Logistics_ Location,0,1
Supply Chain_ Consignment. Transit. Logistics_ Location,0,unbounded
Supply Chain_ Consignment. Declared For Customs. Logistics_ Location,0,1
Supply Chain_ Consignment. Final Destination. Logistics_ Location,0,1
Supply Chain_ Consignment. Transport Contract. Referenced_ Document,0,1
Supply Chain_ Consignment. Customs Required Invoice. Referenced_ Document,0,unbounded
Supply Chain_ Consignment. Associated. Referenced_ Document,0,unbounded
Supply Chain_ Consignment. Manifest_ Associated. Referenced_ Document,0,unbounded
Supply Chain_ Consignment. Physical. Logistics_ Shipping Marks,0,unbounded
Supply Chain_ Consignment. Handling. Handling_ Instructions,0,unbounded
Supply Chain_ Consignment. Haulage. Haulage_ Instructions,0,unbounded
Supply Chain_ Consignment. Loading. Transport_ Instructions,0,unbounded
Supply Chain_ Consignment. Delivery. Transport_ Event,0,1
Supply Chain_ Consignment. Transport. Transport_ Event,0,unbounded
Supply Chain_ Consignment. Examination. Transport_ Event,0,unbounded
Supply Chain_ Consignment. Pick-Up. Transport_ Event,0,1
Supply Chain_ Consignment. Storage. Transport_ Event,0,unbounded
Supply Chain_ Consignment. Bonded Warehouse_ Storage. Transport_ Event,0,unbounded
Supply Chain_ Consignment. Vanning. Transport_ Event,0,1
Supply Chain_ Consignment. Included. Supply Chain_ Consignment Item,0,unbounded
Supply Chain_ Consignment. Included. Referenced_ Supply Chain_ Consignment,0,unbounded
Supply Chain_ Consignment. Utilized. Logistics_ Transport Equipment,0,unbounded
Supply Chain_ Consignment. Main Carriage. Logistics_ Transport Movement,0,unbounded
Supply Chain_ Consignment. Pre-Carriage. Logistics_ Transport Movement,0,unbounded
Supply Chain_ Consignment. On-Carriage. Logistics_ Transport Movement,0,unbounded
Supply Chain_ Consignment. Border Crossing. Logistics_ Transport Movement,0,unbounded
Supply Chain_ Consignment. At Arrival. Logistics_ Transport Movement,0,1
Supply Chain_ Consignment. At Departure. Logistics_ Transport Movement,0,1
Supply Chain_ Consignment. Specified. Logistics_ Transport Movement,0,unbounded
Supply Chain_ Consignment. Origin. Trade_ Country,0,unbounded
Supply Chain_ Consignment. Transit. Trade_ Country,0,unbounded
Supply Chain_ Consignment. Destination. Trade_ Country,0,1
Supply Chain_ Consignment. Final_ Destination. Trade_ Country,0,1
Supply Chain_ Consignment. Import. Trade_ Country,0,1
Supply Chain_ Consignment. Export. Trade_ Country,0,1
Supply Chain_ Consignment. Re-Export. Trade_ Country,0,unbounded
Supply Chain_ Consignment. Origin. Trade_ Geopolitical Region,0,1
Supply Chain_ Consignment. Export. Trade_ Geopolitical Region,0,1
Supply Chain_ Consignment. Applicable. Transport_ Cargo Insurance,0,1
Supply Chain_ Consignment. Associated. Cross-Border_ Customs Procedure,0,unbounded
Supply Chain_ Consignment. Applicable. Trade_ Currency Exchange,0,unbounded
Supply Chain_ Consignment. Invoice_ Applicable. Trade_ Currency Exchange,0,unbounded
Supply Chain_ Consignment. Service Charge_ Applicable. Trade_ Currency Exchange,0,unbounded
Supply Chain_ Consignment. Insurance_ Applicable. Trade_ Currency Exchange,0,unbounded
Supply Chain_ Consignment. Specified. Trade_ Delivery Terms,0,unbounded
Supply Chain_ Consignment. Transport. Transport_ Service,0,unbounded
Supply Chain_ Consignment. Applicable. Logistics_ Service Charge,0,unbounded
Supply Chain_ Consignment. Estimated_ Applicable. Logistics_ Service Charge,0,unbounded
Supply Chain_ Consignment. Applicable. Trade_ Allowance Charge,0,unbounded
Supply Chain_ Consignment. Reported. Logistics_ Status,0,unbounded
Supply Chain_ Consignment. Related. Supply Chain_ Trade Transaction,0,unbounded
Supply Chain_ Consignment. Transport. Logistics_ Package,0,unbounded
Supply Chain_ Consignment. Associated. Trade_ Party,0,unbounded
Supply Chain_ Consignment. Local_ Consignee Agent. Trade_ Party,0,1
Supply Chain_ Consignment. Pick-Up. Trade_ Party,0,1
Supply Chain_ Consignment. Nature Identification. Transport_ Cargo,0,1
Supply Chain_ Consignment. Applicable. Cross-Border_ Regulatory Procedure,0,unbounded
Supply Chain_ Consignment. Applicable. Transport_ Dangerous Goods,0,1
Supply Chain_ Consignment. Applicable. Cross-Border_ Customs Valuation,0,unbounded
Supply Chain_ Consignment. Consignor Provided_ Border Clearance. Transport_ Instructions,0,unbounded
Supply Chain_ Consignment. Delivery. Delivery_ Instructions,0,unbounded
Supply Chain_ Consignment. Invoicee_ Associated. Trade_ Party,0,unbounded
Supply Chain_ Consignment. Previous Administrative. Referenced_ Document,0,unbounded
Supply Chain_ Consignment. Transport Services Buyer. Trade_ Party,0,1
Supply Chain_ Consignment. Specified. Logistics_ Risk Analysis Result,0,unbounded
Supply Chain_ Consignment. Devanning. Transport_ Event,0,unbounded
Supply Chain_ Consignment. Unloading. Logistics_ Location,0,1
Supply Chain_ Consignment. Loading. Logistics_ Location,0,1
Supply Chain_ Consignment. Specified. Inspection_ Event,0,unbounded
Supply Chain_ Consignment. Classification. Referenced_ Document,0,1
Supply Chain_ Consignment. Specified. Supply Chain_ Reference,0,unbounded
Supply Chain_ Consignment. Specified. Logistics_ Status,0,unbounded
Supply Chain_ Consignment. Warehouse Operator. Trade_ Party,0,unbounded
Supply Chain_ Consignment. Warehouse Keeper. Trade_ Party,0,unbounded
Supply Chain_ Consignment. Warehouse Depositor. Trade_ Party,0,unbounded
Supply Chain_ Consignment. Onward Routing. Logistics_ Location,0,unbounded
Supply Chain_ Consignment. Original Despatch. Logistics_ Location,0,1
Supply Chain_ Consignment. Statement. Note,0,unbounded
Supply Chain_ Discrepancy. Details,,
Supply Chain_ Discrepancy. Occurrence. Date Time,0,unbounded
Supply Chain_ Discrepancy. Indicator_ Type. Code,0,unbounded
Supply Chain_ Event. Details,,
Supply Chain_ Event. Identification. Identifier,0,1
Supply Chain_ Event. Occurrence. Date Time,0,unbounded
Supply Chain_ Event. Type. Code,0,unbounded
Supply Chain_ Event. Description. Text,0,unbounded
Supply Chain_ Event. Description. Binary Object,0,unbounded
Supply Chain_ Event. Unit. Quantity,0,unbounded
Supply Chain_ Event. Frequency. Code,0,1
Supply Chain_ Event. Latest_ Occurrence. Date Time,0,1
Supply Chain_ Event. Earliest_ Occurrence. Date Time,0,1
Supply Chain_ Event. Time_ Occurrence. Date Time,0,unbounded
Supply Chain_ Event. Due. Date Time,0,1
Supply Chain_ Event. Occurrence. Specified_ Period,0,unbounded
Supply Chain_ Event. Occurrence. Logistics_ Location,0,unbounded
Supply Chain_ Event. Discrete. Specified_ Period,0,unbounded
Supply Chain_ Event. Actual. Inspection_ Status,0,1
Supply Chain_ Event. Occurrence. Referenced_ Location,0,1
Supply Chain_ Event. Related. Technical_ Characteristic,0,unbounded
Supply Chain_ Event. Related. Sustainability_ Characteristic,0,unbounded
Supply Chain_ Event. Associated. Supply Chain_ Reference,0,unbounded
Supply Chain_ Forecast Terms. Details,,
Supply Chain_ Forecast Terms. Forecast Type. Code,0,1
Supply Chain_ Forecast Terms. Frequency. Code,0,unbounded
Supply Chain_ Forecast Terms. Date Type. Code,0,unbounded
Supply Chain_ Forecast Terms. Commitment Level. Code,0,unbounded
Supply Chain_ Inventory. Details,,
Supply Chain_ Inventory. Stock. Quantity,0,1
Supply Chain_ Inventory. Calculation. Date Time,0,1
Supply Chain_ Inventory. Minimum_ Stock Level. Measure,0,1
Supply Chain_ Inventory. Maximum_ Stock Level. Measure,0,1
Supply Chain_ Inventory. Availability. Indicator,0,1
Supply Chain_ Inventory. Status. Code,0,1
Supply Chain_ Inventory. Asset Transfer_ Status. Code,0,1
Supply Chain_ Inventory. Planned Stock_ Calculation. Date Time,0,1
Supply Chain_ Inventory. Planned_ Stock. Quantity,0,1
Supply Chain_ Inventory. Average_ Demand. Quantity,0,1
Supply Chain_ Inventory. Average Duration. Date Time,0,1
Supply Chain_ Inventory. Maximum_ Stock. Quantity,0,1
Supply Chain_ Inventory. Minimum_ Stock. Quantity,0,1
Supply Chain_ Inventory. Specified. Logistics_ Location,0,1
Supply Chain_ Inventory. Remark. Note,0,unbounded
Supply Chain_ Inventory. Disposition. Referenced_ Document,0,unbounded
Supply Chain_ Inventory. Specified. Supply Chain_ Event,0,unbounded
Supply Chain_ Inventory. Specified. Trade_ Party,0,unbounded
Supply Chain_ Inventory. Included. Specified_ Material,0,unbounded
Supply Chain_ Inventory. Included. Trade_ Product,0,unbounded
Supply Chain_ Inventory. Included. Product_ Batch,0,unbounded
Supply Chain_ Packaging. Details,,
Supply Chain_ Packaging. Type. Code,0,1
Supply Chain_ Packaging. Type. Text,0,1
Supply Chain_ Packaging. Description. Text,0,unbounded
Supply Chain_ Packaging. Condition. Code,0,unbounded
Supply Chain_ Packaging. Disposal Method. Code,0,unbounded
Supply Chain_ Packaging. Capacity. Measure,0,1
Supply Chain_ Packaging. Weight. Measure,0,unbounded
Supply Chain_ Packaging. Instruction. Code,0,unbounded
Supply Chain_ Packaging. Level. Code,0,1
Supply Chain_ Packaging. Sequence. Numeric,0,1
Supply Chain_ Packaging. Maximum Stackability. Quantity,0,1
Supply Chain_ Packaging. Maximum Stackability_ Weight. Measure,0,1
Supply Chain_ Packaging. Returnable. Indicator,0,1
Supply Chain_ Packaging. Customer Facing_ Total Unit. Quantity,0,1
Supply Chain_ Packaging. Total Unit. Quantity,0,unbounded
Supply Chain_ Packaging. Layer_ Total Unit. Quantity,0,1
Supply Chain_ Packaging. Content Layer. Quantity,0,1
Supply Chain_ Packaging. Additional_ Instruction. Code,0,unbounded
Supply Chain_ Packaging. Additional_ Instruction. Indicator,0,1
Supply Chain_ Packaging. Recycled Material. Indicator,0,1
Supply Chain_ Packaging. Recyclable. Indicator,0,1
Supply Chain_ Packaging. Recycled Material. Percent,0,1
Supply Chain_ Packaging. Load Bearing Capability. Measure,0,1
Supply Chain_ Packaging. Transport_ Maximum Stackability. Quantity,0,1
Supply Chain_ Packaging. Linear. Spatial_ Dimension,0,1
Supply Chain_ Packaging. Minimum_ Linear. Spatial_ Dimension,0,1
Supply Chain_ Packaging. Maximum_ Linear. Spatial_ Dimension,0,1
Supply Chain_ Packaging. Specified. Packaging_ Marking,0,unbounded
Supply Chain_ Packaging. Applicable. Material_ Goods Characteristic,0,unbounded
Supply Chain_ Packaging. Applicable. Disposal_ Instructions,0,unbounded
Supply Chain_ Packaging. Applicable. Returnable Asset_ Instructions,0,unbounded
Supply Chain_ Packaging. Applicable. Packaging_ Instructions,0,unbounded
Supply Chain_ Reference. Details,,
Supply Chain_ Reference. Type. Code,0,unbounded
Supply Chain_ Reference. Identification. Identifier,0,unbounded
Supply Chain_ Reference. Abbreviation. Text,0,unbounded
Supply Chain_ Reference. Description. Text,0,unbounded
Supply Chain_ Reference. Status. Text,0,unbounded
Supply Chain_ Reference. Comment. Text,0,unbounded
Supply Chain_ Reference. Value. Code,0,unbounded
Supply Chain_ Reference. Value. Text,0,unbounded
Supply Chain_ Reference. Property Reference. Code,0,unbounded
Supply Chain_ Schedule. Details,,
Supply Chain_ Schedule. Description. Text,0,unbounded
Supply Chain_ Schedule. Identification. Identifier,0,unbounded
Supply Chain_ Schedule. Occurrence. Date Time,0,unbounded
Supply Chain_ Schedule. Type. Code,0,unbounded
Supply Chain_ Schedule. Status. Code,0,unbounded
Supply Chain_ Supply Plan. Details,,
Supply Chain_ Supply Plan. Commitment Level. Code,0,1
Supply Chain_ Supply Plan. Planned. Quantity,0,1
Supply Chain_ Supply Plan. Actual. Quantity,0,1
Supply Chain_ Supply Plan. Tolerance. Quantity,0,1
Supply Chain_ Supply Plan. Available. Quantity,0,unbounded
Supply Chain_ Supply Plan. Required. Quantity,0,unbounded
Supply Chain_ Supply Plan. Review_ Frequency. Code,0,unbounded
Supply Chain_ Supply Plan. Release_ Frequency. Code,0,unbounded
Supply Chain_ Supply Plan. Latest_ Synchronization. Date Time,0,unbounded
Supply Chain_ Supply Plan. Type. Code,0,unbounded
Supply Chain_ Supply Plan. Synchronization. Date Time,0,2
Supply Chain_ Supply Plan. Synchronization. Quantity,0,1
Supply Chain_ Supply Plan. Minus_ Tolerance. Quantity,0,1
Supply Chain_ Supply Plan. Plus_ Tolerance. Quantity,0,1
Supply Chain_ Supply Plan. Specified. Specified_ Period,0,1
Supply Chain_ Supply Plan. Delivery. Supply Chain_ Event,0,unbounded
Supply Chain_ Supply Plan. Specified. Logistics_ Location,0,unbounded
Supply Chain_ Supply Plan. Contract_ Referenced. Referenced_ Document,0,unbounded
Supply Chain_ Supply Plan. Projected_ Specified. Specified_ Period,0,unbounded
Supply Chain_ Supply Plan. Scheduled_ Delivery. Supply Chain_ Event,0,unbounded
Supply Chain_ Supply Plan. Confirmed_ Delivery. Supply Chain_ Event,0,unbounded
Supply Chain_ Supply Plan. Delivery Note_ Referenced. Referenced_ Document,0,unbounded
Supply Chain_ Supply Plan. Ship To. Trade_ Party,0,1
Supply Chain_ Supply Plan. Applicable. Specified_ Period,0,1
Supply Chain_ Supply Plan. Contract. Referenced_ Document,0,unbounded
Supply Chain_ Supply Plan. Delivery Note. Referenced_ Document,0,unbounded
Supply Chain_ Supply Plan. Specified. Supply Chain_ Event,0,unbounded
Supply Chain_ Trade Agreement. Details,,
Supply Chain_ Trade Agreement. Reference. Text,0,unbounded
Supply Chain_ Trade Agreement. Buyer_ Reference. Text,0,unbounded
Supply Chain_ Trade Agreement. Product Charge Free. Indicator,0,1
Supply Chain_ Trade Agreement. Priority. Code,0,1
Supply Chain_ Trade Agreement. Impact. Code,0,1
Supply Chain_ Trade Agreement. Product Availability. Code,0,1
Supply Chain_ Trade Agreement. Product Orderable. Indicator,0,1
Supply Chain_ Trade Agreement. Product Reorderable. Indicator,0,1
Supply Chain_ Trade Agreement. Product Made To Order. Indicator,0,1
Supply Chain_ Trade Agreement. Delivery_ Order Fulfilment Lead Time. Measure,0,1
Supply Chain_ Trade Agreement. Pick-Up_ Order Fulfilment Lead Time. Measure,0,1
Supply Chain_ Trade Agreement. Minimum_ Product Orderable. Quantity,0,1
Supply Chain_ Trade Agreement. Maximum_ Product Orderable. Quantity,0,1
Supply Chain_ Trade Agreement. Incremental_ Product Orderable. Quantity,0,1
Supply Chain_ Trade Agreement. Order_ Product Unit Measure. Code,0,1
Supply Chain_ Trade Agreement. Resale_ Product Unit Measure. Code,0,1
Supply Chain_ Trade Agreement. Information Use Restriction. Indicator,0,1
Supply Chain_ Trade Agreement. Delivery_ Priority. Code,0,1
Supply Chain_ Trade Agreement. Economic_ Order. Quantity,0,1
Supply Chain_ Trade Agreement. Buyer_ Approved. Date Time,0,1
Supply Chain_ Trade Agreement. Identification. Identifier,0,1
Supply Chain_ Trade Agreement. Revision_ Identification. Identifier,0,1
Supply Chain_ Trade Agreement. Seller. Trade_ Party,0,1
Supply Chain_ Trade Agreement. Buyer. Trade_ Party,0,1
Supply Chain_ Trade Agreement. Sales Agent. Trade_ Party,0,1
Supply Chain_ Trade Agreement. Buyer Bank. Trade_ Party,0,1
Supply Chain_ Trade Agreement. Buyer_ Requisitioner. Trade_ Party,0,unbounded
Supply Chain_ Trade Agreement. Buyer_ Assigned Accountant. Trade_ Party,0,1
Supply Chain_ Trade Agreement. Seller_ Assigned Accountant. Trade_ Party,0,1
Supply Chain_ Trade Agreement. Buyer_ Tax Representative. Trade_ Party,0,1
Supply Chain_ Trade Agreement. Seller_ Tax Representative. Trade_ Party,0,1
Supply Chain_ Trade Agreement. Product End User. Trade_ Party,0,1
Supply Chain_ Trade Agreement. Applicable. Trade_ Delivery Terms,0,1
Supply Chain_ Trade Agreement. Applicable. Trade_ Payment Terms,0,1
Supply Chain_ Trade Agreement. Applicable. Supply Chain_ Forecast Terms,0,1
Supply Chain_ Trade Agreement. Applicable. Trade_ Allowance Charge,0,unbounded
Supply Chain_ Trade Agreement. Seller Order_ Referenced. Referenced_ Document,0,1
Supply Chain_ Trade Agreement. Buyer Order_ Referenced. Referenced_ Document,0,unbounded
Supply Chain_ Trade Agreement. Marketplace Order_ Referenced. Referenced_ Document,0,1
Supply Chain_ Trade Agreement. Quotation_ Referenced. Referenced_ Document,0,1
Supply Chain_ Trade Agreement. Order Response_ Referenced. Referenced_ Document,0,1
Supply Chain_ Trade Agreement. Request For Quotation_ Referenced. Referenced_ Document,0,1
Supply Chain_ Trade Agreement. Contract_ Referenced. Referenced_ Document,0,unbounded
Supply Chain_ Trade Agreement. Requisition_ Referenced. Referenced_ Document,0,unbounded
Supply Chain_ Trade Agreement. Demand Forecast_ Referenced. Referenced_ Document,0,unbounded
Supply Chain_ Trade Agreement. Supply Instruction_ Referenced. Referenced_ Document,0,unbounded
Supply Chain_ Trade Agreement. Promotional Deal_ Referenced. Referenced_ Document,0,1
Supply Chain_ Trade Agreement. Price List_ Referenced. Referenced_ Document,0,1
Supply Chain_ Trade Agreement. Bill Of Quantities_ Referenced. Referenced_ Document,0,1
Supply Chain_ Trade Agreement. Additional_ Referenced. Referenced_ Document,0,unbounded
Supply Chain_ Trade Agreement. Gross Price_ Product. Trade_ Price,0,unbounded
Supply Chain_ Trade Agreement. Net Price_ Product. Trade_ Price,0,unbounded
Supply Chain_ Trade Agreement. Agreed Price_ Product. Trade_ Price,0,1
Supply Chain_ Trade Agreement. List_ Product. Trade_ Price,0,1
Supply Chain_ Trade Agreement. Requested Unit_ Product. Trade_ Price,0,1
Supply Chain_ Trade Agreement. Discounted_ Product. Trade_ Price,0,1
Supply Chain_ Trade Agreement. Requisitioner_ Referenced. Referenced_ Document,0,unbounded
Supply Chain_ Trade Agreement. Material Returns_ Referenced. Referenced_ Document,0,unbounded
Supply Chain_ Trade Agreement. Last Known. Trade_ Party,0,unbounded
Supply Chain_ Trade Agreement. Buyer Agent. Trade_ Party,0,unbounded
Supply Chain_ Trade Agreement. Administrative. Trade_ Party,0,unbounded
Supply Chain_ Trade Agreement. Material Release_ Referenced. Referenced_ Document,0,unbounded
Supply Chain_ Trade Agreement. Administrative Agent. Trade_ Party,0,unbounded
Supply Chain_ Trade Agreement. Turn In_ Referenced. Referenced_ Document,0,unbounded
Supply Chain_ Trade Agreement. Specified. Mission_ Project,0,unbounded
Supply Chain_ Trade Agreement. Registration. Trade_ Party,0,unbounded
Supply Chain_ Trade Agreement. Property Clearance. Trade_ Party,0,unbounded
Supply Chain_ Trade Agreement. Customer Order_ Referenced. Referenced_ Document,0,unbounded
Supply Chain_ Trade Agreement. Purchase Conditions_ Referenced. Referenced_ Document,0,unbounded
Supply Chain_ Trade Agreement. Sales Conditions_ Referenced. Referenced_ Document,0,unbounded
Supply Chain_ Trade Agreement. Catalogue_ Referenced. Referenced_ Document,0,unbounded
Supply Chain_ Trade Agreement. Catalogue_ Information Provider. Trade_ Party,0,1
Supply Chain_ Trade Agreement. Catalogue_ Information Receiver. Trade_ Party,0,1
Supply Chain_ Trade Agreement. Procurement. Trade_ Party,0,1
Supply Chain_ Trade Agreement. Support Centre. Trade_ Party,0,1
Supply Chain_ Trade Agreement. Carrier. Trade_ Party,0,unbounded
Supply Chain_ Trade Agreement. Target Market. Trade_ Country,0,unbounded
Supply Chain_ Trade Agreement. Applicable. Logistics_ Location,0,unbounded
Supply Chain_ Trade Agreement. Ordering. Specified_ Period,0,1
Supply Chain_ Trade Agreement. Minimum Order Quantity_ Ordering. Specified_ Period,0,1
Supply Chain_ Trade Agreement. Maximum Order Quantity_ Ordering. Specified_ Period,0,1
Supply Chain_ Trade Agreement. Exclusivity. Specified_ Period,0,1
Supply Chain_ Trade Agreement. Resale. Specified_ Period,0,1
Supply Chain_ Trade Agreement. Shipping. Specified_ Period,0,1
Supply Chain_ Trade Agreement. Guaranteed Product Life Span. Specified_ Period,0,1
Supply Chain_ Trade Agreement. Applicable. Trade_ Product Warranty,0,1
Supply Chain_ Trade Agreement. Previous Price List_ Referenced. Referenced_ Document,0,unbounded
Supply Chain_ Trade Agreement. Catalogue Request_ Referenced. Referenced_ Document,0,unbounded
Supply Chain_ Trade Agreement. Catalogue Subscription_ Referenced. Referenced_ Document,0,unbounded
Supply Chain_ Trade Agreement. Sales Report_ Referenced. Referenced_ Document,0,1
Supply Chain_ Trade Agreement. Blanket Order_ Referenced. Referenced_ Document,0,1
Supply Chain_ Trade Agreement. Previous Order_ Referenced. Referenced_ Document,0,1
Supply Chain_ Trade Agreement. Previous Order Change_ Referenced. Referenced_ Document,0,1
Supply Chain_ Trade Agreement. Previous Order Response_ Referenced. Referenced_ Document,0,1
Supply Chain_ Trade Agreement. Original Order_ Referenced. Referenced_ Document,0,1
Supply Chain_ Trade Agreement. Engineering Change_ Referenced. Referenced_ Document,0,1
Supply Chain_ Trade Agreement. Letter Of Credit_ Referenced. Referenced_ Document,0,1
Supply Chain_ Trade Agreement. Import Licence_ Referenced. Referenced_ Document,0,1
Supply Chain_ Trade Agreement. Export Licence_ Referenced. Referenced_ Document,0,1
Supply Chain_ Trade Agreement. Quotation Proposal_ Referenced. Referenced_ Document,0,1
Supply Chain_ Trade Agreement. Quotation Proposal Response_ Referenced. Referenced_ Document,0,1
Supply Chain_ Trade Agreement. Request For Quotation Response_ Referenced. Referenced_ Document,0,1
Supply Chain_ Trade Agreement. Quote_ Referenced. CI_ Workflow Object,0,1
Supply Chain_ Trade Agreement. Item_ Seller. Trade_ Party,0,1
Supply Chain_ Trade Agreement. Item_ Buyer. Trade_ Party,0,1
Supply Chain_ Trade Agreement. Included. Specified_ Marketplace,0,unbounded
Supply Chain_ Trade Agreement. Applicable. Cross-Border_ Regulatory Procedure,0,unbounded
Supply Chain_ Trade Agreement. Order Price_ Product. Trade_ Price,0,unbounded
Supply Chain_ Trade Agreement. Relevant. Trade_ Party,0,unbounded
Supply Chain_ Trade Agreement. Specified. Procuring_ Project,0,unbounded
Supply Chain_ Trade Agreement. Pricing Base_ Applicable. Logistics_ Location,0,unbounded
Supply Chain_ Trade Agreement. Prime Contract_ Seller. Trade_ Party,0,unbounded
Supply Chain_ Trade Delivery. Details,,
Supply Chain_ Trade Delivery. Partial Delivery Allowed. Indicator,0,1
Supply Chain_ Trade Delivery. Final Delivery. Indicator,0,1
Supply Chain_ Trade Delivery. Requested. Quantity,0,1
Supply Chain_ Trade Delivery. Remaining_ Requested. Quantity,0,1
Supply Chain_ Trade Delivery. Agreed. Quantity,0,1
Supply Chain_ Trade Delivery. Despatched. Quantity,0,1
Supply Chain_ Trade Delivery. Received. Quantity,0,1
Supply Chain_ Trade Delivery. Billed. Quantity,0,1
Supply Chain_ Trade Delivery. Charge Free. Quantity,0,1
Supply Chain_ Trade Delivery. Package. Quantity,0,1
Supply Chain_ Trade Delivery. Product_ Unit. Quantity,0,1
Supply Chain_ Trade Delivery. Per Package_ Unit. Quantity,0,1
Supply Chain_ Trade Delivery. Net Weight. Measure,0,1
Supply Chain_ Trade Delivery. Gross Weight. Measure,0,1
Supply Chain_ Trade Delivery. Theoretical Weight. Measure,0,1
Supply Chain_ Trade Delivery. Net Volume. Measure,0,1
Supply Chain_ Trade Delivery. Gross Volume. Measure,0,1
Supply Chain_ Trade Delivery. Chargeable Weight. Measure,0,1
Supply Chain_ Trade Delivery. Modification_ Forecasted. Quantity,0,1
Supply Chain_ Trade Delivery. Turn In_ Received. Quantity,0,1
Supply Chain_ Trade Delivery. Individual_ Package. Quantity,0,1
Supply Chain_ Trade Delivery. Economic_ Order. Quantity,0,1
Supply Chain_ Trade Delivery. Due In_ Available. Quantity,0,1
Supply Chain_ Trade Delivery. GFM Transfer_ Rejected. Quantity,0,1
Supply Chain_ Trade Delivery. Due In_ Forecasted. Quantity,0,1
Supply Chain_ Trade Delivery. Due In_ Requested. Quantity,0,1
Supply Chain_ Trade Delivery. Due In_ Returned. Quantity,0,1
Supply Chain_ Trade Delivery. Reverse_ Billed. Quantity,0,1
Supply Chain_ Trade Delivery. Pick-Up Availability. Date Time,0,1
Supply Chain_ Trade Delivery. Ultimate Ship To Delivery. Date Time,0,1
Supply Chain_ Trade Delivery. Formatted_ Pick-Up Availability. Date Time,0,1
Supply Chain_ Trade Delivery. Formatted_ Ultimate Ship To Delivery. Date Time,0,1
Supply Chain_ Trade Delivery. Status. Code,0,1
Supply Chain_ Trade Delivery. Fully Delivered. Indicator,0,1
Supply Chain_ Trade Delivery. Over Delivery Allowed. Indicator,0,1
Supply Chain_ Trade Delivery. Identification. Identifier,0,1
Supply Chain_ Trade Delivery. Subordinate_ Identification. Identifier,0,1
Supply Chain_ Trade Delivery. Unavailable. Quantity,0,unbounded
Supply Chain_ Trade Delivery. Available. Quantity,0,unbounded
Supply Chain_ Trade Delivery. Cancelled. Quantity,0,unbounded
Supply Chain_ Trade Delivery. Quantity Calculation Method. Code,0,1
Supply Chain_ Trade Delivery. Available. Supply Chain_ Inventory,0,unbounded
Supply Chain_ Trade Delivery. Projected. Supply Chain_ Supply Plan,0,unbounded
Supply Chain_ Trade Delivery. Specified. Delivery_ Adjustment,0,unbounded
Supply Chain_ Trade Delivery. Utilized. Logistics_ Transport Equipment,0,unbounded
Supply Chain_ Trade Delivery. Included. Supply Chain_ Packaging,0,unbounded
Supply Chain_ Trade Delivery. Related. Supply Chain_ Consignment,0,unbounded
Supply Chain_ Trade Delivery. Ship To. Trade_ Party,0,1
Supply Chain_ Trade Delivery. Ultimate_ Ship To. Trade_ Party,0,1
Supply Chain_ Trade Delivery. Ship From. Trade_ Party,0,1
Supply Chain_ Trade Delivery. Final Destination. Trade_ Country,0,1
Supply Chain_ Trade Delivery. Delivery. Delivery_ Instructions,0,unbounded
Supply Chain_ Trade Delivery. Handling. Handling_ Instructions,0,unbounded
Supply Chain_ Trade Delivery. Specified. Logistics_ Regulated Goods,0,unbounded
Supply Chain_ Trade Delivery. Requested_ Despatch. Supply Chain_ Event,0,unbounded
Supply Chain_ Trade Delivery. Planned_ Despatch. Supply Chain_ Event,0,unbounded
Supply Chain_ Trade Delivery. Actual_ Despatch. Supply Chain_ Event,0,unbounded
Supply Chain_ Trade Delivery. Requested_ Pick-Up. Supply Chain_ Event,0,1
Supply Chain_ Trade Delivery. Planned_ Pick-Up. Supply Chain_ Event,0,1
Supply Chain_ Trade Delivery. Actual_ Pick-Up. Supply Chain_ Event,0,1
Supply Chain_ Trade Delivery. Planned_ Release. Supply Chain_ Event,0,1
Supply Chain_ Trade Delivery. Actual_ Release. Supply Chain_ Event,0,1
Supply Chain_ Trade Delivery. Requested_ Delivery. Supply Chain_ Event,0,unbounded
Supply Chain_ Trade Delivery. Planned_ Delivery. Supply Chain_ Event,0,unbounded
Supply Chain_ Trade Delivery. Actual_ Delivery. Supply Chain_ Event,0,unbounded
Supply Chain_ Trade Delivery. Actual_ Receipt. Supply Chain_ Event,0,1
Supply Chain_ Trade Delivery. Planned_ Loading. Supply Chain_ Event,0,1
Supply Chain_ Trade Delivery. Actual_ Loading. Supply Chain_ Event,0,1
Supply Chain_ Trade Delivery. Planned_ Unloading. Supply Chain_ Event,0,1
Supply Chain_ Trade Delivery. Actual_ Unloading. Supply Chain_ Event,0,1
Supply Chain_ Trade Delivery. Inspection. Supply Chain_ Event,0,1
Supply Chain_ Trade Delivery. Acceptance. Supply Chain_ Event,0,1
Supply Chain_ Trade Delivery. Additional_ Referenced. Referenced_ Document,0,unbounded
Supply Chain_ Trade Delivery. Despatch Advice_ Referenced. Referenced_ Document,0,1
Supply Chain_ Trade Delivery. Receiving Advice_ Referenced. Referenced_ Document,0,unbounded
Supply Chain_ Trade Delivery. Delivery Note_ Referenced. Referenced_ Document,0,1
Supply Chain_ Trade Delivery. Packing List_ Referenced. Referenced_ Document,0,1
Supply Chain_ Trade Delivery. Inventory Manager. Trade_ Party,0,unbounded
Supply Chain_ Trade Delivery. Planned. Supply Chain_ Event,0,unbounded
Supply Chain_ Trade Delivery. Logistics Service Provider. Trade_ Party,0,unbounded
Supply Chain_ Trade Delivery. Sample_ Ship To. Trade_ Party,0,unbounded
Supply Chain_ Trade Delivery. Sample_ Ship From. Trade_ Party,0,unbounded
Supply Chain_ Trade Delivery. Disposal. Trade_ Party,0,unbounded
Supply Chain_ Trade Delivery. Ownership To. Trade_ Party,0,unbounded
Supply Chain_ Trade Delivery. Logistics. Logistics_ Package,0,unbounded
Supply Chain_ Trade Delivery. Information. Note,0,unbounded
Supply Chain_ Trade Delivery. Shipment Schedule_ Referenced. Referenced_ Document,0,1
Supply Chain_ Trade Delivery. Planned. Supply Chain_ Consignment,0,unbounded
Supply Chain_ Trade Delivery. Requested_ Release. Supply Chain_ Event,0,1
Supply Chain_ Trade Delivery. Confirmed_ Despatch. Supply Chain_ Event,0,1
Supply Chain_ Trade Delivery. Confirmed_ Release. Supply Chain_ Event,0,1
Supply Chain_ Trade Delivery. Confirmed_ Delivery. Supply Chain_ Event,0,unbounded
Supply Chain_ Trade Delivery. Ultimate Ship To_ Delivery. Supply Chain_ Event,0,1
Supply Chain_ Trade Delivery. Applicable. Transport_ Dangerous Goods,0,1
Supply Chain_ Trade Delivery. Consumption Report_ Referenced. Referenced_ Document,0,1
Supply Chain_ Trade Delivery. Previous_ Delivery. Supply Chain_ Event,0,unbounded
Supply Chain_ Trade Delivery. Used. Logistics_ Label,0,unbounded
Supply Chain_ Trade Delivery. Planned Ship From_ Delivery. Supply Chain_ Event,0,unbounded
Supply Chain_ Trade Delivery. Consumption. Supply Chain_ Schedule,0,unbounded
Supply Chain_ Trade Delivery. Delivery. Supply Chain_ Schedule,0,unbounded
Supply Chain_ Trade Delivery. Order. Supply Chain_ Schedule,0,unbounded
Supply Chain_ Trade Delivery. Despatch. Supply Chain_ Schedule,0,unbounded
Supply Chain_ Trade Delivery. Receipt. Supply Chain_ Schedule,0,unbounded
Supply Chain_ Trade Delivery. Specified. Supply Chain_ Schedule,0,unbounded
Supply Chain_ Trade Delivery. Supply_ Specified. Supply Chain_ Schedule,0,unbounded
Supply Chain_ Trade Delivery. Consignment. Supply Chain_ Inventory,0,unbounded
Supply Chain_ Trade Delivery. Customer. Supply Chain_ Inventory,0,unbounded
Supply Chain_ Trade Delivery. Planned Ship To_ Delivery. Supply Chain_ Event,0,1
Supply Chain_ Trade Line Item. Details,,
Supply Chain_ Trade Line Item. Identification. Identifier,0,1
Supply Chain_ Trade Line Item. Additional_ Identification. Identifier,0,unbounded
Supply Chain_ Trade Line Item. Barcode_ Identification. Identifier,0,unbounded
Supply Chain_ Trade Line Item. Type. Code,0,1
Supply Chain_ Trade Line Item. Type Extension. Code,0,1
Supply Chain_ Trade Line Item. Sequence. Numeric,0,unbounded
Supply Chain_ Trade Line Item. Description. Code,0,1
Supply Chain_ Trade Line Item. General Information_ Description. Text,0,unbounded
Supply Chain_ Trade Line Item. Declared Value For Customs. Amount,0,unbounded
Supply Chain_ Trade Line Item. Subordinate Line. Indicator,0,1
Supply Chain_ Trade Line Item. Special Condition. Code,0,unbounded
Supply Chain_ Trade Line Item. Included Within. Supply Chain_ Consignment Item,0,1
Supply Chain_ Trade Line Item. Subordinate. Subordinate_ Trade Line Item,0,unbounded
Supply Chain_ Trade Line Item. Associated. Logistics_ Transport Equipment,0,unbounded
Supply Chain_ Trade Line Item. Asserted. Document_ Authentication,0,unbounded
Supply Chain_ Trade Line Item. Associated. Document Line_ Document,0,1
Supply Chain_ Trade Line Item. Specified. Supply Chain_ Trade Agreement,0,1
Supply Chain_ Trade Line Item. Specified. Supply Chain_ Trade Delivery,0,1
Supply Chain_ Trade Line Item. Specified. Supply Chain_ Trade Settlement,0,unbounded
Supply Chain_ Trade Line Item. Specified. Trade_ Product,0,unbounded
Supply Chain_ Trade Line Item. Additional Information. Note,0,unbounded
Supply Chain_ Trade Line Item. Physical. Logistics_ Package,0,unbounded
Supply Chain_ Trade Line Item. Substituted. Referenced_ Product,0,unbounded
Supply Chain_ Trade Line Item. Substitute_ Applicable. Referenced_ Product,0,unbounded
Supply Chain_ Trade Line Item. Accessory_ Applicable. Referenced_ Product,0,unbounded
Supply Chain_ Trade Line Item. Complementary_ Applicable. Referenced_ Product,0,unbounded
Supply Chain_ Trade Line Item. Additional_ Applicable. Referenced_ Product,0,unbounded
Supply Chain_ Trade Line Item. Component_ Applicable. Referenced_ Product,0,unbounded
Supply Chain_ Trade Line Item. Required_ Applicable. Referenced_ Product,0,unbounded
Supply Chain_ Trade Line Item. Reference. Referenced_ Document,0,unbounded
Supply Chain_ Trade Line Item. Specified. Line_ Trade Agreement,0,1
Supply Chain_ Trade Line Item. Specified. Line_ Trade Delivery,0,unbounded
Supply Chain_ Trade Line Item. Specified. Line_ Trade Settlement,0,unbounded
Supply Chain_ Trade Line Item. Physical. Referenced_ Logistics_ Package,0,unbounded
Supply Chain_ Trade Line Item. Included. Subordinate_ Trade Line Item,0,unbounded
Supply Chain_ Trade Line Item. Specified. Goods_ Production,0,unbounded
Supply Chain_ Trade Line Item. Referenced. Logistics_ Package,0,unbounded
Supply Chain_ Trade Line Item. Invoice_ Associated. Referenced_ Document,0,unbounded
Supply Chain_ Trade Line Item. Requisitioner_ Specified. Trade_ Product,0,1
Supply Chain_ Trade Line Item. Applicable. Product_ Batch,0,unbounded
Supply Chain_ Trade Line Item. Substituted_ Applicable. Product_ Batch,0,unbounded
Supply Chain_ Trade Line Item. Substitute_ Applicable. Product_ Batch,0,unbounded
Supply Chain_ Trade Line Item. Applicable. Specified_ Material,0,unbounded
Supply Chain_ Trade Line Item. Substituted_ Applicable. Specified_ Material,0,unbounded
Supply Chain_ Trade Line Item. Substitute_ Applicable. Specified_ Material,0,unbounded
Supply Chain_ Trade Line Item. Applied. Product Handling_ Process,0,unbounded
Supply Chain_ Trade Settlement. Details,,
Supply Chain_ Trade Settlement. Description. Text,0,unbounded
Supply Chain_ Trade Settlement. Due Payable. Amount,0,unbounded
Supply Chain_ Trade Settlement. Discount. Amount,0,1
Supply Chain_ Trade Settlement. Payment. Amount,0,1
Supply Chain_ Trade Settlement. Credit Note. Amount,0,1
Supply Chain_ Trade Settlement. Total Tax. Amount,0,1
Supply Chain_ Trade Settlement. Creditor Reference Type. Code,0,unbounded
Supply Chain_ Trade Settlement. Creditor Reference Type. Text,0,unbounded
Supply Chain_ Trade Settlement. Creditor Reference Issuer. Identifier,0,unbounded
Supply Chain_ Trade Settlement. Creditor Reference. Identifier,0,1
Supply Chain_ Trade Settlement. Tax Point. Date Time,0,1
Supply Chain_ Trade Settlement. Total Invoice. Amount,0,1
Supply Chain_ Trade Settlement. Delivery Charge. Amount,0,1
Supply Chain_ Trade Settlement. Payment Reference. Text,0,unbounded
Supply Chain_ Trade Settlement. Tax_ Currency. Code,0,1
Supply Chain_ Trade Settlement. Order_ Currency. Code,0,1
Supply Chain_ Trade Settlement. Invoice_ Currency. Code,0,1
Supply Chain_ Trade Settlement. Price_ Currency. Code,0,1
Supply Chain_ Trade Settlement. Payment_ Currency. Code,0,1
Supply Chain_ Trade Settlement. Total_ Adjustment. Amount,0,1
Supply Chain_ Trade Settlement. Received_ Payment. Date Time,0,unbounded
Supply Chain_ Trade Settlement. Discount. Indicator,0,1
Supply Chain_ Trade Settlement. Invoice Issuer_ Reference. Text,0,1
Supply Chain_ Trade Settlement. Payer_ Reference. Text,0,1
Supply Chain_ Trade Settlement. Quotation_ Currency. Code,0,1
Supply Chain_ Trade Settlement. Invoice. Date Time,0,1
Supply Chain_ Trade Settlement. Next_ Invoice. Date Time,0,unbounded
Supply Chain_ Trade Settlement. Credit Reason. Code,0,1
Supply Chain_ Trade Settlement. Credit Reason. Text,0,unbounded
Supply Chain_ Trade Settlement. Closing Book_ Due. Date Time,0,1
Supply Chain_ Trade Settlement. Scheduled_ Payment. Date Time,0,1
Supply Chain_ Trade Settlement. Direction. Code,0,1
Supply Chain_ Trade Settlement. Status. Code,0,1
Supply Chain_ Trade Settlement. Invoicer. Trade_ Party,0,1
Supply Chain_ Trade Settlement. Invoicee. Trade_ Party,0,1
Supply Chain_ Trade Settlement. Payee. Trade_ Party,0,unbounded
Supply Chain_ Trade Settlement. Payer. Trade_ Party,0,1
Supply Chain_ Trade Settlement. Tax_ Applicable. Trade_ Currency Exchange,0,unbounded
Supply Chain_ Trade Settlement. Order_ Applicable. Trade_ Currency Exchange,0,1
Supply Chain_ Trade Settlement. Invoice_ Applicable. Trade_ Currency Exchange,0,1
Supply Chain_ Trade Settlement. Price_ Applicable. Trade_ Currency Exchange,0,1
Supply Chain_ Trade Settlement. Accounting_ Applicable. Trade_ Currency Exchange,0,1
Supply Chain_ Trade Settlement. Payment_ Applicable. Trade_ Currency Exchange,0,1
Supply Chain_ Trade Settlement. Alternate Payment_ Applicable. Trade_ Currency Exchange,0,1
Supply Chain_ Trade Settlement. Specified. Trade Settlement_ Payment Means,0,unbounded
Supply Chain_ Trade Settlement. Applicable. Trade_ Tax,0,unbounded
Supply Chain_ Trade Settlement. Billing. Specified_ Period,0,unbounded
Supply Chain_ Trade Settlement. Specified. Trade_ Allowance Charge,0,unbounded
Supply Chain_ Trade Settlement. Subtotal_ Calculated. Trade_ Tax,0,unbounded
Supply Chain_ Trade Settlement. Specified. Logistics_ Service Charge,0,unbounded
Supply Chain_ Trade Settlement. Specified. Trade_ Payment Terms,0,unbounded
Supply Chain_ Trade Settlement. Specified. Trade_ Accounting Account,0,unbounded
Supply Chain_ Trade Settlement. Specified. Trade Settlement_ Monetary Summation,0,unbounded
Supply Chain_ Trade Settlement. Specified. Financial_ Adjustment,0,unbounded
Supply Chain_ Trade Settlement. Invoice_ Referenced. Referenced_ Document,0,1
Supply Chain_ Trade Settlement. Remittance Advice_ Referenced. Referenced_ Document,0,1
Supply Chain_ Trade Settlement. Pro-Forma Invoice_ Referenced. Referenced_ Document,0,1
Supply Chain_ Trade Settlement. Letter Of Credit_ Referenced. Referenced_ Document,0,1
Supply Chain_ Trade Settlement. Documentary Credit_ Referenced. Referenced_ Document,0,1
Supply Chain_ Trade Settlement. Additional_ Referenced. Referenced_ Document,0,unbounded
Supply Chain_ Trade Settlement. Factoring Agreement_ Referenced. Referenced_ Document,0,unbounded
Supply Chain_ Trade Settlement. Factoring List_ Referenced. Referenced_ Document,0,unbounded
Supply Chain_ Trade Settlement. Payable_ Specified. Trade_ Accounting Account,0,unbounded
Supply Chain_ Trade Settlement. Receivable_ Specified. Trade_ Accounting Account,0,unbounded
Supply Chain_ Trade Settlement. Purchase_ Specified. Trade_ Accounting Account,0,unbounded
Supply Chain_ Trade Settlement. Sales_ Specified. Trade_ Accounting Account,0,unbounded
Supply Chain_ Trade Settlement. Specified. Trade Settlement_ Financial Card,0,unbounded
Supply Chain_ Trade Settlement. Packaging_ Payer. Trade_ Party,0,unbounded
Supply Chain_ Trade Settlement. Transportation_ Payee. Trade_ Party,0,unbounded
Supply Chain_ Trade Settlement. Creditor. Trade_ Party,0,unbounded
Supply Chain_ Trade Settlement. Inspection. Trade_ Party,0,unbounded
Supply Chain_ Trade Settlement. Agreement_ Referenced. Referenced_ Document,0,unbounded
Supply Chain_ Trade Settlement. Acceptance. Trade_ Party,0,unbounded
Supply Chain_ Trade Settlement. Acceptance_ Referenced. Referenced_ Document,0,unbounded
Supply Chain_ Trade Settlement. Quotation_ Applicable. Trade_ Currency Exchange,0,1
Supply Chain_ Trade Settlement. Specified. Advance_ Payment,0,unbounded
Supply Chain_ Trade Settlement. Ultimate_ Payee. Trade_ Party,0,unbounded
Supply Chain_ Trade Settlement. Associated. Document Line_ Document,0,unbounded
Supply Chain_ Trade Settlement. Referenced. Referenced_ Document,0,unbounded
Supply Chain_ Trade Settlement. Referenced. Supply Chain_ Trade Transaction,0,unbounded
Supply Chain_ Trade Settlement. Relevant. Trade_ Party,0,unbounded
Supply Chain_ Trade Transaction. Details,,
Supply Chain_ Trade Transaction. Identification. Identifier,0,unbounded
Supply Chain_ Trade Transaction. Sales Agent Assigned_ Identification. Identifier,0,1
Supply Chain_ Trade Transaction. Type. Code,0,1
Supply Chain_ Trade Transaction. Information. Text,0,unbounded
Supply Chain_ Trade Transaction. Line Item. Quantity,0,1
Supply Chain_ Trade Transaction. Shipment_ Identification. Identifier,0,unbounded
Supply Chain_ Trade Transaction. Issue. Date Time,0,1
Supply Chain_ Trade Transaction. Document_ URL. Identifier,0,1
Supply Chain_ Trade Transaction. Sender Recipient Sequence_ Identification. Identifier,0,1
Supply Chain_ Trade Transaction. Associated. Referenced_ Document,0,unbounded
Supply Chain_ Trade Transaction. Applicable. Supply Chain_ Trade Agreement,0,unbounded
Supply Chain_ Trade Transaction. Applicable. Supply Chain_ Trade Delivery,0,unbounded
Supply Chain_ Trade Transaction. Applicable. Supply Chain_ Trade Settlement,0,1
Supply Chain_ Trade Transaction. Included. Supply Chain_ Trade Line Item,0,unbounded
Supply Chain_ Trade Transaction. Specified. Logistics_ Package,0,unbounded
Supply Chain_ Trade Transaction. Included. Catalogue_ Product Group,0,unbounded
Supply Chain_ Trade Transaction. Associated. Document Line_ Document,0,1
Supply Chain_ Trade Transaction. Included. Trade_ Product,0,unbounded
Supply Chain_ Trade Transaction. Included. Trade_ Product Group,0,unbounded
Supply Chain_ Trade Transaction. Applicable. Header_ Trade Agreement,0,unbounded
Supply Chain_ Trade Transaction. Applicable. Header_ Trade Delivery,0,unbounded
Supply Chain_ Trade Transaction. Applicable. Header_ Trade Settlement,0,1
Supply Chain_ Trade Transaction. Associated. Financing Request Result_ Document,0,1
Supply Chain_ Trade Transaction. Associated. Referenced_ Standard,0,unbounded
Supply Chain_ Trade Transaction. Applicable. Specified_ Period,0,unbounded
Supply Chain_ Trade Transaction. Included. Note,0,unbounded
Supply Chain_ Trade Transaction. Included. Forecast_ Delivery Schedule,0,unbounded
Surveillance_ Means. Details,,
Surveillance_ Means. Identification. Identifier,0,unbounded
Surveillance_ Means. Type. Code,0,1
Surveillance_ Means. Specified. FLUX_ Location,0,unbounded
Sustainability_ Assertion. Details,,
Sustainability_ Assertion. Identification. Identifier,0,unbounded
Sustainability_ Assertion. Description. Text,0,unbounded
Sustainability_ Assertion. Description. Code,0,1
Sustainability_ Assertion. Status. Code,0,1
Sustainability_ Assertion. Issuing Party_ Identification. Identifier,0,unbounded
Sustainability_ Assertion. Related. Compliance_ Policy,0,unbounded
Sustainability_ Assertion. Applicable. Referenced_ Standard,0,unbounded
Sustainability_ Assertion. Included. Sustainability_ Characteristic,0,unbounded
Sustainability_ Characteristic. Details,,
Sustainability_ Characteristic. Category. Code,0,1
Sustainability_ Characteristic. Identification. Identifier,0,unbounded
Sustainability_ Characteristic. Type. Code,0,1
Sustainability_ Characteristic. Subordinate_ Type. Code,0,1
Sustainability_ Characteristic. Description. Text,0,unbounded
Sustainability_ Characteristic. Value. Measure,0,unbounded
Sustainability_ Characteristic. Minimum_ Value. Measure,0,unbounded
Sustainability_ Characteristic. Maximum_ Value. Measure,0,unbounded
Sustainability_ Characteristic. Measurement Method. Code,0,1
Sustainability_ Characteristic. Value. Text,0,unbounded
Sustainability_ Characteristic. Value. Code,0,1
Sustainability_ Characteristic. Value. Date Time,0,1
Sustainability_ Characteristic. Value. Indicator,0,1
Sustainability_ Characteristic. Value. Numeric,0,1
Sustainability_ Characteristic. Value. Amount,0,1
Sustainability_ Characteristic. Content_ Type. Code,0,1
Sustainability_ Characteristic. Shareable. Indicator,0,1
Sustainability_ Characteristic. Subordinate_ Category. Code,0,1
Sustainability_ Characteristic. Value. Specified_ Binary File,0,unbounded
Sustainability_ Characteristic. Applicable. Referenced_ Standard,0,unbounded
Sustainability_ Characteristic. Applicable. Specified_ Inspection Result,0,unbounded
Sustainability_ Characteristic. Value. Specified_ Period,0,unbounded
Sustainability_ Characteristic. Value. Specified_ Range,0,unbounded
Sustainability_ Characteristic. Value. Specified_ Parameter,0,unbounded
Sustainability_ Characteristic. Value. Specified_ Tolerance,0,unbounded
Sustainability_ Characteristic. Specified. Supply Chain_ Event,0,unbounded
Sustainability_ Inspection. Details,,
Sustainability_ Inspection. Description. Text,0,unbounded
Sustainability_ Inspection. Identification. Identifier,0,unbounded
Sustainability_ Inspection. Type. Code,0,1
Sustainability_ Inspection. Name. Text,0,1
Sustainability_ Inspection. Outsourced. Indicator,0,1
Sustainability_ Inspection. Applicable. Sustainability_ Characteristic,0,unbounded
Sustainability_ Inspection. Execution. Trade_ Party,0,1
Sustainability_ Inspection. Execution. Inspection_ Person,0,1
Sustainability_ Inspection. Specified. Inspection_ Event,0,unbounded
Sustainability_ Inspection. Applicable. Specified_ Inspection Result,0,1
Sustainability_ Inspection. Specified. Referenced_ Document,0,unbounded
Sustainability_ Inspection. Applicable. Referenced_ Standard,0,unbounded
Sustainability_ Inspection. Attached. Specified_ Binary File,0,unbounded
Sustainability_ Inspection. Specified. Inspection_ Status,0,1
Targeted_ Quota. Details,,
Targeted_ Quota. Type. Code,1,1
Targeted_ Quota. Object. Code,1,1
Targeted_ Quota. Weight. Measure,0,unbounded
Targeted_ Quota. Specified. Quantity,0,unbounded
Target_ Issue. Details,,
Target_ Issue. Identification. Identifier,1,1
Target_ Issue. Type. Code,0,1
Target_ Issue. Specified. Metric_ Characteristic,0,1
Target_ Issue. Minimum_ Specified. Metric_ Characteristic,0,1
Target_ Issue. Maximum_ Specified. Metric_ Characteristic,0,1
Tax Representative_ Party. Details,,
Tax Representative_ Party. Primary_ Identification. Identifier,1,1
Tax Representative_ Party. Additional_ Identification. Identifier,0,unbounded
Tax Representative_ Party. Tax_ Identification. Identifier,0,unbounded
Tax Representative_ Party. Name. Text,0,1
Tax Representative_ Party. Postal. Structured_ Address,0,1
Tax Representative_ Party. Postal. Unstructured_ Address,0,1
Tax Representative_ Party. Postal. Post Box_ Address,0,1
Tax Representative_ Party. Defined. Trade_ Contact,0,unbounded
Tax_ Currency Exchange. Details,,
Tax_ Currency Exchange. Source Currency. Code,1,1
Tax_ Currency Exchange. Source Unit Basis. Numeric,0,1
Tax_ Currency Exchange. Target Currency. Code,1,1
Tax_ Currency Exchange. Target Unit Base. Numeric,0,1
Tax_ Currency Exchange. Market. Identifier,0,1
Tax_ Currency Exchange. Conversion. Rate,1,1
Tax_ Currency Exchange. Conversion Rate. Date Time,0,1
Tax_ Currency Exchange. Applicable. Trade_ Contract,0,1
Tax_ Registration. Details,,
Tax_ Registration. Identification. Identifier,0,1
Tax_ Registration. IOSS_ Identification. Identifier,0,1
Tax_ Registration. Associated. Registered_ Tax,0,1
Technical_ Characteristic. Details,,
Technical_ Characteristic. Type. Code,0,unbounded
Technical_ Characteristic. Subordinate_ Type. Code,0,1
Technical_ Characteristic. Value. Measure,0,1
Technical_ Characteristic. Description. Text,0,1
Technical_ Characteristic. Measurement Method. Code,0,1
Technical_ Characteristic. Identification. Identifier,0,1
Technical_ Characteristic. Capacity_ Value. Measure,0,1
Technical_ Characteristic. Certification. Code,0,1
Technical_ Characteristic. Licence. Text,0,1
Technical_ Characteristic. Construction. Date Time,0,1
Technical_ Characteristic. Latest_ Renovation. Date Time,0,1
Technical_ Characteristic. Description. Code,0,unbounded
Technical_ Characteristic. Value. Numeric,0,1
Technical_ Characteristic. Value. Text,0,unbounded
Technical_ Characteristic. Value. Code,0,1
Technical_ Characteristic. Value. Date Time,0,1
Technical_ Characteristic. Value. Indicator,0,1
Technical_ Characteristic. Value. Amount,0,1
Technical_ Characteristic. Specified. Animal Holding_ Event,0,unbounded
Technical_ Characteristic. Specified. TT Product Process_ Event,0,unbounded
Technical_ Characteristic. Component. Specified_ Material,0,unbounded
Technical_ Characteristic. Value. Specified_ Range,0,unbounded
Technical_ Characteristic. Value. Specified_ Parameter,0,unbounded
Technical_ Characteristic. Value. Specified_ Tolerance,0,unbounded
Technical_ Characteristic. Applicable. Referenced_ Standard,0,unbounded
Technical_ Characteristic. Specified. Supply Chain_ Event,0,unbounded
Telecommunication_ Communication. Details,,
Telecommunication_ Communication. Local Number. Text,0,1
Telecommunication_ Communication. Complete Number. Text,0,1
Telecommunication_ Communication. Country Number. Code,0,1
Telecommunication_ Communication. Extension Number. Text,0,1
Telecommunication_ Communication. Area Number. Code,0,1
Telecommunication_ Communication. Internal_ Access. Text,0,1
Telecommunication_ Communication. Use. Code,0,1
Telecommunication_ Communication. Special Device Type. Text,0,1
Telecommunication_ Communication. Usage. Specified_ Preference,0,1
Temperature Setting_ Instructions. Details,,
Temperature Setting_ Instructions. Procedure. Text,0,unbounded
Temperature Setting_ Instructions. Description. Text,0,unbounded
Temperature Setting_ Instructions. Description. Code,0,1
Tender Guarantee_ Document. Details,,
Tender Guarantee_ Document. Identification. Identifier,0,1
Tender Guarantee_ Document. Name. Text,0,1
Tender Guarantee_ Document. Submission. Date Time,0,1
Tender Information Request_ Document. Details,,
Tender Information Request_ Document. Identification. Identifier,0,1
Tender Information Request_ Document. Name. Text,0,1
Tender Information Request_ Document. Submission. Date Time,0,1
Tender Information_ Document. Details,,
Tender Information_ Document. Identification. Identifier,0,1
Tender Information_ Document. Name. Text,0,1
Tender Information_ Document. Issue. Date Time,0,1
Tender Invitation_ Document. Details,,
Tender Invitation_ Document. Identification. Identifier,0,1
Tender Invitation_ Document. Name. Text,0,1
Tender Letter Invitation_ Document. Details,,
Tender Letter Invitation_ Document. Identification. Identifier,0,1
Tender Letter Invitation_ Document. Name. Text,0,1
Tender Letter Invitation_ Document. Remarks. Text,0,1
Tender Letter Invitation_ Document. Nomination_ Description. Text,0,1
Tender Letter Invitation_ Document. Issue. Date Time,0,1
Tender Result Notice_ Document. Details,,
Tender Result Notice_ Document. Identification. Identifier,0,1
Tender Result Notice_ Document. Name. Text,0,1
Tenderer_ Organization. Details,,
Tenderer_ Organization. Business Type. Code,0,1
Tenderer_ Organization. Name. Text,1,1
Tenderer_ Organization. International_ Name. Text,0,1
Tenderer_ Organization. Identification. Identifier,1,1
Tenderer_ Organization. Designated. Tendering_ Contact,1,unbounded
Tenderer_ Organization. Subordinate. Delegatee_ Organization,0,1
Tenderer_ Organization. Postal. Tendering_ Address,0,1
Tenderer_ Party. Details,,
Tenderer_ Party. Identification. Identifier,0,1
Tenderer_ Party. Name. Text,0,1
Tendering_ Address. Details,,
Tendering_ Address. Postcode. Code,0,1
Tendering_ Address. Line One. Text,1,1
Tendering_ Address. Line Two. Text,0,1
Tendering_ Address. Country Name. Text,0,1
Tendering_ Assignment. Details,,
Tendering_ Assignment. Identification. Identifier,0,1
Tendering_ Assignment. Description. Text,0,unbounded
Tendering_ Assignment. Effective. Tendering_ Period,0,1
Tendering_ Assignment. Limited. Procuring_ Project,0,1
Tendering_ Assignment. Delegated. Application_ Organization,1,1
Tendering_ Assignment. Delegating. Application_ Organization,1,1
Tendering_ Business Profile. Details,,
Tendering_ Business Profile. Operating Years. Quantity,1,1
Tendering_ Business Profile. Business_ Classification. Code,0,1
Tendering_ Business Profile. Procuring Project_ Classification. Code,0,1
Tendering_ Business Profile. Total_ Employee. Quantity,1,1
Tendering_ Business Profile. Manufacturer. Indicator,0,1
Tendering_ Business Profile. Country Name. Text,1,1
Tendering_ Business Profile. Application. Tendering_ Work Capability,1,1
Tendering_ Business Profile. Owned. Supplier_ Factory,0,unbounded
Tendering_ Business Profile. Experience. Tendering_ Completed Work,0,1
Tendering_ Business Type. Details,,
Tendering_ Business Type. Classification. Code,1,1
Tendering_ Business Type. Available. Subordinate_ Business Type,1,unbounded
Tendering_ Business Type. Available. Project Actualization_ Location,1,unbounded
Tendering_ Communication. Details,,
Tendering_ Communication. Channel. Code,0,1
Tendering_ Communication. Email_ URI. Identifier,0,1
Tendering_ Communication. Local Number. Text,0,1
Tendering_ Completed Work. Details,,
Tendering_ Completed Work. Sub_ Type. Code,1,1
Tendering_ Completed Work. Annual_ Average. Amount,0,1
Tendering_ Completed Work. Capacity Standard_ Year. Date,0,1
Tendering_ Completed Work. Organization Capacity. Amount,0,1
Tendering_ Completed Work. Description. Text,0,1
Tendering_ Contact. Details,,
Tendering_ Contact. Identification. Identifier,0,1
Tendering_ Contact. Job Title. Text,0,1
Tendering_ Contact. Responsibility. Text,0,1
Tendering_ Contact. Department Name. Text,0,1
Tendering_ Contact. Government_ Department Name. Text,0,1
Tendering_ Contact. Bureau_ Department Name. Text,0,1
Tendering_ Contact. Division_ Department Name. Text,0,1
Tendering_ Contact. Office Counter_ Department Name. Text,0,1
Tendering_ Contact. Person Name. Text,1,1
Tendering_ Contact. Telephone. Tendering_ Communication,0,unbounded
Tendering_ Contact. Postal. Tendering_ Address,0,unbounded
Tendering_ Contact. Fax. Tendering_ Communication,0,unbounded
Tendering_ Contact. URI. Tendering_ Communication,0,unbounded
Tendering_ Contract Award Notice. Details,,
Tendering_ Contract Award Notice. Win. Indicator,1,1
Tendering_ Contract Award Notice. Price. Amount,0,1
Tendering_ Contract Award Notice. Item. Quantity,0,1
Tendering_ Contract Award Notice. Evaluation Score. Value,0,1
Tendering_ Contract Award Notice. Loss Reason. Text,0,1
Tendering_ Contract Award Notice. Applicable. Tendering_ Deliverable,0,unbounded
Tendering_ Deliverable. Details,,
Tendering_ Deliverable. Identification. Identifier,0,1
Tendering_ Deliverable. Secondary_ Identification. Identifier,0,1
Tendering_ Deliverable. Classification. Code,0,unbounded
Tendering_ Deliverable. Description. Text,0,1
Tendering_ Deliverable. Name. Text,0,1
Tendering_ Deliverable. Specification. Text,0,unbounded
Tendering_ Deliverable. Specification_ Reference. Text,0,unbounded
Tendering_ Deliverable. Reference. Binary Object,0,unbounded
Tendering_ Deliverable. Origin Country Name. Text,0,unbounded
Tendering_ Deliverable. Procurement. Quantity,0,1
Tendering_ Deliverable. Procurement. Amount,0,1
Tendering_ Deliverable. Supplementary. Tendering_ Deliverable,0,unbounded
Tendering_ Deliverable. Applicable. Tendering_ Period,0,unbounded
Tendering_ Location. Details,,
Tendering_ Location. Identification. Identifier,0,1
Tendering_ Location. Name. Text,0,1
Tendering_ Location. Postal. Tendering_ Address,0,1
Tendering_ Period. Details,,
Tendering_ Period. Start. Date Time,0,1
Tendering_ Period. End. Date Time,0,1
Tendering_ Technical Capability. Details,,
Tendering_ Technical Capability. Qualified Engineer_ Total Professional. Quantity,1,1
Tendering_ Technical Capability. Professional. Qualified_ Staff,1,unbounded
Tendering_ Technical Capability. Applicable. Tendering_ Business Type,0,unbounded
Tendering_ Tender Result. Details,,
Tendering_ Tender Result. Result. Code,0,1
Tendering_ Tender Result. Description. Text,0,1
Tendering_ Tender Result. Award Price. Amount,0,1
Tendering_ Tender Result. Winning. Tenderer_ Party,0,1
Tendering_ Tender Result. Detailed. Individual_ Tenderer Result,0,unbounded
Tendering_ Work Capability. Details,,
Tendering_ Work Capability. Licence. Identifier,1,1
Tendering_ Work Capability. Type. Code,0,1
Tendering_ Work Capability. Experience. Tendering_ Completed Work,0,unbounded
Tendering_ Work Capability. Supported. Tendering_ Technical Capability,0,1
Tendering_ Work Capability. Supported. Tendering_ Deliverable,1,unbounded
Tender_ Bill Of Quantities. Details,,
Tender_ Bill Of Quantities. Identification. Identifier,1,1
Tender_ Bill Of Quantities. Name. Text,1,1
Tender_ Bill Of Quantities. Description. Text,0,1
Tender_ Bill Of Quantities. Measurement Method_ Identification. Identifier,0,unbounded
Tender_ Bill Of Quantities. Creation. Date Time,1,1
Tender_ Bill Of Quantities. Exchange Phase_ Status. Code,0,1
Tender_ Bill Of Quantities. Default_ Currency. Code,1,1
Tender_ Bill Of Quantities. Default_ Language. Code,1,1
Tender_ Bill Of Quantities. Comment. Text,0,unbounded
Tender_ Bill Of Quantities. Reference File. Binary Object,0,unbounded
Tender_ Bill Of Quantities. Item. Grouped_ Work Item,0,unbounded
Tender_ Bill Of Quantities. Item. Basic_ Work Item,0,unbounded
Tender_ Bill Of Quantities. Total. Calculated_ Price,0,unbounded
Tender_ Bill Of Quantities. Creation. Production_ Software,0,unbounded
Tender_ Breakdown Statement. Details,,
Tender_ Breakdown Statement. Identification. Identifier,1,1
Tender_ Breakdown Statement. Name. Text,1,1
Tender_ Breakdown Statement. Description. Text,0,unbounded
Tender_ Breakdown Statement. Measurement Method_ Identification. Identifier,0,unbounded
Tender_ Breakdown Statement. Creation. Date Time,1,1
Tender_ Breakdown Statement. Default_ Currency. Code,1,1
Tender_ Breakdown Statement. Default_ Language. Code,1,1
Tender_ Breakdown Statement. Comment. Text,0,unbounded
Tender_ Breakdown Statement. Type. Code,0,unbounded
Tender_ Breakdown Statement. Requested Action. Code,0,unbounded
Tender_ Breakdown Statement. Price List_ Identification. Identifier,0,1
Tender_ Breakdown Statement. Contractual Language. Code,0,1
Tender_ Breakdown Statement. Item. Grouped_ Work Item,0,unbounded
Tender_ Breakdown Statement. Item. Basic_ Work Item,0,unbounded
Tender_ Breakdown Statement. Total. Calculated_ Price,0,unbounded
Tender_ Breakdown Statement. Creation. Identified_ Binary File,0,unbounded
Tender_ Breakdown Statement. Reader. Identified_ Binary File,0,unbounded
Tender_ Breakdown Statement. Changed. Recorded_ Status,0,unbounded
Tender_ Breakdown Statement. Referenced. Identified_ Binary File,0,unbounded
Tender_ Document. Details,,
Tender_ Document. Identification. Identifier,0,1
Tender_ Document. Name. Text,0,1
Tender_ Document. Submission. Date Time,0,1
Tender_ Document. Bill Of Quantities_ Attachment. Binary Object,0,unbounded
Tender_ Tendering Process. Details,,
Tender_ Tendering Process. Invitation To Tender_ Event. Date Time,0,1
Tender_ Tendering Process. Explanation Request Deadline_ Event. Date Time,0,1
Tender_ Tendering Process. Opening Tenders_ Event. Date Time,0,1
Tender_ Tendering Process. Tender Explanation_ Event. Date Time,0,1
Tender_ Tendering Process. Evaluation Rules_ Description. Text,0,1
Tender_ Tendering Process. Instructions_ Description. Text,0,1
Tender_ Tendering Process. Invalid Criteria_ Description. Text,0,1
Tender_ Tendering Process. Identification. Identifier,0,1
Tender_ Tendering Process. Name. Text,0,1
Tender_ Tendering Process. Tendering Procedure. Code,0,1
Tender_ Tendering Process. Judging Criteria. Code,0,1
Tender_ Tendering Process. Tender Invitation Revision. Code,0,1
Tender_ Tendering Process. Entry_ Fee. Indicator,0,1
Tender_ Tendering Process. Entry_ Fee. Amount,0,1
Tender_ Tendering Process. Threshold Price. Percent,0,1
Tender_ Tendering Process. Reference Document. Indicator,0,1
Tender_ Tendering Process. Urgency. Indicator,0,1
Tender_ Tendering Process. Required_ Reference. Reference_ Document,0,unbounded
Tender_ Tendering Process. Acceptance. Tendering_ Period,0,1
Tender_ Tendering Process. Specified. Transaction_ Period,0,unbounded
Tender_ Tendering Process. Explanation_ Site. Tendering_ Location,0,1
Tender_ Tendering Process. Information Access_ Site. Tendering_ Location,0,1
TMW Acknowledged Message_ Document. Details,,
TMW Acknowledged Message_ Document. Identification. Identifier,1,1
TMW Acknowledged Message_ Document. Preliminary_ Identification. Identifier,1,1
TMW Acknowledged Message_ Document. Type. Code,0,1
TMW Acknowledged Message_ Document. Status. Code,1,1
TMW Acknowledged Message_ Document. Rejection Reason. Text,0,1
TMW Acknowledged Message_ Document. Sender. TMW Business Transaction_ Party,0,1
TMW Acknowledged Message_ Document. Recipient. TMW Business Transaction_ Party,0,1
TMW Acknowledged Notification_ Document. Details,,
TMW Acknowledged Notification_ Document. Identification. Identifier,0,1
TMW Acknowledged Notification_ Document. Receipt. Date Time,0,1
TMW Acknowledged Notification_ Document. Acceptance. Date Time,0,1
TMW Acknowledged Notification_ Document. Acknowledging. TMW_ Organization,0,1
TMW Announced_ Material. Details,,
TMW Announced_ Material. Name. Text,0,1
TMW Announced_ Material. Composition Description. Text,0,1
TMW Announced_ Material. Type. Code,0,unbounded
TMW Announced_ Material. Special Handling Requirement. Indicator,0,1
TMW Announced_ Material. Mass. Mass_ Measurement,0,1
TMW Announced_ Material. Volume. Volume_ Measurement,0,1
TMW Announced_ Material. Physical_ Applicable. Physical_ Characteristic,0,1
TMW Announced_ Material. Specified. Announced_ Package,0,1
TMW Announced_ Material. Special_ Handling. TMW_ Handling_ Instructions,0,1
TMW Announced_ Transport Movement. Details,,
TMW Announced_ Transport Movement. Sequence. Numeric,0,1
TMW Announced_ Transport Movement. Total. Quantity,0,1
TMW Announced_ Transport Movement. Notification. Identifier,0,1
TMW Announced_ Transport Movement. Start. Date Time,0,1
TMW Announced_ Transport Movement. Itinerary. TMW_ Route,0,1
TMW Announced_ Transport Movement. Alternative. TMW_ Route,0,unbounded
TMW Announced_ Transport Movement. Section. TMW Single_ Transport Movement,0,unbounded
TMW Business Transaction_ Party. Details,,
TMW Business Transaction_ Party. Identification. Identifier,1,unbounded
TMW Business Transaction_ Party. Role. Code,1,1
TMW Business Transaction_ Party. Defined. TMW_ Contact,0,1
TMW Message_ Document. Details,,
TMW Message_ Document. Preliminary_ Identification. Identifier,1,1
TMW Message_ Document. Attachment. Binary Object,0,unbounded
TMW Message_ Document. Sender. TMW Business Transaction_ Party,1,1
TMW Message_ Document. Recipient. TMW Business Transaction_ Party,1,1
TMW Notified_ Material. Details,,
TMW Notified_ Material. Name. Text,0,1
TMW Notified_ Material. Composition Description. Text,0,1
TMW Notified_ Material. Type. Code,0,unbounded
TMW Notified_ Material. Special Handling Requirement. Indicator,0,1
TMW Notified_ Material. Estimated Minimum_ Mass. Measure,0,1
TMW Notified_ Material. Estimated Maximum_ Mass. Measure,0,1
TMW Notified_ Material. Estimated Minimum_ Volume. Measure,0,1
TMW Notified_ Material. Estimated Maximum_ Volume. Measure,0,1
TMW Notified_ Material. Mass. Mass_ Measurement,0,1
TMW Notified_ Material. Volume. Volume_ Measurement,0,1
TMW Notified_ Material. Physical_ Applicable. Physical_ Characteristic,0,1
TMW Notified_ Material. Specified. TMW_ Package,0,1
TMW Notified_ Material. Special_ Handling. TMW_ Handling_ Instructions,0,1
TMW Notified_ Material. Recovery_ Fraction. Recovery Waste_ Material,0,1
TMW Notified_ Material. Non Recovery_ Fraction. Non Recovery Waste_ Material,0,1
TMW Notified_ Transport Movement. Details,,
TMW Notified_ Transport Movement. Total. Quantity,0,1
TMW Notified_ Transport Movement. Notification. Identifier,0,1
TMW Notified_ Transport Movement. Reason. Text,0,1
TMW Notified_ Transport Movement. First_ Start. Date Time,0,1
TMW Notified_ Transport Movement. Last_ Start. Date Time,0,1
TMW Notified_ Transport Movement. Itinerary. TMW_ Route,0,1
TMW Notified_ Transport Movement. Alternative. TMW_ Route,0,unbounded
TMW Notified_ Transport Movement. Section. TMW Single_ Transport Movement,0,unbounded
TMW Single_ Transport Movement. Details,,
TMW Single_ Transport Movement. Mode. Code,0,unbounded
TMW Single_ Transport Movement. Carrier. TMW_ Party,0,1
TMW Waste Recovery Disposal Message_ Document. Details,,
TMW Waste Recovery Disposal Message_ Document. Preliminary_ Identification. Identifier,1,1
TMW Waste Recovery Disposal Message_ Document. Type. Code,1,1
TMW Waste Recovery Disposal Message_ Document. Attachment. Binary Object,0,unbounded
TMW Waste Recovery Disposal Message_ Document. Sender. TMW Business Transaction_ Party,1,1
TMW Waste Recovery Disposal Message_ Document. Recipient. TMW Business Transaction_ Party,1,1
TMW_ Authorization. Details,,
TMW_ Authorization. Granted. Indicator,1,1
TMW_ Authorization. Condition. Text,0,1
TMW_ Authorization. Objection. Text,0,1
TMW_ Authorization. Decision. Date Time,0,1
TMW_ Authorization. Subject. Identifier,1,1
TMW_ Authorization. Authority. TMW_ Organization,0,1
TMW_ Authorization. Validity. TMW_ Delimited_ Period,0,1
TMW_ Contact. Details,,
TMW_ Contact. Telephone. Telecommunication_ Communication,0,1
TMW_ Contact. Fax. Telecommunication_ Communication,0,1
TMW_ Contact. Email_ URI. Email_ Communication,0,1
TMW_ Contact. Website_ URI. Website_ Communication,0,1
TMW_ Contact. Specified. Contact_ Person,0,1
TMW_ Delimited_ Period. Details,,
TMW_ Delimited_ Period. Start. Date Time,1,1
TMW_ Delimited_ Period. End. Date Time,1,1
TMW_ Handling_ Instructions. Details,,
TMW_ Handling_ Instructions. Handling. Text,1,1
TMW_ Location. Details,,
TMW_ Location. Description. Text,1,1
TMW_ Organization. Details,,
TMW_ Organization. Identification. Identifier,0,unbounded
TMW_ Organization. Name. Text,0,1
TMW_ Organization. Primary. TMW_ Contact,0,1
TMW_ Organization. Postal. Structured_ Address,0,1
TMW_ Package. Details,,
TMW_ Package. Type. Code,0,unbounded
TMW_ Package. Description. Text,0,1
TMW_ Party. Details,,
TMW_ Party. Identification. Identifier,0,unbounded
TMW_ Party. Branch. Indicator,0,1
TMW_ Party. Organization_ Name. Text,0,1
TMW_ Party. Specified. TMW_ Person,0,1
TMW_ Party. Defined. TMW_ Contact,0,1
TMW_ Party. Office. Structured_ Address,0,1
TMW_ Party. Principal Place Of Business. TMW_ Organization,0,1
TMW_ Person. Details,,
TMW_ Person. Title. Text,0,1
TMW_ Person. Given Name. Text,1,1
TMW_ Person. Middle Name. Text,0,1
TMW_ Person. Family Name Prefix. Text,0,1
TMW_ Person. Family Name. Text,1,1
TMW_ Person. Name Suffix. Text,0,1
TMW_ Person. Gender. Code,0,1
TMW_ Route. Details,,
TMW_ Route. Description. Text,0,1
TMW_ Route. Map. Binary Object,0,1
TMW_ Route. Distance. Measure,0,1
TMW_ Route. Coordinate System. Identifier,0,1
TMW_ Route. Start. Waypoint_ Location,1,1
TMW_ Route. End. Waypoint_ Location,1,1
TMW_ Route. National_ Subordinate. Country Section_ Route,0,unbounded
TMW_ Route. Unstructured_ Subordinate. Section_ Route,0,unbounded
TMW_ Route. Entry_ Customs. TMW_ Organization,0,1
TMW_ Route. Exit_ Customs. TMW_ Organization,0,1
TMW_ Route. Export_ Customs. TMW_ Organization,0,1
Toxicological_ Hazardous Material. Details,,
Toxicological_ Hazardous Material. Reproductive Toxin_ Name. Text,0,1
Toxicological_ Hazardous Material. Description. Text,0,1
Toxicological_ Hazardous Material. Entry Route_ Description. Text,0,unbounded
Toxicological_ Hazardous Material. Biological Severity_ Description. Text,0,1
Toxicological_ Hazardous Material. Applicable. Product_ Certificate,0,unbounded
Toxicological_ Hazardous Material. Applicable. Product_ Characteristic,0,unbounded
Toxicological_ Hazardous Material. Applicable. Sustainability_ Characteristic,0,unbounded
Trade Product_ Certification. Details,,
Trade Product_ Certification. Assertion. Code,0,unbounded
Trade Product_ Certification. Responsible Agency. Text,0,1
Trade Product_ Certification. Assertion. Text,0,unbounded
Trade Product_ Certification. Standard. Text,0,1
Trade Product_ Certification. Specified. Sustainability_ Assertion,0,unbounded
Trade Product_ Certification. Related. Referenced_ Location,0,unbounded
Trade Product_ Certification. Applicable. Referenced_ Standard,0,unbounded
Trade Product_ Feature. Details,,
Trade Product_ Feature. Identification. Identifier,0,1
Trade Product_ Feature. Description. Text,0,unbounded
Trade Product_ Feature. Name. Text,0,unbounded
Trade Product_ Feature. Type. Code,0,1
Trade Product_ Feature. Marketing Phrase. Text,0,unbounded
Trade Product_ Feature. Marketing. Measure,0,unbounded
Trade Product_ Supply Chain_ Packaging. Details,,
Trade Product_ Supply Chain_ Packaging. Customer Facing_ Total Unit. Quantity,0,1
Trade Product_ Supply Chain_ Packaging. Total Unit. Quantity,0,unbounded
Trade Product_ Supply Chain_ Packaging. Layer_ Total Unit. Quantity,0,1
Trade Product_ Supply Chain_ Packaging. Returnable. Indicator,0,1
Trade Product_ Supply Chain_ Packaging. Type. Code,0,1
Trade Product_ Supply Chain_ Packaging. Linear. CI_ Spatial_ Dimension,0,1
Trade Product_ Supply Chain_ Packaging. Specified. CI_ Packaging_ Marking,0,unbounded
Trade Product_ Supply Chain_ Packaging. Applicable. CI_ Material_ Goods Characteristic,0,unbounded
Trade Product_ Supply Chain_ Packaging. Applicable. CI_ Disposal_ Instructions,0,unbounded
Trade Product_ Supply Chain_ Packaging. Applicable. CI_ Returnable Asset_ Instructions,0,unbounded
Trade Settlement Header_ Monetary Summation. Details,,
Trade Settlement Header_ Monetary Summation. Line Total. Amount,0,unbounded
Trade Settlement Header_ Monetary Summation. Charge Total. Amount,0,unbounded
Trade Settlement Header_ Monetary Summation. Allowance Total. Amount,0,unbounded
Trade Settlement Header_ Monetary Summation. Tax Basis Total. Amount,0,unbounded
Trade Settlement Header_ Monetary Summation. Tax Total. Amount,0,unbounded
Trade Settlement Header_ Monetary Summation. Rounding. Amount,0,unbounded
Trade Settlement Header_ Monetary Summation. Grand Total. Amount,0,unbounded
Trade Settlement Header_ Monetary Summation. Information. Amount,0,unbounded
Trade Settlement Header_ Monetary Summation. Total Prepaid. Amount,0,unbounded
Trade Settlement Header_ Monetary Summation. Total Discount. Amount,0,unbounded
Trade Settlement Header_ Monetary Summation. Total Allowance Charge. Amount,0,unbounded
Trade Settlement Header_ Monetary Summation. Due Payable. Amount,0,unbounded
Trade Settlement Header_ Monetary Summation. Payment Total. Amount,0,unbounded
Trade Settlement Header_ Monetary Summation. Total Discount Basis. Amount,0,unbounded
Trade Settlement Header_ Monetary Summation. Retail Value Excluding Tax_ Information. Amount,0,unbounded
Trade Settlement Header_ Monetary Summation. Total Deposit Fee_ Information. Amount,0,unbounded
Trade Settlement Header_ Monetary Summation. Product Value Excluding Tobacco Tax_ Information. Amount,0,unbounded
Trade Settlement Header_ Monetary Summation. Total Retail Value_ Information. Amount,0,unbounded
Trade Settlement Header_ Monetary Summation. Gross_ Line Total. Amount,0,unbounded
Trade Settlement Header_ Monetary Summation. Net_ Line Total. Amount,0,unbounded
Trade Settlement Header_ Monetary Summation. Net Including Taxes_ Line Total. Amount,0,unbounded
Trade Settlement Header_ Monetary Summation. Balance Out. Amount,0,unbounded
Trade Settlement Header_ Monetary Summation. Adjusted_ Balance Out. Amount,0,unbounded
Trade Settlement Header_ Monetary Summation. Insurance_ Charge Total. Amount,0,unbounded
Trade Settlement Header_ Monetary Summation. Excluding Taxes_ Line Total. Amount,0,unbounded
Trade Settlement Header_ Monetary Summation. Including Taxes_ Line Total. Amount,0,unbounded
Trade Settlement Header_ Monetary Summation. Applicable. Header_ Balance Out,0,unbounded
Trade Settlement Header_ Monetary Summation. Grand Total_ Specified. Financial_ Adjustment,0,1
Trade Settlement Header_ Monetary Summation. Specified. Referenced_ Document,0,unbounded
Trade Settlement Line_ Monetary Summation. Details,,
Trade Settlement Line_ Monetary Summation. Line Total. Amount,0,unbounded
Trade Settlement Line_ Monetary Summation. Charge Total. Amount,0,unbounded
Trade Settlement Line_ Monetary Summation. Allowance Total. Amount,0,unbounded
Trade Settlement Line_ Monetary Summation. Tax Basis Total. Amount,0,unbounded
Trade Settlement Line_ Monetary Summation. Tax Total. Amount,0,unbounded
Trade Settlement Line_ Monetary Summation. Grand Total. Amount,0,unbounded
Trade Settlement Line_ Monetary Summation. Information. Amount,0,unbounded
Trade Settlement Line_ Monetary Summation. Total Allowance Charge. Amount,0,unbounded
Trade Settlement Line_ Monetary Summation. Due Payable. Amount,0,unbounded
Trade Settlement Line_ Monetary Summation. Payment Total. Amount,0,unbounded
Trade Settlement Line_ Monetary Summation. Total Retail Value_ Information. Amount,0,unbounded
Trade Settlement Line_ Monetary Summation. Gross_ Line Total. Amount,0,unbounded
Trade Settlement Line_ Monetary Summation. Net_ Line Total. Amount,0,unbounded
Trade Settlement Line_ Monetary Summation. Net Including Taxes_ Line Total. Amount,0,unbounded
Trade Settlement Line_ Monetary Summation. Product Weight Loss_ Information. Amount,0,unbounded
Trade Settlement Line_ Monetary Summation. Including Taxes_ Line Total. Amount,0,unbounded
Trade Settlement Payment_ Monetary Summation. Details,,
Trade Settlement Payment_ Monetary Summation. Equivalent Transfer Total. Amount,0,unbounded
Trade Settlement Payment_ Monetary Summation. Payment Total. Amount,0,unbounded
Trade Settlement Payment_ Monetary Summation. Balance Out. Amount,0,unbounded
Trade Settlement Payment_ Monetary Summation. Adjusted_ Balance Out. Amount,0,unbounded
Trade Settlement Payment_ Monetary Summation. Tax Total. Amount,0,unbounded
Trade Settlement Payment_ Monetary Summation. Including Taxes_ Line Total. Amount,0,unbounded
Trade Settlement Payment_ Monetary Summation. Grand Total. Amount,0,unbounded
Trade Settlement Payment_ Monetary Summation. Net_ Line Total. Amount,0,unbounded
Trade Settlement Payment_ Monetary Summation. Applicable. Payment_ Balance Out,0,unbounded
Trade Settlement_ Document. Details,,
Trade Settlement_ Document. Identification. Identifier,0,1
Trade Settlement_ Document. Type. Code,0,1
Trade Settlement_ Document. Proprietary_ Name. Text,0,1
Trade Settlement_ Document. Issue. Date Time,0,1
Trade Settlement_ Document. Issuer. Trade Settlement_ Party,0,1
Trade Settlement_ Financial Card. Details,,
Trade Settlement_ Financial Card. Microchip. Indicator,0,1
Trade Settlement_ Financial Card. Identification. Identifier,0,1
Trade Settlement_ Financial Card. Type. Code,0,1
Trade Settlement_ Financial Card. Cardholder Name. Text,0,1
Trade Settlement_ Financial Card. Expiry. Date,0,1
Trade Settlement_ Financial Card. Verification. Numeric,0,1
Trade Settlement_ Financial Card. Valid From. Date Time,0,1
Trade Settlement_ Financial Card. Credit Limit. Amount,0,unbounded
Trade Settlement_ Financial Card. Credit Available. Amount,0,unbounded
Trade Settlement_ Financial Card. Interest Rate. Percent,0,1
Trade Settlement_ Financial Card. Issuing Company Name. Text,0,unbounded
Trade Settlement_ Financial Card. Description. Text,0,unbounded
Trade Settlement_ Financial Card. Expiry. Date Time,0,1
Trade Settlement_ Financial Card. Applicable. Indicator,0,1
Trade Settlement_ Monetary Summation. Details,,
Trade Settlement_ Monetary Summation. Line Total. Amount,0,unbounded
Trade Settlement_ Monetary Summation. Charge Total. Amount,0,unbounded
Trade Settlement_ Monetary Summation. Allowance Total. Amount,0,unbounded
Trade Settlement_ Monetary Summation. Tax Basis Total. Amount,0,unbounded
Trade Settlement_ Monetary Summation. Tax Total. Amount,0,unbounded
Trade Settlement_ Monetary Summation. Rounding. Amount,0,unbounded
Trade Settlement_ Monetary Summation. Grand Total. Amount,0,unbounded
Trade Settlement_ Monetary Summation. Information. Amount,0,unbounded
Trade Settlement_ Monetary Summation. Total Prepaid. Amount,0,unbounded
Trade Settlement_ Monetary Summation. Total Penalty. Amount,0,unbounded
Trade Settlement_ Monetary Summation. Total Discount. Amount,0,unbounded
Trade Settlement_ Monetary Summation. Total Allowance Charge. Amount,0,unbounded
Trade Settlement_ Monetary Summation. Packing_ Charge Total. Amount,0,unbounded
Trade Settlement_ Monetary Summation. Freight_ Charge Total. Amount,0,unbounded
Trade Settlement_ Monetary Summation. Insurance_ Charge Total. Amount,0,unbounded
Trade Settlement_ Monetary Summation. Excluding Taxes_ Line Total. Amount,0,unbounded
Trade Settlement_ Monetary Summation. Including Taxes_ Line Total. Amount,0,unbounded
Trade Settlement_ Monetary Summation. Grand Total. Text,0,unbounded
Trade Settlement_ Monetary Summation. Due Payable. Amount,0,unbounded
Trade Settlement_ Monetary Summation. Equivalent Transfer Total. Amount,0,unbounded
Trade Settlement_ Monetary Summation. Payment Total. Amount,0,unbounded
Trade Settlement_ Monetary Summation. Total Discount Basis. Amount,0,unbounded
Trade Settlement_ Monetary Summation. Retail Value Excluding Tax_ Information. Amount,0,unbounded
Trade Settlement_ Monetary Summation. Total Deposit Fee_ Information. Amount,0,unbounded
Trade Settlement_ Monetary Summation. Product Value Excluding Tobacco Tax_ Information. Amount,0,unbounded
Trade Settlement_ Monetary Summation. Total Retail Value_ Information. Amount,0,unbounded
Trade Settlement_ Monetary Summation. Gross_ Line Total. Amount,0,unbounded
Trade Settlement_ Monetary Summation. Net_ Line Total. Amount,0,unbounded
Trade Settlement_ Monetary Summation. Net Including Taxes_ Line Total. Amount,0,unbounded
Trade Settlement_ Monetary Summation. Product Weight Loss_ Information. Amount,0,unbounded
Trade Settlement_ Monetary Summation. Balance Out. Amount,0,unbounded
Trade Settlement_ Monetary Summation. Adjusted_ Balance Out. Amount,0,unbounded
Trade Settlement_ Monetary Summation. Original_ Information. Amount,0,unbounded
Trade Settlement_ Monetary Summation. Adjusted_ Information. Amount,0,unbounded
Trade Settlement_ Monetary Summation. Applicable. Specified_ Balance Out,0,unbounded
Trade Settlement_ Monetary Summation. Specified. Referenced_ Document,0,unbounded
Trade Settlement_ Party. Details,,
Trade Settlement_ Party. Identification. Identifier,0,1
Trade Settlement_ Payment Means. Details,,
Trade Settlement_ Payment Means. Payment Channel. Code,0,1
Trade Settlement_ Payment Means. Type. Code,0,1
Trade Settlement_ Payment Means. Guarantee Method. Code,0,1
Trade Settlement_ Payment Means. Payment Method. Code,0,1
Trade Settlement_ Payment Means. Type. Text,0,1
Trade Settlement_ Payment Means. Information. Text,0,unbounded
Trade Settlement_ Payment Means. Identification. Identifier,0,unbounded
Trade Settlement_ Payment Means. Paid. Amount,0,1
Trade Settlement_ Payment Means. Applicable. Trade Settlement_ Financial Card,0,unbounded
Trade Settlement_ Payment Means. Payer_ Party. Debtor_ Financial Account,0,1
Trade Settlement_ Payment Means. Payee_ Party. Creditor_ Financial Account,0,unbounded
Trade Settlement_ Payment Means. Payer_ Specified. Debtor_ Financial Institution,0,1
Trade Settlement_ Payment Means. Payee_ Specified. Creditor_ Financial Institution,0,1
Trade Settlement_ Payment Means. Identified. Trade Settlement_ Financial Card,0,unbounded
Trade Settlement_ Payment Means. Identified. Travel_ Voucher,0,unbounded
Trade Settlement_ Payment Means. Specified. Creditor_ Financial Account,0,unbounded
Trade Settlement_ Payment Means. Specified. Payment_ Financial Institution,0,unbounded
Trade Settlement_ Payment Means. Debtor_ Specified. Payment_ Financial Institution,0,unbounded
Trade Settlement_ Payment Means. Creditor_ Specified. Payment_ Financial Institution,0,unbounded
Trade Settlement_ Payment Means. Identified. Payment_ Digital Method,0,unbounded
Trade Settlement_ Payment Means. Identified. Payment_ Cash,0,unbounded
Trade Settlement_ Payment Means. Identified. Payment_ Cheque,0,unbounded
Trade Settlement_ Payment Means. Identified. Experience Item_ Voucher,0,unbounded
Trade Settlement_ Payment. Details,,
Trade Settlement_ Payment. End-To-End_ Identification. Identifier,0,1
Trade Settlement_ Payment. Instruction. Identifier,0,1
Trade Settlement_ Payment. Requested Execution. Date Time,0,1
Trade Settlement_ Payment. Closing Book_ Due. Date Time,0,unbounded
Trade Settlement_ Payment. Specified. Supply Chain_ Trade Settlement,0,unbounded
Trade Settlement_ Payment. Specified. Payment_ Trade Settlement,0,unbounded
Trade_ Accounting Account. Details,,
Trade_ Accounting Account. Identification. Identifier,0,1
Trade_ Accounting Account. Set Trigger. Code,0,unbounded
Trade_ Accounting Account. Type. Code,0,1
Trade_ Accounting Account. Sub Account. Identifier,0,1
Trade_ Accounting Account. Amount Type. Code,0,1
Trade_ Accounting Account. Name. Text,0,1
Trade_ Accounting Account. Abbreviated Name. Text,0,1
Trade_ Accounting Account. Main Accounts Chart. Identifier,0,1
Trade_ Accounting Account. Main Accounts Chart Reference. Identifier,0,1
Trade_ Accounting Account. Cost Assignment Reference. Text,0,1
Trade_ Accounting Account. Cost Reference Dimension Pattern. Text,0,1
Trade_ Address. Details,,
Trade_ Address. Identification. Identifier,0,unbounded
Trade_ Address. Postcode. Code,0,unbounded
Trade_ Address. Post Office Box. Text,0,1
Trade_ Address. Building Name. Text,0,1
Trade_ Address. Line One. Text,0,1
Trade_ Address. Line Two. Text,0,1
Trade_ Address. Line Three. Text,0,1
Trade_ Address. Line Four. Text,0,1
Trade_ Address. Line Five. Text,0,1
Trade_ Address. Street Name. Text,0,unbounded
Trade_ Address. City Name. Text,0,unbounded
Trade_ Address. City Sub-Division Name. Text,0,unbounded
Trade_ Address. Country. Identifier,0,1
Trade_ Address. Country Name. Text,0,unbounded
Trade_ Address. Country Sub-Division. Identifier,0,unbounded
Trade_ Address. Country Sub-Division Name. Text,0,unbounded
Trade_ Address. Attention Of. Text,0,1
Trade_ Address. Care Of. Text,0,1
Trade_ Address. Building Number. Text,0,1
Trade_ Address. Secondary_ Postcode. Code,0,unbounded
Trade_ Address. Free Form. Text,0,unbounded
Trade_ Address. Department Name. Text,0,1
Trade_ Address. Additional_ Street Name. Text,0,1
Trade_ Address. City. Identifier,0,1
Trade_ Address. Type. Code,0,unbounded
Trade_ Address. Invalid. Indicator,0,1
Trade_ Address. Description. Text,0,unbounded
Trade_ Address. Country Identification. Trade_ Country,0,1
Trade_ Address. Geo-Coordinate Identification. Geographical Coordinate,0,unbounded
Trade_ Allowance Charge. Details,,
Trade_ Allowance Charge. Charge. Indicator,0,1
Trade_ Allowance Charge. Identification. Identifier,0,1
Trade_ Allowance Charge. Sequence. Numeric,0,1
Trade_ Allowance Charge. Calculation. Percent,0,1
Trade_ Allowance Charge. Basis. Amount,0,unbounded
Trade_ Allowance Charge. Basis. Quantity,0,1
Trade_ Allowance Charge. Prepaid. Indicator,0,1
Trade_ Allowance Charge. Actual. Amount,0,unbounded
Trade_ Allowance Charge. Unit_ Basis. Amount,0,1
Trade_ Allowance Charge. Description. Text,0,unbounded
Trade_ Allowance Charge. Reason. Code,0,1
Trade_ Allowance Charge. Reason. Text,0,1
Trade_ Allowance Charge. Deduction. Amount,0,unbounded
Trade_ Allowance Charge. Applied. Date Time,0,unbounded
Trade_ Allowance Charge. Type. Code,0,1
Trade_ Allowance Charge. Actual. Allowance Charge_ Currency Exchange,0,1
Trade_ Allowance Charge. Category. Trade_ Tax,0,unbounded
Trade_ Allowance Charge. Validity. Specified_ Period,0,1
Trade_ Allowance Charge. Specified. Trade_ Accounting Account,0,unbounded
Trade_ Allowance Charge. Actual. Trade_ Currency Exchange,0,1
Trade_ Contact. Details,,
Trade_ Contact. Identification. Identifier,0,1
Trade_ Contact. Person Name. Text,0,unbounded
Trade_ Contact. Department Name. Text,0,unbounded
Trade_ Contact. Type. Code,0,1
Trade_ Contact. Job Title. Text,0,unbounded
Trade_ Contact. Responsibility. Text,0,unbounded
Trade_ Contact. Person_ Identification. Identifier,0,unbounded
Trade_ Contact. Authorized_ Person Name. Text,0,1
Trade_ Contact. Description. Text,0,unbounded
Trade_ Contact. Telephone. Specified_ Communication,0,1
Trade_ Contact. Direct_ Telephone. Specified_ Communication,0,1
Trade_ Contact. Mobile_ Telephone. Specified_ Communication,0,1
Trade_ Contact. Fax. Specified_ Communication,0,1
Trade_ Contact. Telex. Specified_ Communication,0,1
Trade_ Contact. Email_ URI. Specified_ Communication,0,1
Trade_ Contact. Telephone. Universal_ Communication,0,unbounded
Trade_ Contact. Direct_ Telephone. Universal_ Communication,0,1
Trade_ Contact. Mobile_ Telephone. Universal_ Communication,0,1
Trade_ Contact. Fax. Universal_ Communication,0,unbounded
Trade_ Contact. URI. Universal_ Communication,0,unbounded
Trade_ Contact. Email_ URI. Universal_ Communication,0,1
Trade_ Contact. Telex. Universal_ Communication,0,unbounded
Trade_ Contact. VOIP. Universal_ Communication,0,unbounded
Trade_ Contact. Instant Messaging. Universal_ Communication,0,unbounded
Trade_ Contact. Specified. Note,0,unbounded
Trade_ Contact. Specified. Contact_ Person,0,1
Trade_ Contact. EDI. Universal_ Communication,0,unbounded
Trade_ Contact. Used. Universal_ Communication,0,unbounded
Trade_ Contact. Accessible. Specified_ Location,0,unbounded
Trade_ Contact. Postal. Trade_ Address,0,unbounded
Trade_ Contract. Details,,
Trade_ Contract. Identification. Identifier,1,1
Trade_ Contract. Issue. Date Time,0,1
Trade_ Contract. Name. Text,0,unbounded
Trade_ Contract. Signature_ Name. Text,0,unbounded
Trade_ Contract. Signee_ Job Title. Text,0,unbounded
Trade_ Contract. Signed. Date Time,0,1
Trade_ Contract. Automatic_ Extension. Date Time,0,1
Trade_ Contract. Automatic Extension_ Duration. Measure,0,1
Trade_ Contract. Description. Text,0,unbounded
Trade_ Contract. Signed. Specified_ Location,0,unbounded
Trade_ Country Sub-Division. Details,,
Trade_ Country Sub-Division. Identification. Identifier,0,1
Trade_ Country Sub-Division. Name. Text,0,unbounded
Trade_ Country Sub-Division. Hierarchical Level. Code,0,1
Trade_ Country Sub-Division. Function_ Type. Code,0,1
Trade_ Country Sub-Division. Type. Code,0,unbounded
Trade_ Country Sub-Division. Superordinate. Trade_ Country Sub-Division,0,unbounded
Trade_ Country Sub-Division. Subordinate. Trade_ Country Sub-Division,0,unbounded
Trade_ Country Sub-Division. Activity_ Authorized. Referenced_ Party,0,unbounded
Trade_ Country Sub-Division. Activity_ Authorized. Trade_ Party,0,unbounded
Trade_ Country. Details,,
Trade_ Country. Identification. Identifier,0,unbounded
Trade_ Country. Name. Text,0,unbounded
Trade_ Country. Specified. Quantity,0,unbounded
Trade_ Country. Subordinate. Trade_ Country Sub-Division,0,unbounded
Trade_ Currency Exchange. Details,,
Trade_ Currency Exchange. Source Currency. Code,0,1
Trade_ Currency Exchange. Source Unit Basis. Numeric,0,1
Trade_ Currency Exchange. Target Currency. Code,0,1
Trade_ Currency Exchange. Target Unit Base. Numeric,0,1
Trade_ Currency Exchange. Market. Identifier,0,1
Trade_ Currency Exchange. Conversion. Rate,0,1
Trade_ Currency Exchange. Conversion Rate. Date Time,0,1
Trade_ Currency Exchange. Referenced. Referenced_ Document,0,unbounded
Trade_ Currency Exchange. Associated. Referenced_ Document,0,unbounded
Trade_ Delivery Terms. Details,,
Trade_ Delivery Terms. Delivery Type. Code,0,1
Trade_ Delivery Terms. Description. Text,0,unbounded
Trade_ Delivery Terms. Declaration Country Relationship. Code,0,1
Trade_ Delivery Terms. Risk Responsibility. Code,0,unbounded
Trade_ Delivery Terms. Function. Code,0,unbounded
Trade_ Delivery Terms. Delivery Discontinuation. Code,0,1
Trade_ Delivery Terms. Partial Delivery Allowed. Indicator,0,1
Trade_ Delivery Terms. Relevant. Trade_ Location,0,1
Trade_ Geopolitical Region. Details,,
Trade_ Geopolitical Region. Identification. Identifier,0,1
Trade_ Geopolitical Region. Type. Code,0,1
Trade_ Geopolitical Region. Name. Text,0,1
Trade_ Geopolitical Region. Included. Trade_ Country,0,unbounded
Trade_ Location. Details,,
Trade_ Location. Country. Identifier,0,1
Trade_ Location. Country Name. Text,0,1
Trade_ Location. Identification. Identifier,0,1
Trade_ Location. Name. Text,0,1
Trade_ Location. Country Sub-Division Name. Text,0,1
Trade_ Location. Country Sub-Division. Identifier,0,1
Trade_ Location. Type. Code,0,unbounded
Trade_ Note. Details,,
Trade_ Note. Subject. Code,0,1
Trade_ Note. Content. Text,0,1
Trade_ Note. Content. Code,0,1
Trade_ Note. Subject. Text,0,1
Trade_ Note. Identification. Identifier,0,unbounded
Trade_ Package. Details,,
Trade_ Package. Level. Code,0,1
Trade_ Package. Type. Code,0,1
Trade_ Package. Item. Quantity,0,1
Trade_ Package. Nominal_ Gross Weight. Measure,0,1
Trade_ Package. Nominal_ Gross Volume. Measure,0,1
Trade_ Package. Physical. Cross-Border_ Shipping Marks,0,unbounded
Trade_ Party. Details,,
Trade_ Party. Identification. Identifier,0,unbounded
Trade_ Party. Global_ Identification. Identifier,0,unbounded
Trade_ Party. Type. Code,0,unbounded
Trade_ Party. Name. Text,0,unbounded
Trade_ Party. Role. Code,0,unbounded
Trade_ Party. Quality Assurance. Indicator,0,1
Trade_ Party. DODAAC_ Identification. Identifier,0,1
Trade_ Party. CAGE_ Identification. Identifier,0,1
Trade_ Party. RIC_ Identification. Identifier,0,1
Trade_ Party. DUNS_ Identification. Identifier,0,1
Trade_ Party. GLN_ Identification. Identifier,0,unbounded
Trade_ Party. Language. Code,0,unbounded
Trade_ Party. Description. Text,0,unbounded
Trade_ Party. Registered_ Identification. Identifier,0,unbounded
Trade_ Party. Role. Text,0,unbounded
Trade_ Party. Brand_ Name. Text,0,unbounded
Trade_ Party. Disclosure Level. Code,0,unbounded
Trade_ Party. Business_ Type. Code,0,1
Trade_ Party. Chain_ Name. Text,0,unbounded
Trade_ Party. Alliance_ Name. Text,0,unbounded
Trade_ Party. Sales Manager_ Name. Text,0,unbounded
Trade_ Party. Specified. Legal_ Organization,0,1
Trade_ Party. Defined. Trade_ Contact,0,unbounded
Trade_ Party. Postal. Trade_ Address,0,1
Trade_ Party. Telephone. Universal_ Communication,0,unbounded
Trade_ Party. Fax. Universal_ Communication,0,unbounded
Trade_ Party. URI. Universal_ Communication,0,unbounded
Trade_ Party. Email_ URI. Universal_ Communication,0,1
Trade_ Party. Provided. Transport_ Service,0,unbounded
Trade_ Party. Associated. Trade_ Party,0,unbounded
Trade_ Party. Specified. Logistics_ Location,0,unbounded
Trade_ Party. Specified. Tax_ Registration,0,unbounded
Trade_ Party. Specified. Representative_ Person,0,1
Trade_ Party. End Point_ URI. Universal_ Communication,0,1
Trade_ Party. Requested Notification_ Referenced. Referenced_ Document,0,unbounded
Trade_ Party. Issued Notification_ Referenced. Referenced_ Document,0,unbounded
Trade_ Party. Logo_ Referenced. Referenced_ Document,0,1
Trade_ Party. Attention Of_ Associated. Trade_ Party,0,unbounded
Trade_ Party. Logo_ Associated. Specified_ Binary File,0,unbounded
Trade_ Party. Specified. Authoritative Signatory_ Person,0,unbounded
Trade_ Party. Applicable. Logistics_ Service Charge,0,unbounded
Trade_ Party. Specified. Government_ Registration,0,unbounded
Trade_ Party. Specified. Logistics_ Risk Analysis Result,0,unbounded
Trade_ Party. Specified. Contact_ Person,0,unbounded
Trade_ Party. Specified. Proprietary_ Identity,0,unbounded
Trade_ Party. Specified. Financial_ Identity,0,1
Trade_ Party. Owned. Creditor_ Financial Account,0,1
Trade_ Party. Specified. Creditor_ Financial Institution,0,unbounded
Trade_ Party. Subcontractor. Trade_ Party,0,unbounded
Trade_ Party. Specified. Production_ Facility,0,unbounded
Trade_ Party. Provided. Production_ Process,0,unbounded
Trade_ Party. Applicable. Organizational_ Certification,0,unbounded
Trade_ Party. Applicable. Process_ Certificate,0,unbounded
Trade_ Party. Applicable. Product Batch_ Certificate,0,unbounded
Trade_ Party. Applicable. Product_ Certificate,0,unbounded
Trade_ Party. Applicable. Organizational_ Certificate,0,unbounded
Trade_ Party. Applicable. Sustainability_ Characteristic,0,unbounded
Trade_ Party. Applicable. Technical_ Characteristic,0,unbounded
Trade_ Party. Specified. Trade_ Product,0,unbounded
Trade_ Party. Related. Product_ Batch,0,unbounded
Trade_ Party. Related. Specified_ Material,0,unbounded
Trade_ Party. Applicable. Specified_ Inspection,0,unbounded
Trade_ Party. Applicable. Sustainability_ Inspection,0,unbounded
Trade_ Party. Applicable. Specified_ Assessment,0,unbounded
Trade_ Party. Applicable. Specified_ Certificate,0,unbounded
Trade_ Party. Claimed. Personal_ Language Proficiency,0,unbounded
Trade_ Party. Agreed. Trade_ Contract,0,unbounded
Trade_ Party. Commented_ Review. Specified_ Note,0,unbounded
Trade_ Party. Cooperative. Specified_ Information Source,0,unbounded
Trade_ Party. Associated. Specified_ Membership,0,unbounded
Trade_ Party. Requested. Specified_ Experience Item,0,unbounded
Trade_ Party. Available. Specified_ Experience Item,0,unbounded
Trade_ Party. Reserved. Specified_ Experience Item,0,unbounded
Trade_ Party. Searched_ Wish List. Specified_ Experience Item,0,unbounded
Trade_ Party. Specified. Guest_ Person,0,unbounded
Trade_ Party. Available. Experience_ Facility,0,unbounded
Trade_ Party. Specified. Sustainability_ Assertion,0,1
Trade_ Party. Specified. Cooperating_ Organization,0,unbounded
Trade_ Party. Applicable. Specified_ Licence,0,unbounded
Trade_ Party. Applicable. Specified_ Declaration,0,unbounded
Trade_ Party. Confirmed. Document_ Authentication,0,unbounded
Trade_ Payment Discount Terms. Details,,
Trade_ Payment Discount Terms. Basis. Date Time,0,1
Trade_ Payment Discount Terms. Basis Period. Measure,0,1
Trade_ Payment Discount Terms. Basis. Amount,0,unbounded
Trade_ Payment Discount Terms. Calculation. Percent,0,1
Trade_ Payment Discount Terms. Actual Discount. Amount,0,unbounded
Trade_ Payment Instruction. Details,,
Trade_ Payment Instruction. Information Type. Code,0,1
Trade_ Payment Instruction. Creditor Agent Information. Text,0,1
Trade_ Payment Instruction. Debtor Agent Information. Text,0,1
Trade_ Payment Means. Details,,
Trade_ Payment Means. Payment Method. Code,0,1
Trade_ Payment Means. Guarantee Method. Code,0,1
Trade_ Payment Means. Type. Code,0,1
Trade_ Payment Penalty Terms. Details,,
Trade_ Payment Penalty Terms. Basis. Date Time,0,1
Trade_ Payment Penalty Terms. Basis Period. Measure,0,1
Trade_ Payment Penalty Terms. Basis. Amount,0,unbounded
Trade_ Payment Penalty Terms. Calculation. Percent,0,1
Trade_ Payment Penalty Terms. Actual Penalty. Amount,0,unbounded
Trade_ Payment Terms. Details,,
Trade_ Payment Terms. Identification. Identifier,0,1
Trade_ Payment Terms. From Event. Code,0,1
Trade_ Payment Terms. Settlement Period. Measure,0,1
Trade_ Payment Terms. Description. Text,0,unbounded
Trade_ Payment Terms. Due Date. Date Time,0,1
Trade_ Payment Terms. Duration. Measure,0,1
Trade_ Payment Terms. Type. Code,0,unbounded
Trade_ Payment Terms. Equivalent. Amount,0,unbounded
Trade_ Payment Terms. Instructed. Amount,0,unbounded
Trade_ Payment Terms. Information. Text,0,unbounded
Trade_ Payment Terms. Instruction_ Type. Code,0,unbounded
Trade_ Payment Terms. Direct Debit Mandate_ Identification. Identifier,0,unbounded
Trade_ Payment Terms. Partial Payment. Percent,0,unbounded
Trade_ Payment Terms. Payment Means_ Identification. Identifier,0,unbounded
Trade_ Payment Terms. Instruction. Code,0,unbounded
Trade_ Payment Terms. Partial Payment. Amount,0,unbounded
Trade_ Payment Terms. Due. Date Time,0,1
Trade_ Payment Terms. Bill Start. Date Time,0,1
Trade_ Payment Terms. Applicable. Trade_ Payment Penalty Terms,0,unbounded
Trade_ Payment Terms. Applicable. Trade_ Payment Discount Terms,0,unbounded
Trade_ Payment Terms. Payee. Trade_ Party,0,unbounded
Trade_ Price. Details,,
Trade_ Price. Net Price. Indicator,0,1
Trade_ Price. Type. Code,0,1
Trade_ Price. Charge. Amount,0,unbounded
Trade_ Price. Basis. Quantity,0,1
Trade_ Price. Minimum Charge. Amount,0,unbounded
Trade_ Price. Maximum Charge. Amount,0,unbounded
Trade_ Price. Minimum. Quantity,0,1
Trade_ Price. Maximum. Quantity,0,1
Trade_ Price. Unit. Amount,0,unbounded
Trade_ Price. Change Reason. Text,0,unbounded
Trade_ Price. Order_ Unit Conversion Factor. Numeric,0,1
Trade_ Price. Repackaging_ Charge. Amount,0,unbounded
Trade_ Price. Repair_ Charge. Amount,0,unbounded
Trade_ Price. Type. Text,0,unbounded
Trade_ Price. Basis. Date Time,0,1
Trade_ Price. Description. Text,0,unbounded
Trade_ Price. Category_ Type. Code,0,1
Trade_ Price. Bracket_ Type. Code,0,1
Trade_ Price. Determination. Code,0,1
Trade_ Price. Expiry. Date Time,0,1
Trade_ Price. Day. Quantity,0,1
Trade_ Price. Information. Text,0,unbounded
Trade_ Price. Cancellation. Percent,0,1
Trade_ Price. Calculation. Percent,0,1
Trade_ Price. Customer Service Point. Quantity,0,1
Trade_ Price. Reason. Code,0,unbounded
Trade_ Price. Multiple Reason. Indicator,0,1
Trade_ Price. Total_ Charge. Amount,0,unbounded
Trade_ Price. Grand Total_ Charge. Amount,0,unbounded
Trade_ Price. Seasonal_ Rank. Code,0,1
Trade_ Price. Validity. Billing_ Period,0,1
Trade_ Price. Applied. Trade_ Allowance Charge,0,unbounded
Trade_ Price. Validity. Specified_ Period,0,unbounded
Trade_ Price. Included. Trade_ Tax,0,unbounded
Trade_ Price. Referenced. Referenced_ Document,0,unbounded
Trade_ Price. Delivery. Trade_ Location,0,unbounded
Trade_ Price. Comparison. Reference_ Price,0,unbounded
Trade_ Price. Trade_ Comparison. Reference_ Price,0,unbounded
Trade_ Price. Associated. Referenced_ Document,0,unbounded
Trade_ Price. Specified. Payment_ Trade Settlement,0,unbounded
Trade_ Price. Applicable. Specified_ Customer Class,0,unbounded
Trade_ Price. Seasonal_ Applicable. Specified_ Period,0,unbounded
Trade_ Price. Operational_ Applicable. Specified_ Period,0,unbounded
Trade_ Price. Applicable. Specified_ Note,0,unbounded
Trade_ Product Group. Details,,
Trade_ Product Group. Identification. Identifier,0,unbounded
Trade_ Product Group. Name. Text,0,1
Trade_ Product Group. Included. Supply Chain_ Trade Line Item,0,unbounded
Trade_ Product Group. Subordinate. Trade_ Product Group,0,unbounded
Trade_ Product Group. Specified. Referenced_ Document,0,unbounded
Trade_ Product Group. Included. Trade_ Product,0,unbounded
Trade_ Product Instance. Details,,
Trade_ Product Instance. Common_ Name. Text,0,unbounded
Trade_ Product Instance. Scientific_ Name. Text,0,unbounded
Trade_ Product Instance. Intended_ Use. Text,0,unbounded
Trade_ Product Instance. Global Serial_ Identification. Identifier,0,1
Trade_ Product Instance. Batch_ Identification. Identifier,0,1
Trade_ Product Instance. Kanban_ Identification. Identifier,0,1
Trade_ Product Instance. Lot_ Identification. Identifier,0,1
Trade_ Product Instance. Supplier Assigned Serial_ Identification. Identifier,0,1
Trade_ Product Instance. Manufacturer Assigned Serial_ Identification. Identifier,0,1
Trade_ Product Instance. Actual. Quantity,0,1
Trade_ Product Instance. Best Before. Date Time,0,1
Trade_ Product Instance. Expiry. Date Time,0,1
Trade_ Product Instance. Sell By. Date Time,0,1
Trade_ Product Instance. Ammunition_ Identification. Identifier,0,unbounded
Trade_ Product Instance. Disposal Reason. Code,0,unbounded
Trade_ Product Instance. Equipment_ Identification. Identifier,0,unbounded
Trade_ Product Instance. IUID_ Identification. Identifier,0,unbounded
Trade_ Product Instance. Serial_ Identification. Identifier,0,unbounded
Trade_ Product Instance. Identification. Identifier,0,unbounded
Trade_ Product Instance. Registration_ Identification. Identifier,0,unbounded
Trade_ Product Instance. EPC_ Identification. Identifier,0,1
Trade_ Product Instance. DNA Marker_ Identification. Identifier,0,1
Trade_ Product Instance. Ceramic Capacitor_ Identification. Identifier,0,1
Trade_ Product Instance. Origin. Logistics_ Location,0,unbounded
Trade_ Product Instance. Applicable. Product_ Classification,0,unbounded
Trade_ Product Instance. Applied. Product Handling_ Process,0,unbounded
Trade_ Product Instance. Brand Name_ Additional Information. Note,0,unbounded
Trade_ Product Instance. Quality Grade_ Additional Information. Note,0,unbounded
Trade_ Product Instance. Ingredient_ Additional Information. Note,0,unbounded
Trade_ Product Instance. Certification Evidence. Referenced_ Document,0,unbounded
Trade_ Product Instance. Inspection. Referenced_ Document,0,unbounded
Trade_ Product Instance. Product. Product_ Characteristic,0,unbounded
Trade_ Product Instance. Production. Supply Chain_ Event,0,1
Trade_ Product Instance. Processing. Supply Chain_ Event,0,1
Trade_ Product Instance. Inspection. Supply Chain_ Event,0,1
Trade_ Product Instance. Packaging. Supply Chain_ Event,0,1
Trade_ Product Instance. Used. Supply Chain_ Packaging,0,1
Trade_ Product Instance. Reclassification. Supply Chain_ Event,0,unbounded
Trade_ Product Instance. Applicable. Material_ Goods Characteristic,0,unbounded
Trade_ Product Instance. Applicable. Product_ Characteristic,0,unbounded
Trade_ Product Warranty. Details,,
Trade_ Product Warranty. Description. Text,0,unbounded
Trade_ Product Warranty. Providing. Trade_ Party,0,1
Trade_ Product Warranty. Validity. Specified_ Period,0,1
Trade_ Product. Details,,
Trade_ Product. Identification. Identifier,0,unbounded
Trade_ Product. Global_ Identification. Identifier,0,unbounded
Trade_ Product. Seller Assigned_ Identification. Identifier,0,1
Trade_ Product. Buyer Assigned_ Identification. Identifier,0,1
Trade_ Product. Manufacturer Assigned_ Identification. Identifier,0,unbounded
Trade_ Product. Industry Assigned_ Identification. Identifier,0,unbounded
Trade_ Product. Model_ Identification. Identifier,0,unbounded
Trade_ Product. Name. Text,0,unbounded
Trade_ Product. Trade_ Name. Text,0,unbounded
Trade_ Product. Description. Text,0,unbounded
Trade_ Product. Type. Code,0,unbounded
Trade_ Product. Net Weight. Measure,0,unbounded
Trade_ Product. Gross Weight. Measure,0,unbounded
Trade_ Product. Genetic Modification Extent. Code,0,1
Trade_ Product. Global Extension_ Identification. Identifier,0,unbounded
Trade_ Product. Seller Assigned Extension_ Identification. Identifier,0,unbounded
Trade_ Product. Buyer Assigned Extension_ Identification. Identifier,0,unbounded
Trade_ Product. GTIN_ Identification. Identifier,0,unbounded
Trade_ Product. NSN_ Identification. Identifier,0,unbounded
Trade_ Product. NIIN_ Identification. Identifier,0,unbounded
Trade_ Product. Status. Code,0,unbounded
Trade_ Product. Product Group. Identifier,0,unbounded
Trade_ Product. Net Volume. Measure,0,unbounded
Trade_ Product. Production_ Lead Time. Measure,0,unbounded
Trade_ Product. Rejection Reason. Code,0,unbounded
Trade_ Product. Repair Level_ Type. Code,0,unbounded
Trade_ Product. Priority. Code,0,unbounded
Trade_ Product. Gross Volume. Measure,0,unbounded
Trade_ Product. Acquisition_ Lead Time. Measure,0,unbounded
Trade_ Product. FSC_ Identification. Identifier,0,unbounded
Trade_ Product. End Item_ Type. Code,0,unbounded
Trade_ Product. End Item_ Name. Text,0,unbounded
Trade_ Product. Customer Assigned_ Identification. Identifier,0,unbounded
Trade_ Product. Criticality_ Type. Code,0,1
Trade_ Product. FIIG Criticality_ Type. Code,0,unbounded
Trade_ Product. Available_ Measurement. Code,0,unbounded
Trade_ Product. Tracking System. Identifier,0,unbounded
Trade_ Product. Cancellation_ Announced Launch. Date Time,0,1
Trade_ Product. Batch_ Identification. Identifier,0,unbounded
Trade_ Product. From Production_ Life Span. Measure,0,1
Trade_ Product. From Opening_ Life Span. Measure,0,1
Trade_ Product. From Delivery_ Life Span. Measure,0,1
Trade_ Product. Area Density. Measure,0,1
Trade_ Product. Production Discontinued. Date Time,0,1
Trade_ Product. Latest_ Product Data Change. Date Time,0,1
Trade_ Product. Use_ Description. Text,0,unbounded
Trade_ Product. Concise_ Description. Text,0,unbounded
Trade_ Product. Variant_ Description. Text,0,unbounded
Trade_ Product. Additional_ Description. Text,0,unbounded
Trade_ Product. Physical Form_ Description. Text,0,unbounded
Trade_ Product. Brand_ Name. Text,0,1
Trade_ Product. Sub-Brand_ Name. Text,0,1
Trade_ Product. Drained_ Net Weight. Measure,0,1
Trade_ Product. Variable Measure. Indicator,0,1
Trade_ Product. Configurable. Indicator,0,1
Trade_ Product. Marked_ Serial Number. Indicator,0,1
Trade_ Product. Pre-Packaged. Indicator,0,1
Trade_ Product. Colour. Code,0,1
Trade_ Product. Colour_ Description. Text,0,unbounded
Trade_ Product. Recycling_ Type. Code,0,1
Trade_ Product. Unit_ Type. Code,0,unbounded
Trade_ Product. Content_ Unit. Quantity,0,1
Trade_ Product. Inner Pack Content_ Unit. Quantity,0,1
Trade_ Product. Inner Pack. Quantity,0,1
Trade_ Product. Included Product Content_ Unit. Quantity,0,1
Trade_ Product. Included Product Type. Quantity,0,1
Trade_ Product. Common_ Name. Text,0,unbounded
Trade_ Product. Scientific_ Name. Text,0,unbounded
Trade_ Product. Intended_ Use. Text,0,unbounded
Trade_ Product. Promotional Variant_ Identification. Identifier,0,1
Trade_ Product. Consumer Age_ Description. Text,0,unbounded
Trade_ Product. Consumer Gender_ Description. Text,0,unbounded
Trade_ Product. Marketing_ Description. Text,0,unbounded
Trade_ Product. Season_ Description. Text,0,unbounded
Trade_ Product. Size_ Description. Text,0,unbounded
Trade_ Product. Brand Range_ Name. Text,0,1
Trade_ Product. Model_ Name. Text,0,1
Trade_ Product. Designation. Text,0,unbounded
Trade_ Product. Season. Code,0,unbounded
Trade_ Product. Regulation Conformity. Identifier,0,unbounded
Trade_ Product. Formatted Cancellation_ Announced Launch. Date Time,0,1
Trade_ Product. Formatted Latest_ Product Data Change. Date Time,0,1
Trade_ Product. Function_ Description. Text,0,unbounded
Trade_ Product. Content_ Variable Measure. Indicator,0,1
Trade_ Product. Export. Indicator,0,1
Trade_ Product. Ultimate Customer Assigned Extension_ Identification. Identifier,0,unbounded
Trade_ Product. EPC_ Identification. Identifier,0,1
Trade_ Product. Colour Matching Sample_ Identification. Identifier,0,unbounded
Trade_ Product. Colour Matching_ Light Source. Code,0,1
Trade_ Product. Collection_ Identification. Identifier,0,unbounded
Trade_ Product. Collection_ Status. Code,0,1
Trade_ Product. Type_ Description. Text,0,unbounded
Trade_ Product. Subordinate_ Type. Code,0,1
Trade_ Product. Subordinate Type_ Description. Text,0,unbounded
Trade_ Product. Function_ Type. Code,0,1
Trade_ Product. Quality Level. Code,0,1
Trade_ Product. Description. Code,0,1
Trade_ Product. Section. Code,0,1
Trade_ Product. Line. Text,0,unbounded
Trade_ Product. Variant_ Identification. Identifier,0,unbounded
Trade_ Product. Size. Code,0,1
Trade_ Product. Print Design_ Identification. Identifier,0,unbounded
Trade_ Product. Print Design_ Description. Text,0,unbounded
Trade_ Product. Consumer Gender. Code,0,1
Trade_ Product. Recycled Material. Indicator,0,1
Trade_ Product. Recyclable. Indicator,0,1
Trade_ Product. Recycled Material. Percent,0,1
Trade_ Product. Reusable. Indicator,0,1
Trade_ Product. Life Cycle_ Stage. Code,0,1
Trade_ Product. Customs Statistical_ Classification. Code,0,1
Trade_ Product. Piece. Indicator,0,1
Trade_ Product. DNA Marker_ Identification. Identifier,0,1
Trade_ Product. Biologically Based. Indicator,0,1
Trade_ Product. Species. Code,0,1
Trade_ Product. CITES_ Species. Code,0,1
Trade_ Product. URI. Identifier,0,1
Trade_ Product. Digital Platform Assigned_ Identification. Identifier,0,1
Trade_ Product. Classification. Code,0,1
Trade_ Product. Applicable. Product_ Characteristic,0,unbounded
Trade_ Product. Applicable. Material_ Goods Characteristic,0,unbounded
Trade_ Product. Designated. Product_ Classification,0,unbounded
Trade_ Product. Individual. Trade_ Product Instance,0,unbounded
Trade_ Product. Substitute. Referenced_ Product,0,unbounded
Trade_ Product. Substituted. Referenced_ Product,0,unbounded
Trade_ Product. Applicable. Supply Chain_ Packaging,0,unbounded
Trade_ Product. Certification Evidence_ Reference. Referenced_ Document,0,unbounded
Trade_ Product. Inspection_ Reference. Referenced_ Document,0,unbounded
Trade_ Product. Origin. Trade_ Country,0,unbounded
Trade_ Product. Supplied From. Trade_ Country,0,unbounded
Trade_ Product. Linear. Spatial_ Dimension,0,unbounded
Trade_ Product. Minimum_ Linear. Spatial_ Dimension,0,unbounded
Trade_ Product. Maximum_ Linear. Spatial_ Dimension,0,unbounded
Trade_ Product. Manufacturer. Trade_ Party,0,unbounded
Trade_ Product. End User. Trade_ Party,0,unbounded
Trade_ Product. Specified. Supply Chain_ Discrepancy,0,unbounded
Trade_ Product. Distributor. Trade_ Party,0,unbounded
Trade_ Product. Final_ Assembly. Trade_ Country,0,unbounded
Trade_ Product. Presentation. Specified_ Binary File,0,unbounded
Trade_ Product. MSDS_ Reference. Referenced_ Document,0,unbounded
Trade_ Product. Additional_ Reference. Referenced_ Document,0,unbounded
Trade_ Product. Marketing Campaign_ Reference. Referenced_ Document,0,unbounded
Trade_ Product. Legal Rights Owner. Trade_ Party,0,1
Trade_ Product. Brand Owner. Trade_ Party,0,1
Trade_ Product. Attached. Product_ Security Tag,0,unbounded
Trade_ Product. Marketing. Trade Product_ Feature,0,unbounded
Trade_ Product. Applicable. Transport_ Dangerous Goods,0,unbounded
Trade_ Product. Applicable. Keyword,0,unbounded
Trade_ Product. Included. Referenced_ Product,0,unbounded
Trade_ Product. Information. Note,0,unbounded
Trade_ Product. Origin. Logistics_ Location,0,unbounded
Trade_ Product. Applicable. Acquisition_ Contract,0,unbounded
Trade_ Product. Applicable. Disposal_ Instructions,0,unbounded
Trade_ Product. Applicable. Trade Product_ Certification,0,unbounded
Trade_ Product. Manufacture. Trade_ Country,0,1
Trade_ Product. Usage_ Information. Note,0,unbounded
Trade_ Product. Storage_ Information. Note,0,unbounded
Trade_ Product. Transport_ Information. Note,0,unbounded
Trade_ Product. Security_ Information. Note,0,unbounded
Trade_ Product. Buyer Supplied Parts_ Reference. Referenced_ Document,0,unbounded
Trade_ Product. Specified. Product_ Certificate,0,unbounded
Trade_ Product. Sales. Trade_ Country,0,unbounded
Trade_ Product. Applicable. Specified_ Period,0,unbounded
Trade_ Product. Related. Referenced_ Location,0,unbounded
Trade_ Product. Responsible. Trade_ Party,0,unbounded
Trade_ Product. Subcontractor. Trade_ Party,0,unbounded
Trade_ Product. End Use. Trade_ Product Group,0,unbounded
Trade_ Product. Specified. Product_ Colour,0,unbounded
Trade_ Product. Specified. Product_ Print,0,unbounded
Trade_ Product. Specified. Trade_ Product Group,0,unbounded
Trade_ Product. MSRP. Trade_ Price,0,1
Trade_ Product. Component. Specified_ Material,0,unbounded
Trade_ Product. Applied. Specified_ Product Finishing Treatment,0,unbounded
Trade_ Product. Applied. Specified_ Chemical Treatment,0,unbounded
Trade_ Product. Applicable. Technical_ Characteristic,0,unbounded
Trade_ Product. Applicable. Sustainability_ Characteristic,0,unbounded
Trade_ Product. Specified. Photographic_ Picture,0,unbounded
Trade_ Product. Specified. Product_ Label,0,unbounded
Trade_ Product. Care_ Specified. Product_ Label,0,unbounded
Trade_ Product. Specified. Production_ Facility,0,unbounded
Trade_ Product. Applicable. Production_ Process,0,unbounded
Trade_ Product. Specified. Supply Chain_ Event,0,unbounded
Trade_ Product. Applicable. Sustainability_ Inspection,0,unbounded
Trade_ Product. Applicable. Specified_ Inspection,0,unbounded
Trade_ Product. Quality. Specified_ Parameter,0,unbounded
Trade_ Product. Applicable. Specified_ Fault,0,unbounded
Trade_ Product. Specified. Sustainability_ Assertion,0,unbounded
Trade_ Product. Related. TT_ Animal,0,unbounded
Trade_ Product. Preservation_ Applied. Specified_ Method,0,unbounded
Trade_ Product. Related. Logistics_ Package,0,unbounded
Trade_ Product. Related. Supply Chain_ Trade Transaction,0,unbounded
Trade_ Product. Applicable. Specified_ Assessment,0,unbounded
Trade_ Product. Applicable. Specified_ Certificate,0,unbounded
Trade_ Product. Specified. Supply Chain_ Supply Plan,0,1
Trade_ Product. Applicable. Logistics_ Packaging,0,unbounded
Trade_ Product. Applicable. Specified_ Licence,0,unbounded
Trade_ Product. Applicable. Specified_ Declaration,0,unbounded
Trade_ Tax. Details,,
Trade_ Tax. Exemption Authorization_ Identification. Identifier,0,1
Trade_ Tax. Tax Exemption Authority_ Identification. Identifier,0,1
Trade_ Tax. Calculated. Amount,0,unbounded
Trade_ Tax. Type. Code,0,1
Trade_ Tax. Exemption Reason. Text,0,1
Trade_ Tax. Calculated. Rate,0,1
Trade_ Tax. Calculation Sequence. Numeric,0,unbounded
Trade_ Tax. Basis. Quantity,0,1
Trade_ Tax. Basis. Amount,0,unbounded
Trade_ Tax. Unit_ Basis. Amount,0,unbounded
Trade_ Tax. Line Total_ Basis. Amount,0,unbounded
Trade_ Tax. Allowance Charge_ Basis. Amount,0,unbounded
Trade_ Tax. Category. Code,0,1
Trade_ Tax. Currency. Code,0,1
Trade_ Tax. Jurisdiction. Text,0,unbounded
Trade_ Tax. Customs Duty. Indicator,0,1
Trade_ Tax. Exemption Reason. Code,0,unbounded
Trade_ Tax. Tax Basis Allowance. Rate,0,1
Trade_ Tax. Tax Point. Date,0,1
Trade_ Tax. Description. Text,0,unbounded
Trade_ Tax. Type. Text,0,1
Trade_ Tax. Payment. Identifier,0,1
Trade_ Tax. Payment Method. Code,0,1
Trade_ Tax. Deduction. Amount,0,unbounded
Trade_ Tax. Self-Assessed Calculated. Amount,0,unbounded
Trade_ Tax. Self-Assessed Basis. Quantity,0,1
Trade_ Tax. Self-Assessed Basis. Amount,0,unbounded
Trade_ Tax. Regime Type. Text,0,1
Trade_ Tax. Regime Type. Code,0,1
Trade_ Tax. Exemption. Indicator,0,1
Trade_ Tax. Rate. Code,0,1
Trade_ Tax. Rate. Text,0,1
Trade_ Tax. Guarantee. Code,0,1
Trade_ Tax. Guarantee. Text,0,1
Trade_ Tax. Tariff Deduction. Quantity,0,unbounded
Trade_ Tax. Information. Amount,0,unbounded
Trade_ Tax. Category Name. Text,0,unbounded
Trade_ Tax. Refund. Amount,0,unbounded
Trade_ Tax. Function. Code,0,unbounded
Trade_ Tax. Due Date Type. Code,0,1
Trade_ Tax. Applicable. Percent,0,1
Trade_ Tax. Rate_ Applicable. Percent,0,1
Trade_ Tax. Grand Total. Amount,0,unbounded
Trade_ Tax. Calculation Method. Code,0,1
Trade_ Tax. Local Tax System. Identifier,0,1
Trade_ Tax. Identification. Identifier,0,unbounded
Trade_ Tax. Specified. Trade_ Accounting Account,0,unbounded
Trade_ Tax. Deferred Status_ Party. Debtor_ Financial Account,0,1
Trade_ Tax. Service Supply. Trade_ Country,0,1
Trade_ Tax. Applicable. Trade_ Location,0,unbounded
Trade_ Tax. Buyer Repayable Tax_ Specified. Trade_ Accounting Account,0,1
Trade_ Tax. Seller Payable Tax_ Specified. Trade_ Accounting Account,0,1
Trade_ Tax. Seller Refundable Tax_ Specified. Trade_ Accounting Account,0,1
Trade_ Tax. Buyer Deductible Tax_ Specified. Trade_ Accounting Account,0,1
Trade_ Tax. Buyer Non-Deductible Tax_ Specified. Trade_ Accounting Account,0,1
Trade_ Tax. Place_ Applicable. Trade_ Location,0,unbounded
Trade_ Transport Means. Details,,
Trade_ Transport Means. Type. Code,0,1
Trade_ Transport Means. Type. Text,0,1
Trade_ Transport Means. Identification. Identifier,0,1
Trade_ Transport Mode. Details,,
Trade_ Transport Mode. Type. Code,0,1
Trade_ Transport Mode. Type. Text,0,1
Trade_ Workflow Object. Details,,
Trade_ Workflow Object. Identification. Identifier,1,1
Trade_ Workflow Object. Status. Code,1,1
Trade_ Workflow Object. Previous_ Status. Code,0,1
Transaction_ Period. Details,,
Transaction_ Period. Description. Text,1,1
Transaction_ Period. Start. Date Time,0,1
Transaction_ Period. End. Date Time,0,1
Transport Service_ Location. Details,,
Transport Service_ Location. Identification. Identifier,0,unbounded
Transport Service_ Location. Name. Text,0,unbounded
Transport Service_ Location. Type. Code,0,unbounded
Transport Service_ Location. Physical. Geographical Coordinate,0,unbounded
Transport Setting_ Temperature. Details,,
Transport Setting_ Temperature. Value. Measure,0,1
Transport Setting_ Temperature. Minimum_ Value. Measure,0,1
Transport Setting_ Temperature. Maximum_ Value. Measure,0,1
Transport Setting_ Temperature. Type. Code,0,1
Transport Setting_ Temperature. Information. Temperature Setting_ Instructions,0,1
Transportation Waste Recovery Disposal_ Process. Details,,
Transportation Waste Recovery Disposal_ Process. Type. Code,0,1
Transportation Waste Recovery Disposal_ Process. Description. Text,0,unbounded
Transportation Waste Recovery Disposal_ Process. Specified. Process_ Certificate,0,unbounded
Transportation Waste_ Material Component. Details,,
Transportation Waste_ Material Component. Type. Code,0,unbounded
Transportation Waste_ Material Component. Description. Text,0,unbounded
Transportation Waste_ Material Component. Maximum Dedicated_ Storage Capacity. Measure,0,1
Transportation Waste_ Material Component. Estimated_ Generated. Measure,0,1
Transportation Waste_ Material Component. Retained. Measure,0,1
Transportation Waste_ Material Component. Planned_ Discharged. Measure,0,1
Transportation Waste_ Material Component. Received. Measure,0,1
Transportation Waste_ Material Component. Remaining_ Delivery. Transport_ Event,0,unbounded
Transportation Waste_ Material Component. Applicable. Product_ Certificate,0,unbounded
Transportation Waste_ Material Component. Applicable. Sustainability_ Characteristic,0,unbounded
Transportation Waste_ Material. Details,,
Transportation Waste_ Material. Complete Delivery. Indicator,0,1
Transportation Waste_ Material. Type. Code,0,1
Transportation Waste_ Material. Weight. Measure,0,unbounded
Transportation Waste_ Material. Volume. Measure,0,unbounded
Transportation Waste_ Material. Previous_ Delivery. Transport_ Event,0,unbounded
Transportation Waste_ Material. Next_ Delivery. Transport_ Event,0,unbounded
Transportation Waste_ Material. Reception_ Facility. Trade_ Contact,0,unbounded
Transportation Waste_ Material. Included. Transportation Waste_ Material Component,0,unbounded
Transportation Waste_ Material. Applicable. Product_ Certificate,0,unbounded
Transportation Waste_ Material. Applicable. Sustainability_ Characteristic,0,unbounded
Transportation Waste_ Material. Applicable. Transportation Waste Recovery Disposal_ Process,0,unbounded
Transportation Waste_ Material. Port_ Reception Facility. Trade_ Party,0,unbounded
Transportation Waste_ Material. Treatment Facility. Trade_ Party,0,unbounded
Transport_ Cargo Insurance. Details,,
Transport_ Cargo Insurance. Coverage. Code,0,1
Transport_ Cargo Insurance. Coverage Description. Text,0,1
Transport_ Cargo Insurance. Contract General Conditions. Text,0,1
Transport_ Cargo Insurance. Coverage. Trade_ Party,0,1
Transport_ Cargo. Details,,
Transport_ Cargo. Type. Code,0,1
Transport_ Cargo. Identification. Text,0,unbounded
Transport_ Cargo. Operational Category. Code,0,1
Transport_ Cargo. Statistical Classification. Code,0,1
Transport_ Dangerous Goods. Details,,
Transport_ Dangerous Goods. UNDG Identification. Code,0,1
Transport_ Dangerous Goods. Regulatory Authority Name. Text,0,1
Transport_ Dangerous Goods. Regulation. Code,0,1
Transport_ Dangerous Goods. Regulation Name. Text,0,unbounded
Transport_ Dangerous Goods. Technical Name. Text,0,unbounded
Transport_ Dangerous Goods. Information. Text,0,unbounded
Transport_ Dangerous Goods. EMS. Identifier,0,1
Transport_ Dangerous Goods. TREM. Identifier,0,1
Transport_ Dangerous Goods. Upper Part Orange Hazard Placard. Identifier,0,1
Transport_ Dangerous Goods. Lower Part Orange Hazard Placard. Identifier,0,1
Transport_ Dangerous Goods. MFAG. Identifier,0,1
Transport_ Dangerous Goods. Packaging Danger Level. Code,0,1
Transport_ Dangerous Goods. Marking. Text,0,unbounded
Transport_ Dangerous Goods. Packing Instruction Type. Code,0,1
Transport_ Dangerous Goods. Pollutant Level. Code,0,1
Transport_ Dangerous Goods. Gross Weight. Measure,0,1
Transport_ Dangerous Goods. Hazard Type. Code,0,unbounded
Transport_ Dangerous Goods. Hazard Classification. Identifier,0,1
Transport_ Dangerous Goods. Additional_ Hazard Classification. Identifier,0,1
Transport_ Dangerous Goods. Hazard Class Version. Identifier,0,1
Transport_ Dangerous Goods. Gross Volume. Measure,0,1
Transport_ Dangerous Goods. Pollutant. Indicator,0,1
Transport_ Dangerous Goods. Marine_ Pollutant. Indicator,0,1
Transport_ Dangerous Goods. Net Weight. Measure,0,1
Transport_ Dangerous Goods. Explosive Cargo_ Net Weight. Measure,0,1
Transport_ Dangerous Goods. Proper Shipping Name. Text,0,1
Transport_ Dangerous Goods. Supplementary_ Information. Text,0,1
Transport_ Dangerous Goods. Explosive_ Compatibility Group. Code,0,1
Transport_ Dangerous Goods. Reportable. Quantity,0,1
Transport_ Dangerous Goods. Tunnel Restriction. Code,0,1
Transport_ Dangerous Goods. Special Provision. Identifier,0,1
Transport_ Dangerous Goods. Hazard_ Category. Code,0,1
Transport_ Dangerous Goods. IMDG Segregation Group. Code,0,1
Transport_ Dangerous Goods. Authorization_ Information. Text,0,1
Transport_ Dangerous Goods. All Packed In One_ Information. Text,0,1
Transport_ Dangerous Goods. Q-Value. Numeric,0,1
Transport_ Dangerous Goods. Overpack_ Information. Text,0,1
Transport_ Dangerous Goods. Aircraft Limitation_ Information. Text,0,1
Transport_ Dangerous Goods. Compliance Declaration_ Information. Text,0,1
Transport_ Dangerous Goods. Shipper Declaration_ Information. Text,0,1
Transport_ Dangerous Goods. Limited Quantity. Code,0,unbounded
Transport_ Dangerous Goods. Package Type. Code,0,1
Transport_ Dangerous Goods. Maritime_ Pollutant Type. Code,0,unbounded
Transport_ Dangerous Goods. Radioactive. Indicator,0,1
Transport_ Dangerous Goods. Marine Pollutant Volume. Measure,0,unbounded
Transport_ Dangerous Goods. Viscosity. Measure,0,unbounded
Transport_ Dangerous Goods. Density. Measure,0,unbounded
Transport_ Dangerous Goods. Melting Point Temperature. Measure,0,unbounded
Transport_ Dangerous Goods. Crew Emergency_ Information. Text,0,unbounded
Transport_ Dangerous Goods. Excepted Quantity Statement_ Information. Text,0,unbounded
Transport_ Dangerous Goods. Expert Training Certificate_ Information. Text,0,unbounded
Transport_ Dangerous Goods. Explosive Label Statement_ Information. Text,0,unbounded
Transport_ Dangerous Goods. Crew Member Emergency Identity_ Information. Text,0,unbounded
Transport_ Dangerous Goods. Tank Type Certificate_ Information. Text,0,unbounded
Transport_ Dangerous Goods. Previous Cargo_ Information. Text,0,unbounded
Transport_ Dangerous Goods. Transport Expert. Trade_ Contact,0,1
Transport_ Dangerous Goods. Emergency. Trade_ Contact,0,1
Transport_ Dangerous Goods. Flashpoint Temperature. Measurement,0,unbounded
Transport_ Dangerous Goods. Control Temperature. Measurement,0,1
Transport_ Dangerous Goods. Emergency Temperature. Measurement,0,1
Transport_ Dangerous Goods. Radioactive. Radioactive_ Material,0,1
Transport_ Dangerous Goods. Handling. Handling_ Instructions,0,unbounded
Transport_ Dangerous Goods. Associated. Referenced_ Logistics_ Transport Equipment,0,unbounded
Transport_ Dangerous Goods. Specified. Logistics_ Package,0,unbounded
Transport_ Dangerous Goods. Stated. Specified_ Condition,0,unbounded
Transport_ Dangerous Goods. Related. Referenced_ Document,0,unbounded
Transport_ Dangerous Goods. Included. Specified_ Fuel,0,unbounded
Transport_ Event. Details,,
Transport_ Event. Identification. Identifier,0,1
Transport_ Event. Type. Code,0,1
Transport_ Event. Description. Text,0,unbounded
Transport_ Event. Estimated_ Occurrence. Date Time,0,1
Transport_ Event. Actual_ Occurrence. Date Time,0,1
Transport_ Event. Scheduled_ Occurrence. Date Time,0,1
Transport_ Event. Requested_ Occurrence. Date Time,0,1
Transport_ Event. Arrival_ Related. Date Time,0,unbounded
Transport_ Event. Departure_ Related. Date Time,0,unbounded
Transport_ Event. Estimated Transport Means Arrival_ Occurrence. Date Time,0,1
Transport_ Event. Unit. Quantity,0,1
Transport_ Event. Scheduled Arrival_ Related. Date Time,0,1
Transport_ Event. Actual Arrival_ Related. Date Time,0,1
Transport_ Event. Scheduled Departure_ Related. Date Time,0,1
Transport_ Event. Actual Departure_ Related. Date Time,0,1
Transport_ Event. Security Level. Code,0,unbounded
Transport_ Event. Reported Condition_ Type. Code,0,1
Transport_ Event. Value. Measure,0,1
Transport_ Event. Received. Date Time,0,1
Transport_ Event. Expected. Indicator,0,1
Transport_ Event. Maritime Anchorage. Indicator,0,1
Transport_ Event. Pilot Boarding Place. Text,0,unbounded
Transport_ Event. Anchorage_ Description. Text,0,unbounded
Transport_ Event. Anchorage_ Expected. Indicator,0,1
Transport_ Event. Specified. Transport_ Instructions,0,unbounded
Transport_ Event. Occurrence. Logistics_ Location,0,1
Transport_ Event. Occurrence. Specified_ Period,0,unbounded
Transport_ Event. Transport Means Stay_ Occurrence. Specified_ Period,0,1
Transport_ Event. Delay_ Occurrence. Specified_ Period,0,unbounded
Transport_ Event. Laycan_ Occurrence. Specified_ Period,0,1
Transport_ Event. Cargo Facility_ Related. Logistics_ Location,0,1
Transport_ Event. Conveyance Facility_ Related. Logistics_ Location,0,unbounded
Transport_ Event. Certifying. Trade_ Party,0,unbounded
Transport_ Event. Related. Transport_ Route,0,1
Transport_ Event. Requested_ Related. Referenced Transport_ Service,0,unbounded
Transport_ Event. Delay_ Specified. Referenced_ Transport_ Event,0,unbounded
Transport_ Event. Stay_ Specified. Referenced_ Transport_ Event,0,unbounded
Transport_ Event. Applicable. Note,0,unbounded
Transport_ Event. Related. Specified_ Observation,0,unbounded
Transport_ Event. Additional Security Measures_ Applicable. Note,0,unbounded
Transport_ Event. Reporting. Monitoring_ IOT Device,0,unbounded
Transport_ Event. Associated. Specified_ Geographical Feature,0,unbounded
Transport_ Event. Previous_ Associated. Specified_ Geographical Feature,0,unbounded
Transport_ Event. Actual_ Occurrence. Specified_ Period,0,1
Transport_ Event. Scheduled_ Occurrence. Specified_ Period,0,1
Transport_ Event. Pre-Transhipment Transport Equipment_ Applicable. Note,0,unbounded
Transport_ Event. Transport Information_ Applicable. Note,0,unbounded
Transport_ Instructions. Details,,
Transport_ Instructions. Type. Text,0,unbounded
Transport_ Instructions. Description. Text,0,unbounded
Transport_ Instructions. Description. Code,0,1
Transport_ Person. Details,,
Transport_ Person. Identification. Identifier,0,1
Transport_ Person. Name. Text,0,1
Transport_ Person. Birth. Date Time,0,1
Transport_ Person. Language. Identifier,0,unbounded
Transport_ Person. Role. Text,0,unbounded
Transport_ Person. Role. Code,0,unbounded
Transport_ Person. Category. Code,0,unbounded
Transport_ Person. Gender. Code,0,unbounded
Transport_ Person. Given Name. Text,0,unbounded
Transport_ Person. Family Name. Text,0,unbounded
Transport_ Person. Birth Country. Identifier,0,1
Transport_ Person. Birthplace Name. Text,0,1
Transport_ Person. In Transit. Indicator,0,1
Transport_ Person. Embarkation. Date Time,0,unbounded
Transport_ Person. Disembarkation. Date Time,0,unbounded
Transport_ Person. Onboard. Indicator,0,1
Transport_ Person. Cabin. Identifier,0,unbounded
Transport_ Person. Booking. Identifier,0,unbounded
Transport_ Person. Passenger. Identifier,0,unbounded
Transport_ Person. Nationality. Trade_ Country,0,unbounded
Transport_ Person. Specific. Certified_ Accreditation,0,unbounded
Transport_ Person. Attained. Academic_ Qualification,0,unbounded
Transport_ Person. Embarkation. Logistics_ Location,0,unbounded
Transport_ Person. Disembarkation. Logistics_ Location,0,unbounded
Transport_ Person. Travel Identity. Referenced_ Document,0,unbounded
Transport_ Person. Travel_ Visa. Referenced_ Document,0,unbounded
Transport_ Person. Declared. Specified_ Personal Effects,0,unbounded
Transport_ Person. Landline_ Telephone. Universal_ Communication,0,unbounded
Transport_ Person. Mobile_ Telephone. Universal_ Communication,0,unbounded
Transport_ Person. Email_ URI. Universal_ Communication,0,unbounded
Transport_ Person. Reported. MDH_ Illness,0,unbounded
Transport_ Person. Identified. Found_ Stowaway,0,unbounded
Transport_ Route. Details,,
Transport_ Route. Identification. Identifier,0,1
Transport_ Route. Description. Text,0,1
Transport_ Route. Departure Point. Text,0,unbounded
Transport_ Route. Map. Binary Object,0,1
Transport_ Route. Transport Means. Text,0,unbounded
Transport_ Route. Frequency Type. Code,0,1
Transport_ Route. Status. Code,0,1
Transport_ Route. Security Level. Code,0,unbounded
Transport_ Route. Type. Text,0,unbounded
Transport_ Route. Itinerary Stop. Transport_ Event,0,unbounded
Transport_ Route. Specified. Logistics_ Transport Movement,0,1
Transport_ Route. Scheduled. Specified_ Period,0,1
Transport_ Route. Frequency Effective. Specified_ Period,0,unbounded
Transport_ Service. Details,,
Transport_ Service. Identification. Identifier,0,1
Transport_ Service. Description. Text,0,1
Transport_ Service. Name. Text,0,1
Transport_ Service. Charge. Amount,0,1
Transport_ Service. Condition_ Type. Code,0,unbounded
Transport_ Service. Category_ Type. Code,0,unbounded
Transport_ Service. Priority. Code,0,1
Transport_ Service. Service Requirement. Code,0,unbounded
Transport_ Service. Information. Text,0,unbounded
Transport_ Service. Payment Arrangement. Code,0,1
Transport_ Service. Reason. Code,0,unbounded
Transport_ Service. Contract Movement_ Type. Code,0,unbounded
Transport_ Service. Specified. Transport_ Route,0,unbounded
Transport_ Service. Effective. Specified_ Period,0,1
Transport_ Service. URI. Universal_ Communication,0,1
Transport_ Service. Requester. Trade_ Party,0,unbounded
Transport_ Service. Responsible. Trade_ Party,0,unbounded
Travel Product_ Feature. Details,,
Travel Product_ Feature. Keyword_ Marketing Phrase. Text,0,unbounded
Travel Product_ Feature. Marketing Phrase. Text,0,unbounded
Travel Product_ Feature. Description. Text,0,1
Travel Product_ Intermediary Sale. Details,,
Travel Product_ Intermediary Sale. Guarantee Required. Indicator,0,1
Travel Product_ Intermediary Sale. Guarantee. Text,0,1
Travel Product_ Intermediary Sale. Commission Payable. Indicator,0,1
Travel Product_ Intermediary Sale. Commission. Percent,0,1
Travel Product_ Intermediary Sale. Commission. Amount,0,1
Travel Product_ Intermediary Sale. Deadline. Code,0,1
Travel Product_ Intermediary Sale. Description. Text,0,1
Travel Product_ Note. Details,,
Travel Product_ Note. Content. Code,0,1
Travel Product_ Note. Content. Text,0,1
Travel Product_ Note. Creation. Date Time,0,1
Travel Product_ Note. Identification. Identifier,0,1
Travel Product_ Note. Name. Text,0,1
Travel Product_ Note. Subject. Code,0,1
Travel Product_ Note. Subject. Text,0,1
Travel Product_ Period. Details,,
Travel Product_ Period. Purpose. Code,0,1
Travel Product_ Period. Start. Date Time,0,1
Travel Product_ Period. End. Date Time,0,1
Travel Product_ Period. Description. Text,0,1
Travel Product_ Reservation Item. Details,,
Travel Product_ Reservation Item. Unit. Quantity,0,1
Travel Product_ Reservation Item. Unit. Identifier,0,1
Travel Product_ Reservation Item. Description. Text,0,1
Travel Product_ Tax. Details,,
Travel Product_ Tax. Type. Code,0,1
Travel Product_ Tax. Category. Code,0,1
Travel Product_ Tax. Basis. Code,0,1
Travel Product_ Tax. Calculated. Amount,0,1
Travel Product_ Tax. Calculated. Rate,0,1
Travel Product_ Tax. Tax Free. Amount,0,1
Travel Product_ Tax. Validity. Travel Product_ Period,0,unbounded
Travel Product_ Tax. Additional Information. Travel Product_ Note,0,unbounded
Travel_ Guest Arrival. Details,,
Travel_ Guest Arrival. Transport Mode. Code,0,1
Travel_ Guest Arrival. Carrier Name. Text,0,1
Travel_ Guest Arrival. Carrier. Identifier,0,1
Travel_ Guest Arrival. Expected. Date Time,0,1
Travel_ Guest Arrival. Description. Text,0,1
Travel_ Membership. Details,,
Travel_ Membership. Identification. Identifier,0,1
Travel_ Membership. Start. Date Time,0,1
Travel_ Membership. End. Date Time,0,1
Travel_ Payment. Details,,
Travel_ Payment. Instruction. Identifier,0,1
Travel_ Payment. Received. Date Time,0,1
Travel_ Payment. Paid. Amount,0,1
Travel_ Payment. Tax. Amount,0,1
Travel_ Payment. Creation. Date Time,0,1
Travel_ Payment. Priority. Code,0,1
Travel_ Payment. Status. Code,0,1
Travel_ Payment. Reason. Code,0,1
Travel_ Payment. Due. Date Time,0,1
Travel_ Payment. Information. Text,0,1
Travel_ Payment. Identified. Financial_ Guarantee,0,1
Travel_ Payment. Identified. Trade Settlement_ Payment Means,0,unbounded
Travel_ Sales Channel. Details,,
Travel_ Sales Channel. Category. Code,0,1
Travel_ Sales Channel. Reservation Requested. Date Time,0,1
Travel_ Sales Channel. Reservation Data Locator. Identifier,0,1
Travel_ Sales Channel. Status. Code,0,1
Travel_ Sales Channel. Description. Text,0,1
Travel_ Voucher. Details,,
Travel_ Voucher. Face. Amount,0,1
Travel_ Voucher. Type. Code,0,1
Travel_ Voucher. Identification. Identifier,0,1
Travel_ Voucher. Issue. Date Time,0,1
Travel_ Voucher. Issuing Company Name. Text,0,1
Travel_ Voucher. Description. Text,0,1
Travel_ Voucher. Applicable. Indicator,0,1
TT Aggregation_ Event. Details,,
TT Aggregation_ Event. Occurrence. Date Time,1,1
TT Aggregation_ Event. Recorded. Date Time,1,1
TT Aggregation_ Event. Parent Object_ Identification. Identifier,0,1
TT Aggregation_ Event. Child Object Instance_ Identification. Identifier,0,unbounded
TT Aggregation_ Event. Action. Code,1,1
TT Aggregation_ Event. Business_ Step. Code,0,1
TT Aggregation_ Event. Disposition. Code,0,1
TT Aggregation_ Event. Identification. Identifier,0,1
TT Aggregation_ Event. Related. TT_ Location,0,1
TT Aggregation_ Event. Specified. TT_ Trade Transaction,0,unbounded
TT Aggregation_ Event. Child Quantity_ Specified. TT_ Event Element,0,unbounded
TT Aggregation_ Event. Source_ Related. TT_ Party,0,unbounded
TT Aggregation_ Event. Destination_ Related. TT_ Party,0,unbounded
TT Aggregation_ Event. Read Point_ Related. TT_ Location,0,1
TT Aggregation_ Event. Related. Specified_ Certification,0,unbounded
TT Aggregation_ Event. Specified. Declared_ Error,0,unbounded
TT Exchanged_ Document. Details,,
TT Exchanged_ Document. Identification. Identifier,1,1
TT Exchanged_ Document. Description. Text,0,1
TT Exchanged_ Document. Type. Code,0,1
TT Exchanged_ Document. Issue. Date Time,0,1
TT Exchanged_ Document. Status. Code,0,1
TT Exchanged_ Document. Purpose. Code,0,1
TT Exchanged_ Document. Sender_ Specified. TT_ Party,1,1
TT Exchanged_ Document. Receiver_ Specified. TT_ Party,1,1
TT Object_ Event. Details,,
TT Object_ Event. Occurrence. Date Time,1,1
TT Object_ Event. Recorded. Date Time,1,1
TT Object_ Event. Object Instance_ Identification. Identifier,0,unbounded
TT Object_ Event. Action. Code,1,1
TT Object_ Event. Business_ Step. Code,0,1
TT Object_ Event. Disposition. Code,0,1
TT Object_ Event. Identification. Identifier,0,1
TT Object_ Event. Read Point_ Related. TT_ Location,0,1
TT Object_ Event. Business_ Related. TT_ Location,0,1
TT Object_ Event. Specified. TT_ Trade Transaction,0,unbounded
TT Object_ Event. Quantity_ Specified. TT_ Event Element,0,unbounded
TT Object_ Event. Source_ Related. TT_ Party,0,unbounded
TT Object_ Event. Destination_ Related. TT_ Party,0,unbounded
TT Object_ Event. Specified. Declared_ Error,0,unbounded
TT Object_ Event. Related. Specified_ Certification,0,unbounded
TT Product Process_ Event. Details,,
TT Product Process_ Event. Location. Identifier,0,1
TT Product Process_ Event. Type. Code,1,1
TT Product Process_ Event. Occurrence. Date Time,1,1
TT Product Process_ Event. Output Object_ Instance. Identifier,0,unbounded
TT Product Process_ Event. Business Step. Code,0,1
TT Product Process_ Event. Related. TT_ Location,1,unbounded
TT Product Process_ Event. Related. Technical_ Characteristic,0,unbounded
TT Product_ Batch. Details,,
TT Product_ Batch. Identification. Identifier,0,1
TT Product_ Batch. Creation. Date Time,0,1
TT Product_ Batch. Break Up. Date Time,0,1
TT Product_ Batch. Sale. Date Time,0,1
TT Product_ Batch. Sales Note. Identifier,0,1
TT Product_ Batch. FLUX_ Identification. Identifier,0,unbounded
TT Product_ Batch. Minimum_ Size. Measure,0,1
TT Product_ Batch. Maximum_ Size. Measure,0,1
TT Product_ Batch. Unit. Quantity,0,1
TT Product_ Batch. Weight. Measure,0,1
TT Product_ Batch. Specified. Delimited_ Period,0,1
TT Product_ Batch. Aggregated_ Specified. TT_ Batch History Record,0,unbounded
TT Product_ Batch. Specified. TT_ Batch History Record,0,unbounded
TT Product_ Identity. Details,,
TT Product_ Identity. Identification. Identifier,1,1
TT Product_ Identity. Identifier Length. Numeric,0,1
TT Product_ Identity. Legal Basis. Text,0,1
TT Product_ Identity. Version. Identifier,0,1
TT Product_ Identity. Specified. TT Product_ Label,0,unbounded
TT Product_ Label. Details,,
TT Product_ Label. Attachment. Date Time,0,1
TT Product_ Label. Type. Text,0,1
TT Product_ Trade Delivery. Details,,
TT Product_ Trade Delivery. Identification. Identifier,0,1
TT Product_ Trade Delivery. Responsible. TT_ Party,0,1
TT Product_ Trade Delivery. Included. TT_ Product,0,unbounded
TT Product_ Trade Delivery. Related. TT_ Consignment,0,unbounded
TT Product_ Trade Delivery. Specified_ Delivery. TT_ Event,0,unbounded
TT Product_ Trade Delivery. Specified_ Despatch. TT_ Event,0,unbounded
TT Transaction_ Event. Details,,
TT Transaction_ Event. Occurrence. Date Time,1,1
TT Transaction_ Event. Recorded. Date Time,1,1
TT Transaction_ Event. Parent Object_ Identification. Identifier,0,1
TT Transaction_ Event. Object Instance_ Identification. Identifier,0,unbounded
TT Transaction_ Event. Action. Code,1,1
TT Transaction_ Event. Business_ Step. Code,0,1
TT Transaction_ Event. Disposition. Code,0,1
TT Transaction_ Event. Identification. Identifier,0,1
TT Transaction_ Event. Read Point_ Related. TT_ Location,0,1
TT Transaction_ Event. Business_ Related. TT_ Location,0,1
TT Transaction_ Event. Specified. TT_ Trade Transaction,1,unbounded
TT Transaction_ Event. Quantity_ Specified. TT_ Event Element,0,unbounded
TT Transaction_ Event. Source_ Related. TT_ Party,0,unbounded
TT Transaction_ Event. Destination_ Related. TT_ Party,0,unbounded
TT Transaction_ Event. Specified. Declared_ Error,0,unbounded
TT Transaction_ Event. Related. Specified_ Certification,0,unbounded
TT Transformation_ Event. Details,,
TT Transformation_ Event. Occurrence. Date Time,1,1
TT Transformation_ Event. Recorded. Date Time,1,1
TT Transformation_ Event. Input Object Instance_ Identification. Identifier,0,unbounded
TT Transformation_ Event. Output Object Instance_ Identification. Identifier,0,unbounded
TT Transformation_ Event. Disposition. Code,0,1
TT Transformation_ Event. Business_ Step. Code,0,1
TT Transformation_ Event. Identification. Identifier,0,1
TT Transformation_ Event. Transformation_ Identification. Identifier,0,1
TT Transformation_ Event. Read Point_ Related. TT_ Location,0,1
TT Transformation_ Event. Business_ Related. TT_ Location,0,1
TT Transformation_ Event. Specified. TT_ Trade Transaction,0,unbounded
TT Transformation_ Event. Input Quantity_ Specified. TT_ Event Element,0,unbounded
TT Transformation_ Event. Output Quantity_ Specified. TT_ Event Element,0,unbounded
TT Transformation_ Event. Source_ Related. TT_ Party,0,unbounded
TT Transformation_ Event. Destination_ Related. TT_ Party,0,unbounded
TT Transformation_ Event. Specified. Declared_ Error,0,unbounded
TT Transformation_ Event. Related. Specified_ Certification,0,unbounded
TT_ Animal. Details,,
TT_ Animal. Species_ Type. Code,1,1
TT_ Animal. Holder Responsible. TT_ Party,1,1
TT_ Animal. Applicable. Animal_ Trade Delivery,0,1
TT_ Animal. Related. TT_ Consignment,0,unbounded
TT_ Animal. Specified. Animal_ Batch,0,1
TT_ Animal. Specified. Animal_ Identity,1,unbounded
TT_ Animal. Specified. Individual TT_ Animal,0,1
TT_ Animal. Specified. Delimited_ Period,0,unbounded
TT_ Animal. Specified. Animal Holding_ Event,1,unbounded
TT_ Animal. Specified. Animal_ Certificate,0,unbounded
TT_ Animal. Specified. Species TT_ Animal,0,unbounded
TT_ Animal. Related. TT_ Location,0,unbounded
TT_ Batch History Record. Details,,
TT_ Batch History Record. Initial_ Batch. Identifier,0,1
TT_ Batch History Record. Issuer Assigned_ Identification. Identifier,0,1
TT_ Batch History Record. Origin Batch_ Country. Identifier,0,1
TT_ Batch History Record. Status. Code,0,1
TT_ Batch History Record. Disassembled_ Related. Animal_ Batch,0,unbounded
TT_ Batch History Record. Related. Animal_ Batch,0,unbounded
TT_ Batch History Record. Disassembled_ Related. TT Product_ Batch,0,unbounded
TT_ Batch History Record. Related. TT Product_ Batch,0,unbounded
TT_ Consignment. Details,,
TT_ Consignment. Specified. TT_ Transport Movement,0,unbounded
TT_ Event Element. Details,,
TT_ Event Element. Object Class_ Identification. Identifier,1,1
TT_ Event Element. Unit. Quantity,0,1
TT_ Event. Details,,
TT_ Event. Occurrence. TT_ Location,0,unbounded
TT_ Event. Occurrence. Delimited_ Period,0,unbounded
TT_ Location. Details,,
TT_ Location. Identification. Identifier,0,1
TT_ Location. Name. Text,0,unbounded
TT_ Location. Type. Code,0,1
TT_ Location. Description. Text,0,unbounded
TT_ Location. Specified. Animal Holding_ Event,0,unbounded
TT_ Location. Applicable. Technical_ Characteristic,0,unbounded
TT_ Location. Responsible. TT_ Party,0,1
TT_ Location. Specified. TT_ Animal,0,unbounded
TT_ Location. Specified. Geographical_ Area,0,1
TT_ Location. Specified. TT Product Process_ Event,0,unbounded
TT_ Location. Specified. TT_ Product,0,unbounded
TT_ Location. Specified. Structured_ Address,0,1
TT_ Party. Details,,
TT_ Party. Identification. Identifier,1,unbounded
TT_ Party. Type. Code,0,unbounded
TT_ Party. Name. Text,0,1
TT_ Party. Role. Code,0,unbounded
TT_ Party. Residence_ Country. Identifier,0,1
TT_ Party. Type_ Identification. Identifier,0,unbounded
TT_ Party. Defined. Party_ Contact,0,unbounded
TT_ Party. Specified. Structured_ Address,0,unbounded
TT_ Party. Postal. Structured_ Address,0,unbounded
TT_ Party. Managed. Technical_ Characteristic,0,unbounded
TT_ Party. Specified. TT_ Location,0,unbounded
TT_ Party. Specified. TT_ Animal,0,unbounded
TT_ Party. Specified. Location Responsible_ Organization,0,1
TT_ Party. Managed. TT_ Transport Means,0,unbounded
TT_ Party. Specified. TT_ Product,0,unbounded
TT_ Product. Details,,
TT_ Product. Description. Code,0,unbounded
TT_ Product. Production Mode. Code,0,unbounded
TT_ Product. Type. Code,0,unbounded
TT_ Product. Species Name. Code,0,unbounded
TT_ Product. Responsible. TT_ Party,1,1
TT_ Product. Applicable. TT Product_ Trade Delivery,0,1
TT_ Product. Specified. TT_ Consignment,0,unbounded
TT_ Product. Specified. TT Product_ Batch,0,unbounded
TT_ Product. Specified. TT Product_ Identity,0,unbounded
TT_ Product. Specified. Delimited_ Period,0,unbounded
TT_ Product. Specified. TT Product Process_ Event,0,unbounded
TT_ Product. Specified. Product_ Certificate,0,unbounded
TT_ Product. Related. Species_ TT_ Product,0,unbounded
TT_ Product. Related. TT_ Location,0,unbounded
TT_ Product. Related. TT_ Transport Movement,0,unbounded
TT_ Production. Details,,
TT_ Production. Process Step. Code,0,1
TT_ Production. Product_ Type. Code,0,1
TT_ Trade Transaction. Details,,
TT_ Trade Transaction. Identification. Identifier,1,1
TT_ Trade Transaction. Type_ Identification. Identifier,0,1
TT_ Trade Transaction. URI. Identifier,0,1
TT_ Transport Means. Details,,
TT_ Transport Means. Identification. Identifier,1,1
TT_ Transport Means. Name. Text,1,1
TT_ Transport Means. Type. Code,1,1
TT_ Transport Means. TT_ Responsible. TT_ Party,0,1
TT_ Transport Means. FA_ Specified. Delimited_ Period,0,1
TT_ Transport Means. FA_ Specified. Geographical_ Area,0,1
TT_ Transport Movement. Details,,
TT_ Transport Movement. Arrival. TT_ Event,0,unbounded
TT_ Transport Movement. Departure. TT_ Event,0,unbounded
TT_ Transport Movement. Intermediate. TT_ Event,0,unbounded
TT_ Transport Movement. Used. TT_ Transport Means,0,1
TT_ Transport Movement. Carrier. TT_ Party,0,1
Ultimate Creditor_ Party. Details,,
Ultimate Creditor_ Party. Name. Text,0,1
Ultimate Creditor_ Party. BIC_ Identification. Identifier,0,1
Ultimate Creditor_ Party. IBEI_ Identification. Identifier,0,1
Ultimate Creditor_ Party. BEI_ Identification. Identifier,0,1
Ultimate Creditor_ Party. GLN_ Identification. Identifier,0,1
Ultimate Creditor_ Party. CHIPS Universal_ Identification. Identifier,0,1
Ultimate Creditor_ Party. DUNS_ Identification. Identifier,0,1
Ultimate Creditor_ Party. Bank Assigned_ Identification. Text,0,1
Ultimate Creditor_ Party. Tax_ Identification. Identifier,0,2
Ultimate Creditor_ Party. Proprietary_ Identification. Text,0,2
Ultimate Creditor_ Party. Drivers License_ Identification. Identifier,0,1
Ultimate Creditor_ Party. Customer_ Identification. Identifier,0,1
Ultimate Creditor_ Party. Social Security_ Identification. Identifier,0,1
Ultimate Creditor_ Party. Alien Registration_ Identification. Identifier,0,1
Ultimate Creditor_ Party. Passport_ Identification. Identifier,0,1
Ultimate Creditor_ Party. Identity Card_ Identification. Identifier,0,1
Ultimate Creditor_ Party. Residence Country. Identifier,0,1
Ultimate Creditor_ Party. Postal. Financial Institution_ Address,0,1
Ultimate Creditor_ Party. Specified. Payment_ Person,0,1
Ultimate Creditor_ Party. Specified. Employer_ Identity,0,1
Ultimate Creditor_ Party. Specified. Proprietary Identification Issuer_ Identity,0,2
Ultimate Debtor_ Party. Details,,
Ultimate Debtor_ Party. Name. Text,0,1
Ultimate Debtor_ Party. BIC_ Identification. Identifier,0,1
Ultimate Debtor_ Party. IBEI_ Identification. Identifier,0,1
Ultimate Debtor_ Party. BEI_ Identification. Identifier,0,1
Ultimate Debtor_ Party. GLN_ Identification. Identifier,0,1
Ultimate Debtor_ Party. CHIPS Universal_ Identification. Identifier,0,1
Ultimate Debtor_ Party. DUNS_ Identification. Identifier,0,1
Ultimate Debtor_ Party. Bank Assigned_ Identification. Text,0,1
Ultimate Debtor_ Party. Tax_ Identification. Identifier,0,2
Ultimate Debtor_ Party. Proprietary_ Identification. Text,0,2
Ultimate Debtor_ Party. Drivers License_ Identification. Identifier,0,1
Ultimate Debtor_ Party. Customer_ Identification. Identifier,0,1
Ultimate Debtor_ Party. Social Security_ Identification. Identifier,0,1
Ultimate Debtor_ Party. Alien Registration_ Identification. Identifier,0,1
Ultimate Debtor_ Party. Passport_ Identification. Identifier,0,1
Ultimate Debtor_ Party. Identity Card_ Identification. Identifier,0,1
Ultimate Debtor_ Party. Residence Country. Identifier,0,1
Ultimate Debtor_ Party. Postal. Financial Institution_ Address,0,1
Ultimate Debtor_ Party. Specified. Payment_ Person,0,1
Ultimate Debtor_ Party. Specified. Employer_ Identity,0,1
Ultimate Debtor_ Party. Specified. Proprietary Identification Issuer_ Identity,0,2
Universal_ Communication. Details,,
Universal_ Communication. URI. Identifier,0,1
Universal_ Communication. Channel. Code,0,1
Universal_ Communication. Local Number. Text,0,1
Universal_ Communication. Complete Number. Text,0,1
Universal_ Communication. Country Number. Code,0,1
Universal_ Communication. Extension Number. Text,0,1
Universal_ Communication. Area Number. Code,0,1
Universal_ Communication. Access. Text,0,unbounded
Universal_ Communication. Use. Code,0,1
Universal_ Communication. HTML Preferred. Indicator,0,1
Universal_ Communication. Website_ URI. Identifier,0,1
Universal_ Communication. Email_ URI. Identifier,0,1
Universal_ Communication. Invalid. Indicator,0,1
Universal_ Communication. Description. Text,0,unbounded
Universal_ Communication. Usage. Specified_ Preference,0,1
Unspecified Chemical Property Range_ Measurement. Details,,
Unspecified Chemical Property Range_ Measurement. Lower Limit_ Comparison Operator. Code,0,1
Unspecified Chemical Property Range_ Measurement. Upper Limit_ Comparison Operator. Code,0,1
Unspecified Chemical Property Range_ Measurement. Lower Limit_ Actual. Measure,0,1
Unspecified Chemical Property Range_ Measurement. Upper Limit_ Actual. Measure,0,1
Unspecified Chemical Property Range_ Measurement. Test_ Method. Text,0,1
Unspecified Chemical Property Range_ Measurement. Temperature_ Condition. Measure,0,1
Unspecified Chemical Property Range_ Measurement. Description. Text,0,1
Unspecified Chemical Property Range_ Measurement. Type. Code,0,1
Unspecified Physical Property Range_ Measurement. Details,,
Unspecified Physical Property Range_ Measurement. Lower Limit_ Comparison Operator. Code,0,1
Unspecified Physical Property Range_ Measurement. Upper Limit_ Comparison Operator. Code,0,1
Unspecified Physical Property Range_ Measurement. Lower Limit_ Actual. Measure,0,1
Unspecified Physical Property Range_ Measurement. Upper Limit_ Actual. Measure,0,1
Unspecified Physical Property Range_ Measurement. Test_ Method. Text,0,1
Unspecified Physical Property Range_ Measurement. Temperature_ Condition. Measure,0,1
Unspecified Physical Property Range_ Measurement. Description. Text,0,1
Unspecified Physical Property Range_ Measurement. Type. Code,0,1
Unstructured_ Address. Details,,
Unstructured_ Address. Identification. Identifier,0,1
Unstructured_ Address. Postcode. Code,0,1
Unstructured_ Address. Line One. Text,0,1
Unstructured_ Address. Line Two. Text,0,1
Unstructured_ Address. Line Three. Text,0,1
Unstructured_ Address. Line Four. Text,0,1
Unstructured_ Address. Line Five. Text,0,1
Unstructured_ Address. City Name. Text,0,1
Unstructured_ Address. Country. Identifier,0,1
Unstructured_ Address. City Sub-Division Name. Text,0,1
Unstructured_ Address. Country Name. Text,0,1
Unstructured_ Address. Country Sub-Division Name. Text,0,unbounded
Unstructured_ Address. Type. Code,0,1
Unstructured_ Address. Country Sub-Division. Identifier,0,1
Unstructured_ Address. City. Identifier,0,1
Unstructured_ Address. Format. Code,0,1
Unstructured_ Address. Post Office Box. Text,0,1
Unstructured_ Address. Operation Centre. Text,0,1
Unstructured_ Telecommunication_ Communication. Details,,
Unstructured_ Telecommunication_ Communication. Complete Number. Text,0,1
Usage Condition. Details,,
Usage Condition. Age Limitation. Text,0,unbounded
Usage Condition. Applicable. Indicator,0,unbounded
Usage Condition. Appropriate Clothing. Text,0,1
Usage Condition. Description. Text,0,1
Usage Condition. Duration. Text,0,1
Usage Condition. Gender Limitation. Text,0,1
Usage Condition. Identification. Identifier,0,unbounded
Usage Condition. Occupancy. Text,0,unbounded
Usage Condition. Physical Characteristic. Text,0,unbounded
Usage Condition. Required. Indicator,0,1
Validation Result_ Document. Details,,
Validation Result_ Document. Validator_ Identification. Identifier,0,1
Validation Result_ Document. Creation. Date Time,0,1
Validation Result_ Document. Related. Validation_ Quality Analysis,0,unbounded
Validation_ Quality Analysis. Details,,
Validation_ Quality Analysis. Level. Code,0,1
Validation_ Quality Analysis. Type. Code,0,1
Validation_ Quality Analysis. Result. Text,0,unbounded
Validation_ Quality Analysis. Identification. Identifier,0,1
Validation_ Quality Analysis. Description. Text,0,1
Validation_ Quality Analysis. Referenced_ Item. Text,0,unbounded
Validation_ Status. Details,,
Validation_ Status. Condition. Code,0,1
Validation_ Status. Reason. Code,0,1
Validation_ Status. Reason. Text,0,unbounded
Validation_ Status. Additional_ Reason. Text,0,unbounded
Validity_ Accounting Check. Details,,
Validity_ Accounting Check. Document Type. Code,0,1
Validity_ Accounting Check. Total Element. Quantity,0,1
Validity_ Accounting Check. Total Debit. Amount,0,1
Validity_ Accounting Check. Total Credit. Amount,0,1
Validity_ Accounting Check. Excluded. Chart Of Accounts_ Accounting Account Boundary,0,unbounded
Validity_ Accounting Check. Included. Chart Of Accounts_ Accounting Account Boundary,0,unbounded
Valuation_ Breakdown Statement. Details,,
Valuation_ Breakdown Statement. Identification. Identifier,1,1
Valuation_ Breakdown Statement. Name. Text,1,1
Valuation_ Breakdown Statement. Description. Text,0,unbounded
Valuation_ Breakdown Statement. Measurement Method_ Identification. Identifier,0,unbounded
Valuation_ Breakdown Statement. Creation. Date Time,1,1
Valuation_ Breakdown Statement. Default_ Currency. Code,1,1
Valuation_ Breakdown Statement. Default_ Language. Code,1,1
Valuation_ Breakdown Statement. Comment. Text,0,unbounded
Valuation_ Breakdown Statement. Type. Code,0,unbounded
Valuation_ Breakdown Statement. Requested Action. Code,0,unbounded
Valuation_ Breakdown Statement. Price List_ Identification. Identifier,0,1
Valuation_ Breakdown Statement. Contractual Language. Code,0,1
Valuation_ Breakdown Statement. Item. Grouped_ Work Item,0,unbounded
Valuation_ Breakdown Statement. Item. Basic_ Work Item,0,unbounded
Valuation_ Breakdown Statement. Total. Calculated_ Price,0,unbounded
Valuation_ Breakdown Statement. Creation. Identified_ Binary File,0,unbounded
Valuation_ Breakdown Statement. Reader. Identified_ Binary File,0,unbounded
Valuation_ Breakdown Statement. Changed. Recorded_ Status,0,unbounded
Valuation_ Breakdown Statement. Referenced. Identified_ Binary File,0,unbounded
Valuation_ Breakdown Statement. Creation. Specified_ Binary File,0,unbounded
Valuation_ Breakdown Statement. Reader. Specified_ Binary File,0,unbounded
Valuation_ Breakdown Statement. Referenced. Specified_ Binary File,0,unbounded
Vapour Density Range_ Measurement. Details,,
Vapour Density Range_ Measurement. Lower Limit_ Comparison Operator. Code,0,1
Vapour Density Range_ Measurement. Upper Limit_ Comparison Operator. Code,0,1
Vapour Density Range_ Measurement. Lower Limit_ Actual. Measure,0,1
Vapour Density Range_ Measurement. Upper Limit_ Actual. Measure,0,1
Vapour Density Range_ Measurement. Test_ Method. Text,0,1
Vapour Density Range_ Measurement. Description. Text,0,1
Vapour Pressure Range_ Measurement. Details,,
Vapour Pressure Range_ Measurement. Lower Limit_ Comparison Operator. Code,0,1
Vapour Pressure Range_ Measurement. Upper Limit_ Comparison Operator. Code,0,1
Vapour Pressure Range_ Measurement. Lower Limit_ Actual. Measure,0,1
Vapour Pressure Range_ Measurement. Upper Limit_ Actual. Measure,0,1
Vapour Pressure Range_ Measurement. Test_ Method. Text,0,1
Vapour Pressure Range_ Measurement. Description. Text,0,1
Variance_ Reporting Threshold. Details,,
Variance_ Reporting Threshold. Identification. Identifier,1,1
Variance_ Reporting Threshold. Name. Text,0,1
Variance_ Reporting Threshold. Description. Text,0,1
Variance_ Reporting Threshold. Trigger Type. Code,0,1
Variance_ Reporting Threshold. Cost Reporting. Code,0,1
Variance_ Reporting Threshold. Current Cost_ Minimum Variance. Amount,0,1
Variance_ Reporting Threshold. Current Schedule_ Minimum Variance. Amount,0,1
Variance_ Reporting Threshold. Cumulative Schedule_ Minimum Variance. Amount,0,1
Variance_ Reporting Threshold. Cumulative Cost_ Minimum Variance. Amount,0,1
Variance_ Reporting Threshold. At Complete_ Minimum Variance. Amount,0,1
Variance_ Reporting Threshold. Current Cost_ Minimum Variance. Percent,0,1
Variance_ Reporting Threshold. Current Schedule_ Minimum Variance. Percent,0,1
Variance_ Reporting Threshold. Cumulative Cost_ Minimum Variance. Percent,0,1
Variance_ Reporting Threshold. Cumulative Schedule_ Minimum Variance. Percent,0,1
Variance_ Reporting Threshold. At Complete_ Minimum Variance. Percent,0,1
Variance_ Reporting Threshold. Applied. Reporting_ Data Node,0,unbounded
Vehicle_ Transport Means. Details,,
Vehicle_ Transport Means. Identification. Identifier,1,1
Vehicle_ Transport Means. Registration Country_ Identification. Identifier,1,1
Vehicle_ Transport Means. Name. Text,0,1
Vehicle_ Transport Means. Type. Code,1,1
Vehicle_ Transport Means. Role. Code,0,1
Vehicle_ Transport Means. Transport Equipment. Identifier,0,unbounded
Vehicle_ Transport Means. Owner. Sales_ Party,1,1
Vehicle_ Transport Means. Specified. Contact_ Party,0,unbounded
Vessel Administrative_ Characteristic. Details,,
Vessel Administrative_ Characteristic. Type. Code,1,1
Vessel Administrative_ Characteristic. Description. Text,0,unbounded
Vessel Administrative_ Characteristic. Value. Measure,0,1
Vessel Administrative_ Characteristic. Value. Text,0,1
Vessel Administrative_ Characteristic. Value. Code,0,1
Vessel Administrative_ Characteristic. Value. Date Time,0,1
Vessel Administrative_ Characteristic. Value. Indicator,0,1
Vessel Administrative_ Characteristic. Value. Quantity,0,1
Vessel Administrative_ Characteristic. Value. FLUX_ Binary File,0,1
Vessel Equipment_ Characteristic. Details,,
Vessel Equipment_ Characteristic. Type. Code,1,1
Vessel Equipment_ Characteristic. Description. Text,0,unbounded
Vessel Equipment_ Characteristic. Value. Measure,0,1
Vessel Equipment_ Characteristic. Value. Text,0,unbounded
Vessel Equipment_ Characteristic. Value. Code,0,unbounded
Vessel Equipment_ Characteristic. Value. Date Time,0,1
Vessel Equipment_ Characteristic. Value. Indicator,0,1
Vessel Equipment_ Characteristic. Value. Quantity,0,1
Vessel Equipment_ Characteristic. Value. FLUX_ Binary File,0,1
Vessel Historical_ Characteristic. Details,,
Vessel Historical_ Characteristic. Type. Code,1,1
Vessel Historical_ Characteristic. Description. Text,0,unbounded
Vessel Historical_ Characteristic. Value. Text,0,1
Vessel Historical_ Characteristic. Value. Indicator,0,1
Vessel Historical_ Characteristic. Value. Code,0,1
Vessel Historical_ Characteristic. Value. Date Time,0,1
Vessel Historical_ Characteristic. Value. Measure,0,1
Vessel Historical_ Characteristic. Value. Quantity,0,1
Vessel Position_ Event. Details,,
Vessel Position_ Event. Obtained_ Occurrence. Date Time,1,1
Vessel Position_ Event. Type. Code,1,1
Vessel Position_ Event. Speed_ Value. Measure,0,1
Vessel Position_ Event. Course_ Value. Measure,0,1
Vessel Position_ Event. Activity_ Type. Code,0,1
Vessel Position_ Event. Specified. Vessel_ Geographical Coordinate,1,1
Vessel Position_ Query. Details,,
Vessel Position_ Query. Identification. Identifier,1,1
Vessel Position_ Query. Submitted. Date Time,1,1
Vessel Position_ Query. Type. Code,0,1
Vessel Position_ Query. Submitter. FLUX_ Party,0,1
Vessel Position_ Query. Specified. Delimited_ Period,0,1
Vessel Position_ Query. Specified. FLUX_ Location,0,unbounded
Vessel Position_ Query. Subject. Vessel_ Identity,0,1
Vessel Storage_ Characteristic. Details,,
Vessel Storage_ Characteristic. Type. Code,0,unbounded
Vessel Storage_ Characteristic. Method_ Type. Code,0,1
Vessel Storage_ Characteristic. Capacity_ Value. Measure,0,unbounded
Vessel Storage_ Characteristic. Temperature_ Value. Measure,0,unbounded
Vessel Storage_ Characteristic. Unit_ Value. Quantity,0,1
Vessel Storage_ Characteristic. Identification. Identifier,0,1
Vessel Technical_ Characteristic. Details,,
Vessel Technical_ Characteristic. Type. Code,0,1
Vessel Technical_ Characteristic. Description. Text,0,unbounded
Vessel Technical_ Characteristic. Value. Measure,0,1
Vessel Technical_ Characteristic. Value. Text,0,1
Vessel Technical_ Characteristic. Value. Code,0,1
Vessel Technical_ Characteristic. Value. Date Time,0,1
Vessel Technical_ Characteristic. Value. Indicator,0,1
Vessel Technical_ Characteristic. Value. Quantity,0,1
Vessel Technical_ Characteristic. Value. FLUX_ Binary File,0,1
Vessel_ Country. Details,,
Vessel_ Country. Identification. Identifier,1,1
Vessel_ Crew. Details,,
Vessel_ Crew. Type. Code,0,1
Vessel_ Crew. Member. Quantity,0,1
Vessel_ Crew. Minimum_ Size. Quantity,0,1
Vessel_ Crew. Maximum_ Size. Quantity,0,1
Vessel_ Crew. On Deck_ Size. Quantity,0,1
Vessel_ Crew. Above Deck_ Size. Quantity,0,1
Vessel_ Dimension. Details,,
Vessel_ Dimension. Type. Code,1,1
Vessel_ Dimension. Value. Measure,1,1
Vessel_ Engine. Details,,
Vessel_ Engine. Serial Number. Identifier,0,1
Vessel_ Engine. Type. Code,0,1
Vessel_ Engine. Role. Code,0,1
Vessel_ Engine. Propulsion_ Type. Code,0,1
Vessel_ Engine. Power. Measure,0,unbounded
Vessel_ Engine. Power Measurement Method. Code,0,1
Vessel_ Engine. Manufacturer. Code,0,1
Vessel_ Engine. Model. Text,0,1
Vessel_ Engine. Manufacturer. Text,0,1
Vessel_ Engine. Illustrate. FLUX_ Picture,0,unbounded
Vessel_ Event. Details,,
Vessel_ Event. Vessel_ Identification. Identifier,0,1
Vessel_ Event. Type. Code,0,1
Vessel_ Event. Description. Text,0,unbounded
Vessel_ Event. Occurrence. Date Time,0,1
Vessel_ Event. Identification. Identifier,0,unbounded
Vessel_ Event. Discrete. Delimited_ Period,0,1
Vessel_ Event. Related. Validation Result_ Document,0,1
Vessel_ Event. Related. Vessel Historical_ Characteristic,0,unbounded
Vessel_ Event. Related. Vessel_ Transport Means,0,1
Vessel_ Event. Related. Validation_ Quality Analysis,0,unbounded
Vessel_ Geographical Coordinate. Details,,
Vessel_ Geographical Coordinate. Altitude. Measure,0,1
Vessel_ Geographical Coordinate. Latitude. Measure,1,1
Vessel_ Geographical Coordinate. Longitude. Measure,1,1
Vessel_ Geographical Coordinate. System. Identifier,0,1
Vessel_ Identity. Details,,
Vessel_ Identity. Vessel_ Identification. Identifier,0,unbounded
Vessel_ Identity. Vessel_ Name. Text,0,unbounded
Vessel_ Identity. Vessel Registration Country_ Identification. Identifier,0,1
Vessel_ Identity. Vessel_ Type. Code,0,1
Vessel_ Query Parameter. Details,,
Vessel_ Query Parameter. Search_ Type. Code,0,1
Vessel_ Query. Details,,
Vessel_ Query. Submitted. Date Time,1,1
Vessel_ Query. Type. Code,1,1
Vessel_ Query. Identification. Identifier,1,1
Vessel_ Query. Submitter. FLUX_ Party,0,1
Vessel_ Query. Simple. Vessel_ Query Parameter,0,unbounded
Vessel_ Query. Compound. Logical_ Query Parameter,0,unbounded
Vessel_ Query. Subject. Vessel_ Identity,0,1
Vessel_ Query. Specified. Delimited_ Period,0,1
Vessel_ Transport Charter. Details,,
Vessel_ Transport Charter. Type. Code,1,1
Vessel_ Transport Charter. Applicable. Delimited_ Period,0,unbounded
Vessel_ Transport Charter. Specified. Contact_ Party,0,unbounded
Vessel_ Transport Means. Details,,
Vessel_ Transport Means. Identification. Identifier,1,unbounded
Vessel_ Transport Means. Name. Text,0,unbounded
Vessel_ Transport Means. Type. Code,0,unbounded
Vessel_ Transport Means. Commissioning. Date Time,0,1
Vessel_ Transport Means. Operational Status. Code,0,1
Vessel_ Transport Means. Hull Material. Code,0,1
Vessel_ Transport Means. Draught. Measure,0,1
Vessel_ Transport Means. Speed. Measure,0,1
Vessel_ Transport Means. Trawling_ Speed. Measure,0,1
Vessel_ Transport Means. Role. Code,0,1
Vessel_ Transport Means. Registration. Vessel_ Country,0,1
Vessel_ Transport Means. Specified. Vessel Position_ Event,0,unbounded
Vessel_ Transport Means. Specified. Registration_ Event,0,unbounded
Vessel_ Transport Means. Specified. Construction_ Event,0,1
Vessel_ Transport Means. Attached. Vessel_ Engine,0,unbounded
Vessel_ Transport Means. Specified. Vessel_ Dimension,0,unbounded
Vessel_ Transport Means. On Board. Fishing_ Gear,0,unbounded
Vessel_ Transport Means. Applicable. Vessel Equipment_ Characteristic,0,unbounded
Vessel_ Transport Means. Applicable. Vessel Administrative_ Characteristic,0,unbounded
Vessel_ Transport Means. Illustrate. FLUX_ Picture,0,unbounded
Vessel_ Transport Means. Specified. Contact_ Party,0,unbounded
Vessel_ Transport Means. Specified. Vessel_ Crew,0,1
Vessel_ Transport Means. Applicable. Vessel Storage_ Characteristic,0,unbounded
Vessel_ Transport Means. Applicable. Vessel Technical_ Characteristic,0,unbounded
Vessel_ Transport Means. Granted. FLAP_ Document,0,unbounded
Vessel_ Transport Means. Specified. FLUX_ Location,0,unbounded
Vessel_ Transport Means. Specified. FA_ Catch,0,unbounded
Veterinarian_ Event. Details,,
Veterinarian_ Event. Type. Code,1,1
Veterinarian_ Event. Occurrence. Date Time,1,1
Viscosity Range_ Measurement. Details,,
Viscosity Range_ Measurement. Lower Limit_ Comparison Operator. Code,0,1
Viscosity Range_ Measurement. Upper Limit_ Comparison Operator. Code,0,1
Viscosity Range_ Measurement. Lower Limit_ Actual. Measure,0,1
Viscosity Range_ Measurement. Upper Limit_ Actual. Measure,0,1
Viscosity Range_ Measurement. Test_ Method. Text,0,1
Viscosity Range_ Measurement. Lower Limit Temperature_ Condition. Measure,0,1
Viscosity Range_ Measurement. Upper Limit Temperature_ Condition. Measure,0,1
Viscosity Range_ Measurement. Type. Code,0,1
Viscosity Range_ Measurement. Description. Text,0,1
Volatile Organic Compound_ Goods Characteristic. Details,,
Volatile Organic Compound_ Goods Characteristic. Constituent. Percent,0,1
Volatile Organic Compound_ Goods Characteristic. Molecular_ Weight. Measure,0,1
Volatile Organic Compound_ Goods Characteristic. Volume. Measure,0,1
Volume_ Measurement. Details,,
Volume_ Measurement. Value. Measure,0,1
Volume_ Measurement. Quantification Type. Code,0,1
Waste Export_ Event. Details,,
Waste Export_ Event. Related. TMW_ Party,1,1
Waste Generation_ Event. Details,,
Waste Generation_ Event. Related. TMW_ Party,0,1
Waste Generation_ Event. Occurrence. TMW_ Location,0,1
Waste Generation_ Event. Applied. Waste Origin_ Process,0,1
Waste Import_ Event. Details,,
Waste Import_ Event. Related. TMW_ Party,1,1
Waste Material Recovery Disposal_ Process. Details,,
Waste Material Recovery Disposal_ Process. Type. Code,0,1
Waste Material Recovery Disposal_ Process. Description. Text,0,unbounded
Waste Material Recovery Disposal_ Process. Applicable. Process_ Certificate,0,unbounded
Waste Origin_ Process. Details,,
Waste Origin_ Process. Description. Text,0,1
Waste Recovery Disposal_ Event. Details,,
Waste Recovery Disposal_ Event. Related. TMW_ Party,0,1
Waste Recovery Disposal_ Event. Occurrence. TMW_ Location,0,1
Waste Recovery Disposal_ Event. Applied. Waste Recovery Disposal_ Process,0,1
Waste Recovery Disposal_ Process. Details,,
Waste Recovery Disposal_ Process. Type. Code,0,unbounded
Waste Recovery Disposal_ Process. Description. Text,0,1
Water_ Source. Details,,
Water_ Source. Name. Text,0,unbounded
Water_ Source. Identification. Identifier,0,1
Water_ Source. Category. Code,0,1
Water_ Source. Characteristic. Code,0,1
Water_ Source. Marketing Phrase. Text,0,unbounded
Water_ Source. Health_ Benefit. Text,0,unbounded
Water_ Source. Bathing Prohibition_ Caution. Text,0,unbounded
Water_ Source. Drinking Prohibition_ Caution. Text,0,unbounded
Water_ Source. Description. Text,0,unbounded
Water_ Source. Characteristic. Text,0,unbounded
Waypoint_ Location. Details,,
Waypoint_ Location. Name. Text,0,1
Waypoint_ Location. Type. Text,0,1
Waypoint_ Location. Description. Text,0,1
Waypoint_ Location. Physical. Basic_ Geographical Coordinate,0,1
Waypoint_ Location. Postal. Post Code_ Address,0,1
Website_ Communication. Details,,
Website_ Communication. Website_ URI. Identifier,0,1
Work Item_ Complex Description. Details,,
Work Item_ Complex Description. Abstract. Text,0,unbounded
Work Item_ Complex Description. Content. Text,0,unbounded
Work Item_ Complex Description. Contractual Language. Code,0,1
Work Item_ Complex Description. Requesting. Specification_ Query,0,unbounded
Work Item_ Complex Description. Responding. Specification_ Response,0,unbounded
Work Item_ Complex Description. Subset. Work Item_ Complex Description,0,1
Work Item_ Dimension. Details,,
Work Item_ Dimension. Identification. Identifier,0,1
Work Item_ Dimension. Value. Measure,1,1
Work Item_ Dimension. Description. Text,0,1
Work Item_ Dimension. Type. Code,1,1
Work Item_ Dimension. Contractual Language. Code,0,1
Work Item_ Dimension. Component. Work Item_ Dimension,0,unbounded
Work Item_ Quantity Analysis. Details,,
Work Item_ Quantity Analysis. Identification. Identifier,1,1
Work Item_ Quantity Analysis. Actual. Quantity,0,1
Work Item_ Quantity Analysis. Description. Text,0,1
Work Item_ Quantity Analysis. Actual Quantity. Percent,0,1
Work Item_ Quantity Analysis. Status. Code,0,1
Work Item_ Quantity Analysis. Type. Code,0,1
Work Item_ Quantity Analysis. Primary_ Classification. Code,0,unbounded
Work Item_ Quantity Analysis. Alternative_ Classification. Code,0,unbounded
Work Item_ Quantity Analysis. Contractual Language. Code,0,1
Work Item_ Quantity Analysis. Actual Quantity. Work Item_ Dimension,0,unbounded
Work Item_ Quantity Analysis. Breakdown. Work Item_ Quantity Analysis,0,unbounded
Work Item_ Quantity Analysis. Changed. Recorded_ Status,0,unbounded
XHE_ Context. Details,,
XHE_ Context. Specified. XHE_ Parameter,0,unbounded
XHE_ Context. Scope. XHE_ Reference,0,unbounded
XHE_ Document. Details,,
XHE_ Document. Identification. Identifier,1,1
XHE_ Document. UUID. Identifier,0,1
XHE_ Document. Creation. Date Time,1,1
XHE_ Document. Test. Indicator,0,1
XHE_ Document. Sender. XHE_ Party,0,1
XHE_ Document. Recipient. XHE_ Party,1,unbounded
XHE_ Document. Scope. XHE_ Context,0,unbounded
XHE_ Envelope. Details,,
XHE_ Envelope. Version. Identifier,1,1
XHE_ Envelope. Customization. Identifier,0,1
XHE_ Envelope. Profile. Identifier,0,1
XHE_ Envelope. Profile Execution. Identifier,0,1
XHE_ Envelope. Payload Included. Indicator,0,1
XHE_ Envelope. Metadata. XHE_ Document,1,1
XHE_ Envelope. Included. XHE_ Payload,0,1
XHE_ Identity. Details,,
XHE_ Identity. Identification. Identifier,1,1
XHE_ Parameter. Details,,
XHE_ Parameter. Type. Code,1,1
XHE_ Parameter. Value. Text,1,1
XHE_ Party. Details,,
XHE_ Party. Specified. XHE_ Identity,1,unbounded
XHE_ Payload Instance. Details,,
XHE_ Payload Instance. Identification. Identifier,0,1
XHE_ Payload Instance. Description. Text,0,unbounded
XHE_ Payload Instance. Document_ Type. Code,0,1
XHE_ Payload Instance. Content_ Type. Code,0,1
XHE_ Payload Instance. Customization. Identifier,0,1
XHE_ Payload Instance. Profile. Identifier,0,1
XHE_ Payload Instance. Profile Execution. Identifier,0,1
XHE_ Payload Instance. Handling Service. Identifier,0,1
XHE_ Payload Instance. Validation_ Type. Code,0,1
XHE_ Payload Instance. Validation Version. Identifier,0,1
XHE_ Payload Instance. Encrypted. Indicator,1,1
XHE_ Payload Instance. Encryption Method. Code,0,1
XHE_ Payload Instance. Encryption Method. Text,0,1
XHE_ Payload Instance. Encryption Hash Value. Text,0,1
XHE_ Payload Instance. Decryption. XHE_ Reference,0,1
XHE_ Payload Instance. Decryption Key. XHE_ Reference,0,1
XHE_ Payload Instance. Relevant. XHE_ Reference,0,unbounded
XHE_ Payload Instance. Payload. XHE_ Reference,0,1
XHE_ Payload. Details,,
XHE_ Payload. Included. XHE_ Payload Instance,1,unbounded
XHE_ Reference. Details,,
XHE_ Reference. Identification. Identifier,1,1
XHE_ Reference. Start_ Availability. Date Time,0,1
XHE_ Reference. End_ Availability. Date Time,0,1
XHE_ Reference. Login. Text,0,1
XHE_ Reference. Password. Text,0,1
,,
